"id","name","swings_competitive","percent_swings_competitive","contact","avg_bat_speed","hard_swing_rate","squared_up_per_bat_contact","squared_up_per_swing","blast_per_bat_contact","blast_per_swing","swing_length","swords","batter_run_value","whiffs","whiff_per_swing","batted_ball_events","batted_ball_event_per_swing"
691406,"Caminero, Junior",348,0.9133858267716536,280,"79.842507845",0.8793103448275861,0.2892857142857143,0.23275862068965517,0.2392857142857143,0.1925287356321839,"8.525942787",4,1.9108960093348424,,NaN,153,0.4396551724137931
691023,"Walker, Jordan",397,0.9043280182232346,286,"78.942611612",0.8513853904282115,0.3041958041958042,0.21914357682619648,0.23076923076923078,0.16624685138539042,"8.279240907",8,10.007372971825243,,NaN,146,0.3677581863979849
665833,"Cruz, Oneil",411,0.9052863436123348,257,"78.410594623",0.7737226277372261,0.3540856031128405,0.22141119221411193,0.25680933852140075,0.16058394160583941,"7.627147178",6,-0.23009175787858105,,NaN,127,0.30900243309002434
701762,"Kurtz, Nick",395,0.9059633027522935,263,"77.994608911",0.7949367088607595,0.2813688212927757,0.18734177215189873,0.23193916349809887,0.15443037974683543,"7.787704633",10,-0.9842310293917089,,NaN,120,0.3037974683544304
666176,"Adell, Jo",460,0.9019607843137255,353,"77.334828478",0.7043478260869565,0.254957507082153,0.1956521739130435,0.1558073654390935,0.11956521739130435,"7.956772913",9,-9.792359907598286,,NaN,158,0.34347826086956523
701358,"Smith, Cam",374,0.9033816425120773,264,"77.228624332",0.7379679144385027,0.2689393939393939,0.18983957219251338,0.1553030303030303,0.10962566844919786,"7.718137406",7,-11.777421301240805,,NaN,126,0.33689839572192515
656941,"Schwarber, Kyle",394,0.8995433789954338,283,"77.043553985",0.7538071065989849,0.2332155477031802,0.16751269035532995,0.1696113074204947,0.1218274111675127,"7.459192563",19,6.88214117057071,,NaN,119,0.3020304568527919
669003,"Mitchell, Garrett",271,0.9003322259136213,172,"76.846758635",0.7601476014760148,0.27325581395348836,0.17343173431734318,0.19767441860465115,0.12546125461254612,"7.236591365",5,-8.607140271773538,,NaN,74,0.2730627306273063
641343,"Bauers, Jake",286,0.9079365079365079,221,"76.79799979",0.7377622377622377,0.37104072398190047,0.2867132867132867,0.22171945701357465,0.17132867132867133,"7.675482587",11,-2.375589733850498,,NaN,122,0.42657342657342656
695506,"Caglianone, Jac",305,0.9050445103857567,210,"76.624608623",0.6885245901639343,0.35714285714285715,0.2459016393442623,0.2571428571428571,0.17704918032786884,"7.916527148",7,-5.184560603809858,,NaN,110,0.36065573770491804
677594,"Rodríguez, Julio",464,0.90625,342,"76.519157974",0.6616379310344828,0.26608187134502925,0.1961206896551724,0.1871345029239766,0.13793103448275862,"7.785946703",7,-0.9863709466939488,,NaN,167,0.3599137931034483
695578,"Wood, James",392,0.8990825688073395,284,"76.451886684",0.6505102040816326,0.3485915492957746,0.25255102040816324,0.23943661971830985,0.17346938775510204,"7.403035867",17,0.7392763638737838,,NaN,135,0.34438775510204084
665489,"Guerrero Jr., Vladimir",377,0.90625,306,"76.283687215",0.6419098143236075,0.3104575163398693,0.2519893899204244,0.18627450980392157,0.15119363395225463,"7.52373504",1,-7.791285079276445,,NaN,171,0.4535809018567639
575929,"Contreras, Willson",384,0.9035294117647059,277,"76.22482099",0.6640624999999999,0.259927797833935,0.1875,0.17689530685920576,0.12760416666666666,"7.882742057",10,2.905927730484316,,NaN,137,0.3567708333333333
592450,"Judge, Aaron",411,0.9032967032967033,286,"76.117314599",0.6447688564476884,0.3181818181818182,0.22141119221411193,0.2097902097902098,0.145985401459854,"8.116783285",12,6.569011158879414,,NaN,130,0.31630170316301703
695657,"Montgomery, Colson",408,0.9006622516556292,266,"76.087304902",0.6299019607843136,0.2631578947368421,0.1715686274509804,0.17669172932330826,0.11519607843137254,"7.826671152",15,-1.7940428689474188,,NaN,135,0.33088235294117646
670541,"Alvarez, Yordan",382,0.9204819277108434,311,"76.011814162",0.6099476439790577,0.3086816720257235,0.2513089005235602,0.21864951768488747,0.17801047120418848,"7.655924005",3,8.613943709485424,,NaN,158,0.41361256544502617
660670,"Acuña Jr., Ronald",329,0.8989071038251366,247,"76.005824347",0.6261398176291793,0.2874493927125506,0.21580547112462006,0.17813765182186234,0.1337386018237082,"7.617482432",12,-9.225435398966045,,NaN,119,0.3617021276595745
656305,"Chapman, Matt",357,0.9107142857142857,273,"75.847484314",0.5882352941176471,0.2271062271062271,0.17366946778711484,0.12454212454212454,0.09523809523809523,"7.310061289",7,-13.132666969195176,,NaN,137,0.38375350140056025
804606,"Griffin, Konnor",353,0.9005102040816326,250,"75.461581898",0.5637393767705381,0.252,0.17847025495750707,0.132,0.09348441926345609,"7.682086997",9,-3.455106867934655,,NaN,123,0.34844192634560905
670042,"Raley, Luke",294,0.901840490797546,170,"75.409197687",0.5748299319727892,0.31176470588235294,0.18027210884353742,0.21176470588235294,0.12244897959183673,"7.333236497",4,1.4095829332432352,,NaN,86,0.2925170068027211
670242,"Wallner, Matt",259,0.9024390243902439,154,"75.397423745",0.5752895752895754,0.22077922077922077,0.13127413127413126,0.12987012987012986,0.07722007722007722,"7.543091776",15,-10.194097732624925,,NaN,64,0.2471042471042471
663586,"Riley, Austin",423,0.9019189765458422,293,"75.391268629",0.541371158392435,0.31399317406143346,0.21749408983451538,0.17064846416382254,0.1182033096926714,"7.548020615",9,-14.743489689981544,,NaN,139,0.32860520094562645
682985,"Greene, Riley",409,0.9088888888888889,290,"75.327624499",0.5574572127139366,0.28620689655172415,0.20293398533007334,0.17586206896551723,0.12469437652811736,"7.273195428",7,-2.3180035034778457,,NaN,125,0.3056234718826406
696100,"Goodman, Hunter",400,0.9090909090909091,269,"75.290086575",0.5425,0.24907063197026022,0.1675,0.14869888475836432,0.1,"7.443798775",8,-1.6164341967029112,,NaN,111,0.2775
665487,"Tatis Jr., Fernando",354,0.9007633587786259,256,"75.268429209",0.5734463276836157,0.33984375,0.2457627118644068,0.22265625,0.16101694915254236,"7.366264407",12,-9.162455168129815,,NaN,143,0.403954802259887
545361,"Trout, Mike",362,0.9027431421446384,297,"75.245672845",0.5414364640883977,0.27946127946127947,0.2292817679558011,0.18518518518518517,0.15193370165745856,"7.662114448",10,-0.4637389961950578,,NaN,136,0.3756906077348066
669127,"Langeliers, Shea",391,0.9093023255813953,289,"75.197029949",0.5268542199488492,0.3217993079584775,0.23785166240409208,0.1903114186851211,0.14066496163682865,"7.22855734",2,2.6112241525084814,,NaN,151,0.38618925831202044
680776,"Duran, Jarren",368,0.8997555012224939,253,"75.17922462",0.5217391304347826,0.31225296442687744,0.21467391304347827,0.18972332015810275,0.13043478260869565,"7.618731141",8,-12.520626117326653,,NaN,137,0.37228260869565216
808959,"Murakami, Munetaka",399,0.9006772009029346,239,"75.168679624",0.5438596491228069,0.3389121338912134,0.20300751879699247,0.23430962343096234,0.14035087719298245,"7.9030701",12,-1.3583180014069425,,NaN,111,0.2781954887218045
682998,"Carroll, Corbin",340,0.9115281501340483,252,"75.093250029",0.5558823529411765,0.3373015873015873,0.25,0.1746031746031746,0.12941176470588237,"7.577131265",3,4.590108570368107,,NaN,135,0.39705882352941174
694212,"Basallo, Samuel",281,0.9006410256410257,200,"75.077264982",0.5409252669039146,0.37,0.26334519572953735,0.225,0.1601423487544484,"7.612570391",7,2.999722250923747,,NaN,107,0.3807829181494662
686948,"Baldwin, Drake",370,0.9024390243902439,292,"75.027941135",0.5324324324324324,0.3424657534246575,0.2702702702702703,0.21232876712328766,0.16756756756756758,"7.281657784",9,7.437520926993184,,NaN,136,0.3675675675675676
671739,"Harris II, Michael",366,0.905940594059406,276,"74.990891913",0.5,0.358695652173913,0.27049180327868855,0.25,0.1885245901639344,"8.204459317",7,0.04994107330351527,,NaN,147,0.4016393442622951
683146,"Baty, Brett",317,0.9031339031339032,233,"74.860721861",0.5362776025236593,0.30042918454935624,0.22082018927444794,0.1459227467811159,0.10725552050473186,"7.416636562",9,-7.585351347988775,,NaN,112,0.35331230283911674
669394,"Burger, Jake",378,0.9021479713603818,253,"74.842745",0.5238095238095237,0.34782608695652173,0.2328042328042328,0.2134387351778656,0.14285714285714285,"7.43280463",20,-1.9736988289709958,,NaN,144,0.38095238095238093
624585,"Soler, Jorge",387,0.9042056074766355,260,"74.785248165",0.5116279069767442,0.25769230769230766,0.1731266149870801,0.15384615384615385,0.10335917312661498,"8.045511835",4,-6.393396376754982,,NaN,123,0.3178294573643411
621566,"Olson, Matt",452,0.905811623246493,357,"74.759838429",0.49557522123893805,0.2969187675070028,0.2345132743362832,0.20168067226890757,0.1592920353982301,"7.512065398",14,2.086926351309598,,NaN,162,0.3584070796460177
691785,"Mayer, Marcelo",264,0.9072164948453608,196,"74.753380568",0.5113636363636364,0.29081632653061223,0.2159090909090909,0.12755102040816327,0.0946969696969697,"7.911412689",7,-8.331184174409987,,NaN,113,0.42803030303030304
682829,"De La Cruz, Elly",374,0.9055690072639225,273,"74.739614599",0.4759358288770054,0.3516483516483517,0.25668449197860965,0.2271062271062271,0.1657754010695187,"7.200804171",7,7.11631069299705,,NaN,142,0.37967914438502676
657757,"Sheets, Gavin",270,0.903010033444816,219,"74.663196444",0.4740740740740741,0.2922374429223744,0.23703703703703705,0.1415525114155251,0.11481481481481481,"7.750733259",5,-0.8505057836427223,,NaN,107,0.3962962962962963
663728,"Raleigh, Cal",373,0.9009661835748792,265,"74.652923405",0.48257372654155495,0.19245283018867926,0.13672922252010725,0.09056603773584905,0.064343163538874,"7.824608257",7,-17.776275352324205,,NaN,98,0.26273458445040215
660271,"Ohtani, Shohei",379,0.9045346062052506,274,"74.633198971",0.48548812664907653,0.3722627737226277,0.2691292875989446,0.20072992700729927,0.14511873350923482,"7.812677836",6,-2.3430703123565517,,NaN,139,0.36675461741424803
683357,"Caissie, Owen",280,0.9032258064516129,189,"74.610525714",0.5,0.25396825396825395,0.17142857142857143,0.14285714285714285,0.09642857142857143,"7.090941107",12,-4.6395192626125725,,NaN,77,0.275
695600,"Jensen, Carter",311,0.8988439306358381,217,"74.587121093",0.4501607717041801,0.3087557603686636,0.21543408360128619,0.11981566820276497,0.08360128617363344,"7.125138617",15,-10.528940215627687,,NaN,105,0.33762057877813506
691718,"Crow-Armstrong, Pete",422,0.9017094017094017,323,"74.559747014",0.48578199052132703,0.28792569659442724,0.22037914691943128,0.17027863777089783,0.13033175355450238,"7.311865806",20,-10.121018654666585,,NaN,137,0.3246445497630332
641857,"McMahon, Ryan",260,0.8996539792387543,190,"74.480946423",0.4692307692307693,0.33157894736842103,0.2423076923076923,0.18421052631578946,0.1346153846153846,"7.317790154",13,-5.410689176336829,,NaN,93,0.3576923076923077
669065,"Stowers, Kyle",274,0.9072847682119205,191,"74.474070438",0.437956204379562,0.3036649214659686,0.2116788321167883,0.18848167539267016,0.13138686131386862,"6.715789307",7,-7.5031217312788865,,NaN,89,0.3248175182481752
699912,"Fernandez, Jose",247,0.9080882352941176,193,"74.427251538",0.4655870445344129,0.3005181347150259,0.23481781376518218,0.13989637305699482,0.10931174089068826,"7.795222834",3,-4.337922778359243,,NaN,99,0.4008097165991903
683002,"Henderson, Gunnar",460,0.9019607843137255,351,"74.411443435",0.44130434782608696,0.2905982905982906,0.2217391304347826,0.14814814814814814,0.11304347826086956,"7.41506887",8,-5.58337469136692,,NaN,167,0.3630434782608696
624413,"Alonso, Pete",409,0.910913140311804,303,"74.389378875",0.430317848410758,0.35973597359735976,0.2665036674816626,0.23432343234323433,0.17359413202933985,"7.190853423",10,-11.808550346041486,,NaN,151,0.3691931540342298
671056,"Herrera, Iván",370,0.9068627450980392,300,"74.351206108",0.4594594594594594,0.31666666666666665,0.25675675675675674,0.16,0.12972972972972974,"7.827854162",7,-6.181109116789006,,NaN,155,0.4189189189189189
606466,"Marte, Ketel",352,0.9072164948453608,278,"74.330620455",0.4318181818181819,0.3345323741007194,0.26420454545454547,0.21942446043165467,0.17329545454545456,"7.734602841",4,-4.191257741402627,,NaN,157,0.4460227272727273
592518,"Machado, Manny",370,0.9046454767726161,284,"74.266791351",0.3945945945945946,0.2746478873239437,0.21081081081081082,0.14084507042253522,0.10810810810810811,"7.840351243",13,-12.223252953754017,,NaN,130,0.35135135135135137
666160,"Moniak, Mickey",297,0.9,225,"74.13278037",0.43434343434343436,0.31555555555555553,0.23905723905723905,0.1288888888888889,0.09764309764309764,"7.817987811",5,11.76481421041537,,NaN,108,0.36363636363636365
691016,"Soderstrom, Tyler",362,0.905,287,"74.11664174",0.4171270718232044,0.3205574912891986,0.2541436464088398,0.17770034843205576,0.1408839779005525,"7.485470442",10,-8.938010364774431,,NaN,153,0.42265193370165743
572233,"Walker, Christian",411,0.899343544857768,307,"74.112289367",0.4111922141119222,0.3322475570032573,0.24817518248175183,0.1986970684039088,0.14841849148418493,"7.386168564",16,2.2290868691744308,,NaN,165,0.40145985401459855
547180,"Harper, Bryce",429,0.9050632911392406,309,"74.074810559",0.4475524475524475,0.2815533980582524,0.20279720279720279,0.15857605177993528,0.11421911421911422,"7.417180396",4,-3.3836205955056045,,NaN,151,0.351981351981352
667670,"Rooker, Brent",265,0.9013605442176871,165,"74.004338792",0.41132075471698115,0.2727272727272727,0.16981132075471697,0.1696969696969697,0.10566037735849057,"7.079707887",6,-13.11747656450892,,NaN,87,0.3283018867924528
666139,"Lowe, Josh",271,0.9003322259136213,197,"73.998752841",0.40221402214022134,0.23857868020304568,0.17343173431734318,0.08121827411167512,0.05904059040590406,"7.590848266",4,-14.123441853227298,,NaN,81,0.2988929889298893
678246,"Vargas, Miguel",392,0.9053117782909931,318,"73.984058265",0.4413265306122449,0.3018867924528302,0.24489795918367346,0.16981132075471697,0.1377551020408163,"7.697864821",2,-3.6774643184843407,,NaN,148,0.37755102040816324
621439,"Buxton, Byron",389,0.9025522041763341,277,"73.741579974",0.3753213367609255,0.2996389891696751,0.2133676092544987,0.15162454873646208,0.10796915167095116,"8.060624267",8,-1.5131332625241618,,NaN,135,0.34704370179948585
677951,"Witt Jr., Bobby",393,0.8993135011441648,298,"73.668685318",0.4096692111959288,0.3724832214765101,0.2824427480916031,0.21140939597315436,0.16030534351145037,"6.986420254",7,-1.8343536913645075,,NaN,165,0.4198473282442748
677800,"Abreu, Wilyer",410,0.9090909090909091,329,"73.663414098",0.3707317073170732,0.3069908814589666,0.24634146341463414,0.14893617021276595,0.11951219512195121,"7.114779098",5,-5.602372819006119,,NaN,163,0.3975609756097561
672960,"Okamoto, Kazuma",390,0.9006928406466512,280,"73.633279205",0.3923076923076923,0.3357142857142857,0.24102564102564103,0.18571428571428572,0.13333333333333333,"7.877395026",14,-6.948668758120278,,NaN,128,0.3282051282051282
542303,"Ozuna, Marcell",312,0.9043478260869565,215,"73.546358077",0.3653846153846154,0.31627906976744186,0.21794871794871795,0.14883720930232558,0.10256410256410256,"7.502453558",3,-18.57396481123472,,NaN,108,0.34615384615384615
660821,"Sánchez, Jesús",307,0.9029411764705882,228,"73.49947785",0.44299674267100975,0.3157894736842105,0.23452768729641693,0.15350877192982457,0.11400651465798045,"6.879645668",3,-8.126907643985259,,NaN,107,0.3485342019543974
691781,"House, Brady",306,0.9053254437869822,213,"73.490428203",0.3137254901960785,0.2863849765258216,0.19934640522875818,0.14553990610328638,0.10130718954248366,"7.601360817",8,-6.804725553527997,,NaN,106,0.3464052287581699
701538,"Merrill, Jackson",395,0.9059633027522935,284,"73.448352127",0.3012658227848102,0.2605633802816901,0.18734177215189873,0.1267605633802817,0.09113924050632911,"7.607737089",5,-18.959098237080347,,NaN,122,0.30886075949367087
686555,"Collins, Isaac",242,0.8996282527881041,182,"73.434329298",0.3347107438016529,0.33516483516483514,0.25206611570247933,0.17582417582417584,0.1322314049586777,"6.791417314",11,-7.044933312831554,,NaN,103,0.4256198347107438
650490,"Díaz, Yandy",349,0.9136125654450262,307,"73.416320287",0.36103151862464183,0.3127035830618892,0.27507163323782235,0.19543973941368079,0.17191977077363896,"7.616548625",6,6.2355349058814,,NaN,157,0.4498567335243553
671732,"Butler, Lawrence",261,0.9,185,"73.389396705",0.33716475095785436,0.2648648648648649,0.18773946360153257,0.13513513513513514,0.09578544061302682,"7.029913985",8,-17.93071511770375,,NaN,83,0.31800766283524906
661388,"Contreras, William",343,0.9146666666666666,280,"73.355049708",0.3673469387755103,0.38571428571428573,0.31486880466472306,0.18214285714285713,0.14868804664723032,"7.185586414",4,-6.989860058201144,,NaN,169,0.49271137026239065
668901,"Vientos, Mark",331,0.914364640883978,234,"73.249041027",0.2537764350453173,0.36324786324786323,0.256797583081571,0.21794871794871795,0.1540785498489426,"7.510264804",9,-7.021820910594857,,NaN,129,0.38972809667673713
664040,"Lowe, Brandon",398,0.8984198645598194,279,"73.159286633",0.3718592964824121,0.34408602150537637,0.24120603015075376,0.1863799283154122,0.1306532663316583,"7.002643367",20,4.842262702253656,,NaN,142,0.35678391959798994
671277,"García Jr., Luis",319,0.9140401146131805,267,"73.066872382",0.32915360501567403,0.34831460674157305,0.29153605015673983,0.20224719101123595,0.16927899686520376,"7.366602351",4,-0.4279280157493399,,NaN,139,0.43573667711598746
694208,"Ballesteros, Moisés",247,0.9080882352941176,182,"72.999383239",0.4008097165991903,0.36813186813186816,0.27125506072874495,0.18681318681318682,0.13765182186234817,"7.160471822",8,-5.070753433653935,,NaN,98,0.3967611336032389
669236,"Jackson, Jeremiah",306,0.9080118694362018,230,"72.988328791",0.28758169934640526,0.3652173913043478,0.27450980392156865,0.1782608695652174,0.13398692810457516,"7.581302157",10,-6.158651176046345,,NaN,122,0.39869281045751637
679529,"Torkelson, Spencer",359,0.9065656565656566,269,"72.954226323",0.21727019498607247,0.29739776951672864,0.22284122562674094,0.1412639405204461,0.10584958217270195,"7.762523565",5,-12.171869018170689,,NaN,118,0.3286908077994429
669357,"Gorman, Nolan",375,0.8992805755395683,238,"72.9469568",0.3013333333333334,0.29831932773109243,0.18933333333333333,0.15126050420168066,0.096,"7.570891733",7,-12.797387368166056,,NaN,109,0.2906666666666667
662139,"Varsho, Daulton",374,0.9077669902912622,299,"72.90358516",0.28074866310160423,0.24414715719063546,0.19518716577540107,0.10367892976588629,0.08288770053475936,"7.623831096",3,-8.136637690627214,,NaN,139,0.3716577540106952
681624,"Pages, Andy",431,0.8997912317327766,344,"72.851158283",0.27146171693735505,0.3226744186046512,0.25754060324825984,0.1744186046511628,0.13921113689095127,"7.686620673",8,1.9093251437852772,,NaN,165,0.382830626450116
665862,"Chisholm Jr., Jazz",350,0.8997429305912596,250,"72.851085371",0.2771428571428572,0.332,0.23714285714285716,0.144,0.10285714285714286,"7.869543343",8,-9.839295646979108,,NaN,123,0.3514285714285714
668804,"Reynolds, Bryan",382,0.8988235294117647,290,"72.844302932",0.2879581151832461,0.30344827586206896,0.23036649214659685,0.16206896551724137,0.12303664921465969,"7.023934738",16,-4.976109722034918,,NaN,139,0.36387434554973824
677649,"Duran, Ezequiel",290,0.9034267912772586,207,"72.807208379",0.2931034482758621,0.32367149758454106,0.23103448275862068,0.1497584541062802,0.10689655172413794,"7.150131276",6,-0.9037356469063949,,NaN,108,0.3724137931034483
673548,"Suzuki, Seiya",292,0.9012345679012346,217,"72.693907158",0.3013698630136986,0.2903225806451613,0.21575342465753425,0.15207373271889402,0.11301369863013698,"7.282867363",6,-6.148456493457489,,NaN,109,0.3732876712328767
669224,"Wells, Austin",263,0.9037800687285223,201,"72.671726312",0.23954372623574147,0.2835820895522388,0.21673003802281368,0.11940298507462686,0.09125475285171103,"7.616145894",9,-15.18697979463794,,NaN,87,0.33079847908745247
802139,"Wetherholt, JJ",408,0.9086859688195991,328,"72.585113897",0.24264705882352947,0.3445121951219512,0.2769607843137255,0.13719512195121952,0.11029411764705882,"7.62594924",12,-9.18473254991705,,NaN,165,0.40441176470588236
682928,"Abrams, CJ",423,0.9019189765458422,305,"72.584447423",0.2458628841607566,0.33114754098360655,0.23877068557919623,0.16393442622950818,0.1182033096926714,"7.708464515",11,8.233427902375286,,NaN,152,0.35933806146572106
650489,"Castro, Willi",349,0.9041450777202072,248,"72.567145788",0.22922636103151864,0.2701612903225806,0.19197707736389685,0.11693548387096774,0.0830945558739255,"7.356528338",5,-7.401483293509369,,NaN,104,0.2979942693409742
665750,"Taveras, Leody",253,0.900355871886121,192,"72.538025889",0.24505928853754944,0.2760416666666667,0.20948616600790515,0.10416666666666667,0.07905138339920949,"7.531816403",3,-2.98577689216999,,NaN,98,0.38735177865612647
607043,"Nimmo, Brandon",402,0.9095022624434389,314,"72.514426891",0.28606965174129356,0.3535031847133758,0.27611940298507465,0.1751592356687898,0.13681592039800994,"6.996760945",8,-7.568290778953487,,NaN,152,0.3781094527363184
543807,"Springer, George",308,0.9032258064516129,238,"72.492861461",0.28571428571428575,0.2857142857142857,0.22077922077922077,0.12184873949579832,0.09415584415584416,"7.487148636",11,-9.703445679731969,,NaN,113,0.36688311688311687
694728,"Matthews, Brice",250,0.9057971014492754,151,"72.48884836",0.24000000000000005,0.33774834437086093,0.204,0.17218543046357615,0.104,"7.298909",5,-12.617125326848878,,NaN,82,0.328
656555,"Hoskins, Rhys",250,0.8992805755395683,183,"72.47763388",0.22000000000000006,0.2896174863387978,0.212,0.14207650273224043,0.104,"8.44911404",8,-8.2193920162272,,NaN,76,0.304
657656,"Laureano, Ramón",359,0.9042821158690176,250,"72.448665404",0.25905292479108644,0.264,0.18384401114206128,0.12,0.08356545961002786,"7.100571421",10,-9.291583218025487,,NaN,103,0.28690807799442897
676475,"Burleson, Alec",371,0.902676399026764,300,"72.377494528",0.22911051212938013,0.38,0.30727762803234504,0.18666666666666668,0.1509433962264151,"7.446954474",2,-2.922247191016605,,NaN,163,0.4393530997304582
642715,"Adames, Willy",399,0.9006772009029346,304,"72.332738872",0.2531328320802005,0.3190789473684211,0.24310776942355888,0.13815789473684212,0.10526315789473684,"8.146421053",7,-5.077527665765969,,NaN,154,0.38596491228070173
700250,"Rice, Ben",333,0.9024390243902439,257,"72.293246997",0.1891891891891892,0.38910505836575876,0.3003003003003003,0.22178988326848248,0.17117117117117117,"7.513240691",5,13.071737657663082,,NaN,138,0.4144144144144144
663743,"Fortes, Nick",237,0.915057915057915,201,"72.282902278",0.2109704641350211,0.3034825870646766,0.25738396624472576,0.17412935323383086,0.14767932489451477,"7.392584346",3,-10.748641439014111,,NaN,108,0.45569620253164556
669477,"Schmitt, Casey",329,0.9088397790055248,260,"72.19409535",0.25531914893617025,0.3423076923076923,0.270516717325228,0.16153846153846155,0.1276595744680851,"7.680280638",6,5.1988529607627365,,NaN,136,0.4133738601823708
672640,"Lopez, Otto",356,0.9012658227848102,290,"72.184512219",0.2612359550561798,0.3896551724137931,0.31741573033707865,0.19655172413793104,0.1601123595505618,"6.816799944",11,3.1556046823900727,,NaN,167,0.4691011235955056
606192,"Hernández, Teoscar",324,0.9025069637883009,234,"72.160817809",0.21913580246913586,0.32051282051282054,0.23148148148148148,0.1794871794871795,0.12962962962962962,"7.720535586",9,-1.7785003457131607,,NaN,118,0.36419753086419754
672580,"Garcia, Maikel",318,0.9034090909090909,283,"72.157246384",0.1981132075471698,0.392226148409894,0.3490566037735849,0.1696113074204947,0.1509433962264151,"7.13270305",6,-3.011960336446945,,NaN,175,0.550314465408805
672724,"Peraza, Oswald",297,0.9054878048780488,209,"72.144944646",0.2424242424242424,0.24880382775119617,0.1750841750841751,0.12440191387559808,0.08754208754208755,"7.788447542",6,-1.9519288580475354,,NaN,98,0.32996632996632996
605137,"Bell, Josh",406,0.9022222222222223,300,"72.102629828",0.25369458128078815,0.31,0.229064039408867,0.14,0.10344827586206896,"8.181095493",5,-17.20336397240257,,NaN,142,0.3497536945812808
701398,"Stewart, Sal",409,0.9008810572687225,312,"72.075393252",0.2444987775061125,0.3108974358974359,0.2371638141809291,0.14423076923076922,0.1100244498777506,"7.67740154",13,-0.5218875721510289,,NaN,148,0.36185819070904646
664023,"Happ, Ian",384,0.9014084507042254,258,"71.956583177",0.19531250000000003,0.3023255813953488,0.203125,0.17054263565891473,0.11458333333333333,"6.935420286",3,-0.3788708004357595,,NaN,116,0.3020833333333333
671218,"Ramos, Heliot",336,0.9056603773584906,243,"71.953062768",0.21428571428571433,0.2962962962962963,0.21428571428571427,0.13991769547325103,0.10119047619047619,"6.822612321",6,-8.426730731234858,,NaN,106,0.31547619047619047
608369,"Seager, Corey",311,0.9093567251461988,208,"71.894575145",0.13504823151125403,0.34615384615384615,0.2315112540192926,0.15865384615384615,0.10610932475884244,"6.693671479",12,-14.482833742687179,,NaN,102,0.3279742765273312
592626,"Pederson, Joc",266,0.8986486486486487,186,"71.871575263",0.19924812030075187,0.34408602150537637,0.24060150375939848,0.15053763440860216,0.10526315789473684,"7.476086429",6,-2.6522729495005666,,NaN,92,0.3458646616541353
680574,"McLain, Matt",323,0.9022346368715084,252,"71.866640898",0.15479876160990713,0.3373015873015873,0.2631578947368421,0.11507936507936507,0.08978328173374613,"7.068682074",6,-16.91798359827829,,NaN,128,0.39628482972136225
666969,"García, Adolis",373,0.9053398058252428,261,"71.745232574",0.26809651474530827,0.3486590038314176,0.24396782841823056,0.14942528735632185,0.10455764075067024,"7.702248284",8,-20.728137830876598,,NaN,124,0.3324396782841823
678662,"Tovar, Ezequiel",398,0.9024943310657596,279,"71.718317337",0.18341708542713564,0.26523297491039427,0.18592964824120603,0.0967741935483871,0.0678391959798995,"7.572311834",7,-15.346802565723277,,NaN,121,0.30402010050251255
571970,"Muncy, Max",301,0.9093655589123867,211,"71.711314751",0.11960132890365449,0.3459715639810427,0.2425249169435216,0.17061611374407584,0.11960132890365449,"6.978289369",3,-0.32638025097989054,,NaN,104,0.34551495016611294
593428,"Bogaerts, Xander",282,0.8980891719745223,222,"71.639840851",0.2375886524822695,0.33783783783783783,0.26595744680851063,0.13963963963963963,0.1099290780141844,"7.354360957",7,-0.8098679675114913,,NaN,119,0.4219858156028369
665019,"Clemens, Kody",302,0.9041916167664671,232,"71.607436325",0.11258278145695366,0.36637931034482757,0.2814569536423841,0.16379310344827586,0.12582781456953643,"7.08992596",6,-3.622885935981809,,NaN,110,0.36423841059602646
800050,"DeLauter, Chase",314,0.9075144508670521,271,"71.568949204",0.17834394904458606,0.3874538745387454,0.3343949044585987,0.16605166051660517,0.14331210191082802,"7.423483981",9,-8.543845829294359,,NaN,162,0.5159235668789809
641487,"Crawford, J.P.",292,0.9040247678018576,243,"71.565143938",0.1986301369863014,0.35802469135802467,0.2979452054794521,0.12757201646090535,0.10616438356164383,"7.389439726",1,-6.325834715706954,,NaN,132,0.4520547945205479
607208,"Turner, Trea",425,0.9100642398286938,315,"71.560959365",0.1905882352941177,0.3682539682539683,0.27294117647058824,0.10158730158730159,0.07529411764705882,"7.6722736",6,-18.66511257596707,,NaN,162,0.3811764705882353
702284,"Young, Cole",385,0.8995327102803738,299,"71.534887169",0.22857142857142862,0.3177257525083612,0.24675324675324675,0.10367892976588629,0.08051948051948052,"6.940191792",6,-12.501954618004607,,NaN,147,0.38181818181818183
693307,"Dingler, Dillon",356,0.9012658227848102,286,"71.490798427",0.1264044943820225,0.32167832167832167,0.25842696629213485,0.16433566433566432,0.13202247191011235,"7.65446368",7,1.6824614060543386,,NaN,127,0.35674157303370785
663656,"Tucker, Kyle",401,0.899103139013453,320,"71.48971197",0.2418952618453866,0.3375,0.26932668329177056,0.1125,0.08977556109725686,"7.392916135",6,-8.313775243439546,,NaN,155,0.3865336658354115
669016,"Marsh, Brandon",323,0.9022346368715084,263,"71.469672384",0.15479876160990713,0.34980988593155893,0.2848297213622291,0.1596958174904943,0.13003095975232198,"7.203055387",2,0.415060826844488,,NaN,136,0.42105263157894735
682177,"Schneemann, Daniel",287,0.9025157232704403,205,"71.465512787",0.14982578397212545,0.28780487804878047,0.20557491289198607,0.1073170731707317,0.07665505226480836,"7.250001951",8,-2.2262189313560197,,NaN,96,0.3344947735191638
682657,"Martínez, Angel",332,0.9021739130434783,274,"71.421128554",0.21084337349397594,0.27007299270072993,0.22289156626506024,0.12043795620437957,0.09939759036144578,"7.735219247",8,-4.083441550594744,,NaN,120,0.3614457831325301
805808,"McGonigle, Kevin",373,0.9009661835748792,328,"71.40683571",0.18766756032171583,0.3628048780487805,0.3190348525469169,0.125,0.10991957104557641,"6.920606193",7,-6.810226165133218,,NaN,169,0.45308310991957107
646240,"Devers, Rafael",433,0.9002079002079002,304,"71.385308314",0.17321016166281755,0.33223684210526316,0.23325635103926096,0.17105263157894737,0.12009237875288684,"7.505618868",5,-12.479573230045986,,NaN,133,0.3071593533487298
621020,"Swanson, Dansby",354,0.9007633587786259,257,"71.335790113",0.08474576271186443,0.3657587548638132,0.2655367231638418,0.11673151750972763,0.0847457627118644,"7.531345424",12,-13.232999127224849,,NaN,131,0.3700564971751412
666397,"Julien, Edouard",249,0.9087591240875912,191,"71.313537992",0.15261044176706828,0.34554973821989526,0.26506024096385544,0.1518324607329843,0.11646586345381527,"7.006691165",6,-13.888300742618856,,NaN,91,0.3654618473895582
521692,"Perez, Salvador",437,0.9047619047619048,327,"71.312956636",0.1533180778032037,0.3149847094801223,0.23569794050343248,0.14678899082568808,0.10983981693363844,"7.717422632",7,-16.25457851685629,,NaN,159,0.36384439359267734
694497,"Carter, Evan",278,0.8996763754045307,207,"71.257980935",0.2086330935251799,0.3140096618357488,0.23381294964028776,0.12077294685990338,0.08992805755395683,"7.14450554",6,-16.62545658399527,,NaN,98,0.35251798561151076
571448,"Arenado, Nolan",292,0.9012345679012346,228,"71.235546644",0.14383561643835618,0.3026315789473684,0.2363013698630137,0.09649122807017543,0.07534246575342465,"8.405171918",10,-6.039105626117445,,NaN,117,0.4006849315068493
701807,"Benge, Carson",342,0.9,269,"71.140742661",0.18421052631578955,0.3420074349442379,0.26900584795321636,0.14869888475836432,0.11695906432748537,"6.474270702",9,-12.072285535266747,,NaN,129,0.37719298245614036
596115,"Story, Trevor",324,0.9101123595505618,226,"71.136458611",0.1512345679012346,0.2920353982300885,0.2037037037037037,0.12831858407079647,0.08950617283950617,"7.438215617",4,-12.559555125615262,,NaN,106,0.3271604938271605
673962,"Jung, Josh",325,0.9027777777777778,279,"71.094963908",0.11384615384615389,0.3906810035842294,0.3353846153846154,0.17562724014336917,0.15076923076923077,"7.016769631",9,2.044680648127769,,NaN,157,0.48307692307692307
664983,"McCarthy, Jake",245,0.9007352941176471,190,"71.09494102",0.1306122448979592,0.28421052631578947,0.22040816326530613,0.08421052631578947,0.0653061224489796,"7.121533388",2,-2.749194869897054,,NaN,99,0.40408163265306124
663616,"Larnach, Trevor",239,0.8984962406015038,180,"71.041648787",0.1380753138075314,0.3388888888888889,0.25523012552301255,0.1111111111111111,0.08368200836820083,"7.179789331",6,-0.642142707444914,,NaN,96,0.401673640167364
608348,"Kelly, Carson",246,0.9111111111111111,192,"71.031008821",0.0934959349593496,0.3697916666666667,0.2886178861788618,0.17708333333333334,0.13821138211382114,"6.950430407",3,-3.2369178536763705,,NaN,104,0.42276422764227645
663886,"Stephenson, Tyler",258,0.9020979020979021,196,"70.976692519",0.10852713178294576,0.34183673469387754,0.2596899224806202,0.14285714285714285,0.10852713178294573,"7.550126163",11,-10.355234067191901,,NaN,96,0.37209302325581395
609280,"Andujar, Miguel",307,0.9029411764705882,248,"70.956414821",0.17589576547231275,0.29838709677419356,0.24104234527687296,0.10080645161290322,0.08143322475570032,"7.555016612",7,-4.424584591857712,,NaN,117,0.3811074918566775
656811,"O'Hearn, Ryan",287,0.9111111111111111,235,"70.9028877",0.10452961672473869,0.3659574468085106,0.29965156794425085,0.13191489361702127,0.10801393728222997,"7.122672474",5,-0.4105038157513795,,NaN,119,0.4146341463414634
668715,"Steer, Spencer",337,0.9059139784946236,263,"70.896740593",0.0741839762611276,0.3574144486692015,0.2789317507418398,0.16730038022813687,0.13056379821958458,"7.576576825",3,-4.4972485667619,,NaN,139,0.4124629080118694
668939,"Rutschman, Adley",254,0.9039145907473309,220,"70.871147874",0.1299212598425197,0.35,0.3031496062992126,0.16363636363636364,0.14173228346456693,"7.015379094",5,-0.6443542837207459,,NaN,109,0.42913385826771655
650859,"Rengifo, Luis",277,0.9022801302931596,224,"70.869787834",0.15884476534296033,0.36160714285714285,0.2924187725631769,0.11160714285714286,0.09025270758122744,"7.222139097",2,-16.38025755367446,,NaN,126,0.4548736462093863
664761,"Bohm, Alec",300,0.9202453987730062,253,"70.8486018",0.12000000000000001,0.4268774703557312,0.36,0.1541501976284585,0.13,"7.236456933",3,-8.87309622497437,,NaN,154,0.5133333333333333
573262,"Yastrzemski, Mike",256,0.9045936395759717,198,"70.84530375",0.04687500000000001,0.35858585858585856,0.27734375,0.11616161616161616,0.08984375,"7.382879922",8,-6.005228683452582,,NaN,103,0.40234375
663837,"Vierling, Matt",278,0.9055374592833876,232,"70.750471619",0.06115107913669065,0.3146551724137931,0.26258992805755393,0.1206896551724138,0.10071942446043165,"7.434665899",0,-6.956210311219481,,NaN,116,0.4172661870503597
668227,"Arozarena, Randy",420,0.8993576017130621,309,"70.7405075",0.22142857142857147,0.35275080906148865,0.25952380952380955,0.14563106796116504,0.10714285714285714,"7.178772262",4,-5.466529278735808,,NaN,142,0.3380952380952381
695734,"Lile, Daylen",429,0.9012605042016807,330,"70.69582317",0.06759906759906761,0.34545454545454546,0.26573426573426573,0.13333333333333333,0.10256410256410256,"7.502169324",6,-11.4327248717167,,NaN,172,0.40093240093240096
693304,"Gonzales, Nick",357,0.9060913705583756,280,"70.693536751",0.11764705882352941,0.30714285714285716,0.24089635854341737,0.10714285714285714,0.08403361344537816,"7.486523053",7,-8.638588125079142,,NaN,139,0.38935574229691877
700932,"Manzardo, Kyle",292,0.9040247678018576,209,"70.597931096",0.10958904109589045,0.3062200956937799,0.2191780821917808,0.12440191387559808,0.08904109589041095,"7.945004007",5,-9.282294405942134,,NaN,92,0.3150684931506849
545121,"Vargas, Ildemaro",297,0.9,255,"70.556937778",0.1481481481481482,0.396078431372549,0.3400673400673401,0.1450980392156863,0.12457912457912458,"7.402410067",5,1.6498763153698368,,NaN,156,0.5252525252525253
687263,"Neto, Zach",451,0.902,317,"70.522894701",0.09534368070953436,0.3028391167192429,0.21286031042128603,0.0914826498422713,0.06430155210643015,"7.172188381",9,-8.248346635685436,,NaN,131,0.29046563192904656
805300,"Marsee, Jakob",335,0.9054054054054054,279,"70.51428194",0.06567164179104479,0.3118279569892473,0.25970149253731345,0.10752688172043011,0.08955223880597014,"6.722315701",9,-12.629469411876016,,NaN,136,0.4059701492537313
656775,"Mullins, Cedric",306,0.9080118694362018,255,"70.502818268",0.08823529411764708,0.3333333333333333,0.2777777777777778,0.09019607843137255,0.07516339869281045,"7.403689281",3,-19.36392211014231,,NaN,121,0.3954248366013072
666126,"Cortes, Carlos",242,0.9063670411985019,196,"70.435132025",0.12396694214876033,0.37244897959183676,0.30165289256198347,0.18877551020408162,0.15289256198347106,"6.984578636",6,-4.6532052196956375,,NaN,104,0.4297520661157025
681393,"Norby, Connor",325,0.9002770083102493,239,"70.361100677",0.06461538461538462,0.2803347280334728,0.20615384615384616,0.07112970711297072,0.052307692307692305,"7.039172677",13,-12.743359687805015,,NaN,104,0.32
668930,"Turang, Brice",359,0.899749373433584,291,"70.330706379",0.10027855153203347,0.3230240549828179,0.2618384401114206,0.140893470790378,0.11420612813370473,"6.790843343",8,0.29755208284652646,,NaN,127,0.35376044568245124
518692,"Freeman, Freddie",420,0.9090909090909091,331,"70.315135119",0.08095238095238096,0.36555891238670696,0.28809523809523807,0.16314199395770393,0.12857142857142856,"6.77126431",6,-5.898995266167633,,NaN,155,0.36904761904761907
701675,"Church, Nathan",286,0.9022082018927445,213,"70.301628217",0.1083916083916084,0.27699530516431925,0.2062937062937063,0.10328638497652583,0.07692307692307693,"7.215256713",1,-9.341568165728669,,NaN,95,0.3321678321678322
677587,"Rocchio, Brayan",339,0.8968253968253969,262,"70.258757729",0.09734513274336286,0.3282442748091603,0.2536873156342183,0.10305343511450382,0.07964601769911504,"7.561532389",5,-6.403720617372526,,NaN,139,0.41002949852507375
666018,"Aranda, Jonathan",371,0.9004854368932039,299,"70.143228895",0.10242587601078168,0.35451505016722407,0.2857142857142857,0.15384615384615385,0.12398921832884097,"7.149682399",6,5.0272173654616195,,NaN,134,0.3611859838274933
681082,"Stott, Bryson",283,0.909967845659164,237,"70.114832968",0.045936395759717315,0.43037974683544306,0.36042402826855124,0.16033755274261605,0.13427561837455831,"7.276302862",5,-5.282813204458839,,NaN,138,0.4876325088339223
691720,"Karros, Kyle",284,0.9073482428115016,222,"70.093416162",0.04929577464788734,0.3063063063063063,0.23943661971830985,0.08558558558558559,0.06690140845070422,"7.043601373",10,-12.942335261156376,,NaN,102,0.3591549295774648
608070,"Ramírez, José",424,0.905982905982906,358,"70.089424363",0.12735849056603776,0.3100558659217877,0.2617924528301887,0.12569832402234637,0.10613207547169812,"7.476968608",3,-14.258028930604405,,NaN,161,0.37971698113207547
669257,"Smith, Will",294,0.9102167182662538,250,"70.018095272",0.07142857142857144,0.352,0.29931972789115646,0.14,0.11904761904761904,"7.253223435",8,-7.93591736636999,,NaN,121,0.41156462585034015
647304,"Naylor, Josh",362,0.900497512437811,292,"69.998927818",0.06629834254143649,0.3767123287671233,0.30386740331491713,0.14726027397260275,0.11878453038674033,"7.542421768",3,-13.234517634099769,,NaN,165,0.4558011049723757
691026,"Winn, Masyn",319,0.9036827195467422,248,"69.972588777",0.09090909090909093,0.3225806451612903,0.2507836990595611,0.10887096774193548,0.08463949843260188,"7.280702132",5,-10.945467507995055,,NaN,134,0.4200626959247649
666182,"Bichette, Bo",418,0.9008620689655172,351,"69.922034809",0.15311004784688997,0.3333333333333333,0.2799043062200957,0.1339031339031339,0.11244019138755981,"7.134547464",1,-19.668976920818874,,NaN,162,0.3875598086124402
686469,"Pasquantino, Vinnie",371,0.9004854368932039,315,"69.84209841",0.07008086253369272,0.3142857142857143,0.2668463611859838,0.10793650793650794,0.09164420485175202,"7.236140863",7,-12.672454687557142,,NaN,152,0.40970350404312667
678882,"Rafaela, Ceddanne",354,0.9030612244897959,269,"69.817391723",0.059322033898305086,0.34944237918215615,0.2655367231638418,0.10037174721189591,0.07627118644067797,"7.34960322",5,-3.2556022747676012,,NaN,139,0.3926553672316384
641355,"Bellinger, Cody",356,0.9035532994923858,302,"69.796020365",0.0252808988764045,0.41721854304635764,0.3539325842696629,0.1291390728476821,0.10955056179775281,"7.920400843",0,-2.0026011161230084,,NaN,162,0.4550561797752809
687859,"Johnston, Troy",311,0.9040697674418605,239,"69.762789646",0.054662379421221874,0.37656903765690375,0.28938906752411575,0.13389121338912133,0.10289389067524116,"6.769725691",3,-2.1338869557607776,,NaN,128,0.4115755627009646
696285,"Young, Jacob",275,0.9075907590759076,223,"69.718972691",0.03272727272727272,0.4484304932735426,0.36363636363636365,0.16143497757847533,0.13090909090909092,"7.1549156",4,-1.8660430947326154,,NaN,139,0.5054545454545455
686797,"Lee, Brooks",374,0.9033816425120773,303,"69.684376898",0.0748663101604278,0.32673267326732675,0.2647058823529412,0.07590759075907591,0.06149732620320856,"7.006208583",11,-3.434483713898717,,NaN,143,0.38235294117647056
608324,"Bregman, Alex",366,0.905940594059406,312,"69.640437486",0.03551912568306012,0.40384615384615385,0.3442622950819672,0.14102564102564102,0.12021857923497267,"7.021127923",9,-5.313485191763494,,NaN,180,0.4918032786885246
663757,"Grisham, Trent",265,0.9075342465753424,226,"69.596221698",0.04528301886792453,0.4469026548672566,0.38113207547169814,0.20353982300884957,0.17358490566037735,"7.232182604",3,-10.926450443291976,,NaN,132,0.4981132075471698
643217,"Benintendi, Andrew",319,0.8985915492957747,225,"69.445209028",0.050156739811912224,0.35555555555555557,0.2507836990595611,0.13777777777777778,0.09717868338557993,"7.114460282",5,-9.686215687060358,,NaN,111,0.34796238244514105
671976,"Peters, Tristan",257,0.8986013986013986,192,"69.303845681",0.05058365758754865,0.328125,0.245136186770428,0.10416666666666667,0.07782101167315175,"6.844940661",4,-6.671769634276184,,NaN,87,0.33852140077821014
643289,"Dubón, Mauricio",365,0.9012345679012346,306,"69.164568822",0.030136986301369864,0.32679738562091504,0.273972602739726,0.08823529411764706,0.07397260273972603,"7.595012411",4,-7.763136533101724,,NaN,153,0.4191780821917808
681198,"Rumfield, TJ",389,0.8983833718244804,318,"69.098994062",0.09768637532133677,0.3018867924528302,0.2467866323907455,0.10377358490566038,0.08483290488431877,"6.614126967",5,-3.810195882095253,,NaN,153,0.39331619537275064
668885,"Martin, Austin",247,0.8981818181818182,202,"69.068192591",0.032388663967611336,0.41089108910891087,0.3360323886639676,0.09900990099009901,0.08097165991902834,"6.652537895",6,-7.765541781541444,,NaN,110,0.44534412955465585
514888,"Altuve, Jose",265,0.9013605442176871,201,"68.99523966",0.08679245283018869,0.3781094527363184,0.28679245283018867,0.11940298507462686,0.09056603773584905,"7.644893358",5,-4.287905625539663,,NaN,113,0.42641509433962266
807712,"Keaschall, Luke",292,0.9012345679012346,256,"68.868324932",0.08561643835616442,0.3125,0.273972602739726,0.0859375,0.07534246575342465,"6.760864658",12,-13.793215762330872,,NaN,140,0.4794520547945205
702222,"Crawford, Justin",300,0.9063444108761329,248,"68.8560878",0.046666666666666676,0.3387096774193548,0.28,0.125,0.10333333333333333,"7.0257626",3,-8.773334507482083,,NaN,121,0.4033333333333333
645277,"Albies, Ozzie",444,0.9006085192697769,350,"68.796749392",0.054054054054054064,0.3514285714285714,0.27702702702702703,0.08285714285714285,0.06531531531531531,"7.173304887",7,-14.460990426231596,,NaN,172,0.38738738738738737
687462,"Horwitz, Spencer",279,0.9,242,"68.766449176",0.05376344086021506,0.34710743801652894,0.3010752688172043,0.09917355371900827,0.08602150537634409,"6.942613871",3,-1.3107977908489636,,NaN,127,0.4551971326164875
676609,"Caballero, José",278,0.8996763754045307,205,"68.449384712",0.03597122302158274,0.32682926829268294,0.24100719424460432,0.08292682926829269,0.06115107913669065,"6.769205072",5,-5.339958815953877,,NaN,105,0.3776978417266187
543760,"Semien, Marcus",366,0.8992628992628993,294,"68.447057568",0.01639344262295082,0.35374149659863946,0.28415300546448086,0.09523809523809523,0.07650273224043716,"7.842430082",13,-19.411886528820535,,NaN,155,0.42349726775956287
808982,"Lee, Jung Hoo",307,0.9002932551319648,267,"68.435683681",0.03908794788273616,0.4307116104868914,0.3745928338762215,0.0898876404494382,0.0781758957654723,"7.675016515",2,-6.195771451322453,,NaN,152,0.495114006514658
683737,"Busch, Michael",370,0.9002433090024331,280,"68.250763081",0.043243243243243246,0.37857142857142856,0.2864864864864865,0.14285714285714285,0.10810810810810811,"6.947735243",12,-12.294574131539468,,NaN,140,0.3783783783783784
669364,"Edwards, Xavier",329,0.9088397790055248,283,"68.227758055",0.018237082066869303,0.43462897526501765,0.3738601823708207,0.10247349823321555,0.08814589665653495,"6.55805997",4,2.3560026398931777,,NaN,173,0.5258358662613982
663538,"Hoerner, Nico",365,0.9034653465346535,334,"68.172148493",0.019178082191780826,0.38323353293413176,0.3506849315068493,0.0748502994011976,0.0684931506849315,"7.270662",6,-9.499056608367775,,NaN,199,0.5452054794520548
694384,"Schanuel, Nolan",323,0.8997214484679665,268,"68.1023287",0.06811145510835914,0.3694029850746269,0.3065015479876161,0.09328358208955224,0.07739938080495357,"6.895784458",9,-7.955100949667873,,NaN,141,0.43653250773993807
686217,"Frelick, Sal",270,0.9,247,"68.028822778",0.02592592592592593,0.38461538461538464,0.35185185185185186,0.10931174089068826,0.1,"7.084608296",5,-13.237764487720215,,NaN,141,0.5222222222222223
665926,"Giménez, Andrés",333,0.9,247,"67.961948408",0.04504504504504506,0.32388663967611336,0.24024024024024024,0.048582995951417005,0.036036036036036036,"6.980205345",5,-14.788858864699256,,NaN,126,0.3783783783783784
702332,"Durbin, Caleb",239,0.8984962406015038,206,"67.954513682",0.012552301255230127,0.38349514563106796,0.3305439330543933,0.08737864077669903,0.07531380753138076,"6.75032682",8,-15.842337611635614,,NaN,121,0.5062761506276151
683083,"Nuñez, Nasim",321,0.8991596638655462,252,"67.934809938",0.018691588785046735,0.27380952380952384,0.21495327102803738,0.06349206349206349,0.04984423676012461,"6.691037975",12,-19.189356347052332,,NaN,116,0.3613707165109034
689414,"Hicks, Liam",283,0.9012738853503185,256,"67.928412792",0.017667844522968202,0.41796875,0.37809187279151946,0.140625,0.127208480565371,"6.797211413",3,-2.5292219816180976,,NaN,159,0.5618374558303887
621493,"Ward, Taylor",298,0.9003021148036254,249,"67.847463221",0.030201342281879196,0.42570281124497994,0.35570469798657717,0.12048192771084337,0.10067114093959731,"6.776034866",10,-8.768879057781696,,NaN,136,0.4563758389261745
643446,"McNeil, Jeff",355,0.8987341772151899,305,"67.83150462",0.01971830985915493,0.32786885245901637,0.28169014084507044,0.05901639344262295,0.05070422535211268,"7.115482648",8,-12.616613758291003,,NaN,138,0.38873239436619716
670623,"Paredes, Isaac",362,0.8982630272952854,302,"67.532883757",0.052486187845303865,0.32781456953642385,0.27348066298342544,0.059602649006622516,0.049723756906077346,"7.82637779",2,-11.950011246783575,,NaN,133,0.3674033149171271
676391,"Clement, Ernie",343,0.9002624671916011,302,"67.39657105",0.029154518950437323,0.4139072847682119,0.36443148688046645,0.07947019867549669,0.06997084548104957,"7.151183353",11,0.19787385097875765,,NaN,181,0.5276967930029155
805367,"Meidroth, Chase",340,0.8994708994708994,284,"67.251170324",0.014705882352941176,0.3767605633802817,0.31470588235294117,0.09507042253521127,0.07941176470588235,"6.6202705",7,-6.119865516686461,,NaN,142,0.4176470588235294
672695,"Perdomo, Geraldo",304,0.8994082840236687,267,"66.539654243",0,0.39325842696629215,0.34539473684210525,0.09363295880149813,0.08223684210526316,"6.94570477",4,-14.430804088249275,,NaN,141,0.46381578947368424
802415,"Simpson, Chandler",302,0.8988095238095238,276,"64.937778311",0.0033112582781456954,0.4384057971014493,0.40066225165562913,0.03260869565217391,0.029801324503311258,"6.496305364",4,-5.6372832380726186,,NaN,167,0.5529801324503312
805779,"Wilson, Jacob",277,0.8993506493506493,235,"63.862997329",0.0036101083032490993,0.3702127659574468,0.3140794223826715,0.059574468085106386,0.05054151624548736,"6.173739386",5,-2.787884401685535,,NaN,120,0.4332129963898917
680757,"Kwan, Steven",268,0.8993288590604027,253,"62.89906459",0.00373134328358209,0.43478260869565216,0.41044776119402987,0.019762845849802372,0.018656716417910446,"6.508941903",4,-15.262455969509599,,NaN,153,0.5708955223880597
650333,"Arraez, Luis",367,0.8995098039215687,338,"62.750967384",0,0.4556213017751479,0.4196185286103542,0.011834319526627219,0.010899182561307902,"5.868166458",2,-5.029289855488246,,NaN,180,0.4904632152588556