"last_name, first_name","player_id","year","player_age","ab","pa","hit","single","double","triple","home_run","strikeout","walk","k_percent","bb_percent","batting_avg","slg_percent","on_base_percent","on_base_plus_slg","xba","xslg","woba","xwoba","xobp","xiso","avg_swing_speed","fast_swing_rate","blasts_contact","blasts_swing","squared_up_contact","squared_up_swing","avg_swing_length","swords","attack_angle","attack_direction","ideal_angle_rate","vertical_swing_path","exit_velocity_avg","launch_angle_avg","sweet_spot_percent","barrel_batted_rate","hard_hit_percent","avg_best_speed","avg_hyper_speed","whiff_percent","swing_percent"
"McGonigle, Kevin",805808,2026,21,211,246,60,42,12,3,3,34,33,13.8,13.4,".284",".412",".386","0.798",".268",".452",".361",".363",".372",".184","71.5",19.2,12.5,11,36.1,31.8,"6.9",7,16.3,-1.8,52.6,37.3,"88.1","20.6",39,9,37.3,"98.539247865","93.503865254",13.8,41.5
"Nuñez, Nasim",683083,2026,25,167,196,31,28,2,1,0,42,22,21.4,11.2,".186",".210",".283","0.493",".213",".258",".238",".268",".309",".046","67.9",1.9,6.4,5,27.6,21.6,"6.7",12,4.9,8.4,42.9,31.7,"84.7","9",30.5,0,19.8,"94.559580169","91.313520169",23.1,47.1
"Abreu, Wilyer",677800,2026,27,214,237,60,42,11,1,6,46,21,19.4,8.9,".280",".425",".343","0.768",".268",".457",".340",".342",".332",".189","73.7",37.7,14.8,12,30.9,24.9,"7.1",5,6.7,1.1,44.9,33.3,"89.5","17.2",31.8,10.7,41.2,"100.672300119","94.598793571",21.9,48.3
"Vientos, Mark",668901,2026,26,174,184,39,24,8,0,7,38,7,20.7,3.8,".224",".391",".261","0.652",".258",".483",".287",".331",".293",".225","73.2",25.5,21,14.9,35.6,25.2,"7.5",9,13,0.8,62.3,31.7,"90.4","14.1",32.8,10.2,46,"101.332477536","95.134366277",30.7,55.7
"Schmitt, Casey",669477,2026,27,187,201,54,30,11,1,12,39,7,19.4,3.5,".289",".551",".328","0.879",".275",".518",".379",".356",".316",".243","72.2",25.8,16.1,12.7,33.9,26.7,"7.7",6,10.2,-8.5,51.9,32.7,"89.5","21.9",36,14.8,44.7,"100.720478667","94.670335302",21.9,51.5
"Karros, Kyle",691720,2026,23,157,183,32,23,7,0,2,44,24,24,13.1,".204",".287",".306","0.593",".246",".350",".276",".319",".347",".104","70.1",5,8.6,6.7,30.5,23.8,"7",10,6.6,-5.8,43.3,37.4,"89.2","10.4",42.6,5.3,40,"99.731914211","94.089639649",24,40.9
"Harris II, Michael",671739,2026,25,198,207,61,42,6,0,13,39,7,18.8,3.4,".308",".535",".333","0.868",".309",".580",".377",".393",".337",".271","75",50,25.2,19.2,35.8,27.2,"8.2",7,7.6,-2.1,49.7,30.8,"93.4","11.1",28.1,16.4,55.6,"105.071702152","97.473321401",26.6,57.3
"Goodman, Hunter",696100,2026,26,197,215,48,26,9,0,13,75,14,34.9,6.5,".244",".487",".307","0.794",".215",".410",".346",".300",".281",".195","75.3",53.7,15.7,10.5,26.1,17.4,"7.4",8,14.6,-7.9,65,23.8,"91.2","17.4",33.6,14,46.7,"102.94584","95.975934298",33.9,55.5
"Carter, Evan",694497,2026,23,166,199,29,15,6,2,6,44,26,22.1,13.1,".175",".343",".296","0.639",".201",".347",".292",".301",".318",".146","71.3",20.9,12.1,9,31.4,23.4,"7.1",6,8.2,-6.3,44.2,32,"88.2","19.3",30.2,7.9,38.9,"99.196058852","93.719720744",25.4,40.9
"Dubón, Mauricio",643289,2026,31,202,217,51,34,12,2,3,34,13,15.7,6,".252",".376",".304","0.680",".255",".372",".304",".300",".307",".117","69.2",3,9.2,7.7,33.1,27.8,"7.6",4,4.4,2.1,38,31.1,"86.8","16.8",37.5,4.8,28,"96.498500357","92.249250179",17.7,51.5
"Buxton, Byron",621439,2026,32,204,224,52,24,10,1,17,59,16,26.3,7.1,".255",".564",".317","0.881",".231",".486",".377",".332",".295",".254","73.7",37.1,15.5,11.1,30.3,21.6,"8.1",8,14.5,-9.6,57.6,34.4,"90.1","23.5",32.9,19.2,47.3,"101.453006027","95.227766164",32,53.1
"Contreras, William",661388,2026,28,203,226,60,47,9,0,4,30,21,13.3,9.3,".296",".399",".363","0.762",".284",".436",".340",".343",".353",".152","73.4",37.5,18.2,14.9,38.3,31.3,"7.2",4,9,0.4,59.5,26.9,"90.5","11.3",29.9,7.5,44.3,"101.159085287","94.879692931",19.9,46.1
"Norby, Connor",681393,2026,26,165,193,35,22,9,0,4,56,20,29,10.4,".212",".339",".321","0.660",".188",".322",".304",".285",".301",".134","70.4",6.4,7.1,5.2,28.3,20.9,"7",13,17.9,5,37.1,39.8,"86.8","18.4",30,7.3,34.5,"97.148266727","92.678988091",30.7,48.7
"Pages, Andy",681624,2026,25,212,232,63,38,12,0,13,44,15,19,6.5,".297",".538",".345","0.883",".286",".487",".382",".356",".337",".201","72.9",27.5,17.3,13.8,31.7,25.4,"7.7",8,6.9,-3.1,44.8,40.6,"90.1","15.1",36.8,9.4,46.8,"101.416924767","95.095385322",22.7,50.3
"Young, Jacob",696285,2026,26,182,197,43,30,6,0,7,33,10,16.8,5.1,".236",".385",".291","0.676",".268",".404",".302",".318",".320",".137","69.7",3.3,16.1,13.1,44.8,36.4,"7.2",4,10.7,1.9,63.3,30.2,"89.1","11.1",36.7,6,36.7,"98.985484658","93.637034589",19.9,43.5
"Díaz, Yandy",650490,2026,34,195,222,61,41,9,1,10,29,19,13.1,8.6,".313",".523",".392","0.915",".289",".479",".398",".369",".372",".191","73.4",35.8,19.4,17.2,31.4,27.8,"7.6",6,2.2,8.2,34.6,23.7,"90.6","5.9",27.5,9.1,45.5,"102.453070241","95.500350848",13.8,46.7
"Semien, Marcus",543760,2026,35,206,225,44,33,7,0,4,45,14,20,6.2,".214",".306",".263","0.569",".252",".409",".256",".309",".300",".157","68.4",1.7,9.7,7.8,35.2,28.3,"7.8",13,15.5,-3.9,61.4,33.7,"86","18",33.9,8,34.5,"97.212920864","92.636653292",21.8,51
"Ramírez, José",608070,2026,33,216,258,49,29,12,0,8,35,38,13.6,14.7,".227",".394",".341","0.735",".284",".463",".324",".368",".390",".179","70.1",13.1,12.7,10.7,30.7,25.9,"7.5",3,9.8,-9.9,59.4,31.2,"90.1","20.6",36.4,7.7,42.6,"100.218783913","94.43350377",16.3,46.5
"Varsho, Daulton",662139,2026,29,196,218,52,33,12,2,5,42,20,19.3,9.2,".265",".423",".339","0.762",".258",".372",".337",".311",".333",".114","72.9",28.1,10.5,8.4,24.5,19.6,"7.6",3,8.8,-0.6,56.9,26.8,"86.4","14.5",37,6.5,39.6,"98.803662987","93.453294444",20.7,52.7
"Guerrero Jr., Vladimir",665489,2026,27,198,235,58,47,8,0,3,25,30,10.6,12.8,".293",".379",".391","0.770",".306",".426",".344",".364",".404",".121","76.3",64.2,18.3,14.8,30.3,24.5,"7.5",1,1.9,-3,34.2,28.2,"90.2","9.2",31.3,7.4,42.6,"102.041122273","95.180329716",20.1,48.4
"Rodríguez, Julio",677594,2026,25,234,254,62,39,12,0,11,53,18,20.9,7.1,".265",".457",".323","0.780",".262",".459",".343",".337",".320",".198","76.5",65.8,18.8,13.8,26.5,19.5,"7.8",7,8,-5.6,48.2,31.1,"90.4","13.3",30.9,8.8,43.6,"102.902192747","95.776255635",27.4,53.4
"Altuve, Jose",514888,2026,36,163,185,40,26,10,0,4,35,19,18.9,10.3,".245",".380",".326","0.706",".251",".374",".316",".314",".333",".122","69",8.7,11.9,9.1,37.8,28.7,"7.6",5,14.4,-2.3,50.6,28.1,"86.3","8.3",33.1,6.3,36.9,"98.366335238","93.267306",24.7,47.2
"Lee, Brooks",686797,2026,25,196,212,49,33,9,1,6,38,13,17.9,6.1,".250",".398",".303","0.701",".219",".325",".312",".267",".275",".106","69.7",7.5,7.6,6.1,32.7,26.5,"7",11,10.6,-6.5,55.6,30.7,"86.7","11.2",33.3,4.4,28.3,"96.270461026","92.136575833",20.8,51.6
"DeLauter, Chase",800050,2026,24,196,223,52,33,11,1,7,24,25,10.8,11.2,".265",".439",".345","0.784",".282",".419",".347",".350",".365",".138","71.5",17.6,16.4,14.1,38.1,32.7,"7.4",9,4,-0.8,41.7,28.9,"89.4","13.4",36.2,5.8,38.7,"99.972124884","94.052380174",15.8,42.2
"Riley, Austin",663586,2026,29,216,241,46,29,8,1,8,72,19,29.9,7.9,".213",".370",".290","0.660",".216",".399",".297",".304",".294",".183","75.4",54,17.1,11.8,31.2,21.6,"7.5",9,11.6,-5.4,46.2,31.6,"91","18.8",30.3,10.3,44.8,"101.894219041","95.374754138",33.1,48
"Arraez, Luis",650333,2026,29,210,233,69,54,10,3,2,9,13,3.9,5.6,".329",".433",".371","0.804",".296",".372",".353",".314",".342",".076","62.7",0,1.2,1.1,45.4,41.9,"5.9",2,8.5,3.7,55.1,36.8,"87.6","14.6",40.9,0,21.6,"94.274357353","91.246436207",8.1,51.1
"Marte, Ketel",606466,2026,32,214,233,58,36,11,2,9,35,18,15,7.7,".271",".467",".326","0.793",".307",".513",".348",".379",".362",".206","74.3",42.9,21.8,17.3,33.1,26.2,"7.7",4,9.4,-7.5,58.2,31.8,"90.9","9",33.3,11.1,44.4,"103.121078427","95.742214326",21.7,48.6
"Baldwin, Drake",686948,2026,25,188,216,57,38,6,0,13,44,24,20.4,11.1,".303",".543",".389","0.932",".305",".587",".406",".418",".393",".283","75",53.4,21.2,16.7,34.1,27,"7.3",9,12.7,3.6,49.1,34.1,"92.8","12.1",42.1,18.6,53.8,"103.678356164","96.840637655",23.1,50.4
"Swanson, Dansby",621020,2026,32,186,218,35,22,5,1,7,49,27,22.5,12.4,".188",".339",".290","0.629",".206",".370",".286",".303",".309",".164","71.3",8.4,11.9,8.6,37.5,27.4,"7.5",12,15.1,-2.7,59.4,34.3,"89.8","14.9",27,7.9,42.6,"99.501421739","94.108183043",29.8,45.1
"Trout, Mike",545361,2026,34,200,257,47,24,10,0,13,59,54,23,21,".235",".480",".405","0.885",".255",".574",".388",".419",".421",".319","75.3",54.5,18.7,15.3,28,23,"7.7",10,7.7,-3.7,49.4,35.3,"91","20.9",34,20.7,48.2,"103.578449","96.218802",21.8,37
"Edwards, Xavier",669364,2026,26,216,246,69,48,11,4,6,28,29,11.4,11.8,".319",".491",".400","0.891",".289",".442",".392",".358",".373",".153","68.2",1.9,10.4,9,43.9,37.7,"6.6",4,6.8,-2.2,50.9,28.1,"87.8","11.6",41.3,6.9,33.9,"97.368839462","92.827876505",14.4,39.9
"Smith, Cam",701358,2026,23,190,219,42,28,8,0,6,59,22,26.9,10,".221",".358",".312","0.670",".248",".464",".304",".348",".336",".216","77.2",73.2,15.5,10.9,26.7,18.9,"7.7",7,10.7,-2.9,41,34.8,"88.2","10.2",33.1,14.4,43.6,"102.020200758","95.182416742",31.3,46
"Montgomery, Colson",695657,2026,24,207,236,47,24,10,0,13,70,21,29.7,8.9,".227",".464",".322","0.786",".218",".442",".343",".326",".314",".224","76.1",63.7,17.4,11.3,26.3,17,"7.8",15,12.5,-6.9,52.2,34.3,"90.1","20",36.5,13.1,43.8,"101.808045362","95.211200511",37.8,51.7
"Bregman, Alex",608324,2026,32,231,261,60,47,8,1,4,44,25,16.9,9.6,".260",".355",".341","0.696",".262",".395",".314",".325",".344",".132","69.6",3.6,14,11.9,40.7,34.6,"7",9,14.9,-5.6,63.7,28.1,"88.5","14.1",32.4,5.3,41.5,"98.898811809","93.673516471",18.6,39.8
"Lile, Daylen",695734,2026,23,229,253,59,36,15,1,7,47,19,18.6,7.5,".258",".424",".312","0.736",".256",".426",".322",".322",".314",".170","70.7",7.1,13.5,10.4,34.8,26.6,"7.5",6,12.6,-0.8,54.4,39.7,"87.9","17.3",34.4,8.1,37.3,"98.375196882","93.262804541",24.7,54.9
"Marsh, Brandon",669016,2026,28,184,197,60,43,10,2,5,44,9,22.3,4.6,".326",".484",".355","0.839",".291",".447",".364",".330",".323",".156","71.5",15.4,16.2,13.2,35.1,28.5,"7.2",2,9.2,-1.1,45.1,37.8,"90","11.9",44.1,7,47.6,"100.360441408","94.622420638",22.2,53.2
"Bauers, Jake",641343,2026,30,167,186,47,29,10,0,8,41,17,22,9.1,".281",".485",".355","0.840",".261",".477",".365",".348",".337",".216","76.8",73.5,21.9,17,37,28.6,"7.7",11,10.7,-1.4,51.2,34.5,"91.7","8.3",28.6,12,52.4,"102.87120873","96.48866624",25.1,43
"Ohtani, Shohei",660271,2026,31,197,245,55,32,12,1,10,54,39,22,15.9,".279",".503",".406","0.909",".288",".541",".392",".411",".417",".253","74.6",48.4,19.8,14.3,37.3,27,"7.8",6,12.9,0.5,54.6,37.2,"93.3","12.7",41.1,16.6,50.7,"102.795292877","96.319072483",28.1,43.6
"Olson, Matt",621566,2026,32,226,256,60,27,18,0,15,60,27,23.4,10.5,".265",".544",".344","0.888",".264",".549",".381",".380",".345",".285","74.8",49.6,20.5,16.2,29.5,23.3,"7.5",14,9.7,-1.2,54.7,33.8,"93.3","17.5",33.9,15.6,51.2,"104.716730119","97.076713533",24.2,45.5
"Torkelson, Spencer",679529,2026,26,188,219,38,18,12,0,8,71,27,32.4,12.3,".202",".394",".311","0.705",".207",".406",".316",".320",".316",".199","73",21.6,14.3,10.7,28.9,21.6,"7.8",5,15.4,-8.7,53.4,37.8,"90.3","19.5",46.6,14.5,44.9,"100.604067797","94.820785812",29.4,41.6
"Henderson, Gunnar",683002,2026,25,242,261,52,28,10,1,13,71,16,27.2,6.1,".215",".426",".268","0.694",".231",".401",".304",".300",".284",".170","74.4",44.5,14.8,11.3,28.8,21.9,"7.4",8,12.4,-2.2,51.8,31.5,"89.3","12.6",29.7,9.3,44.2,"100.430423488","94.585853314",25.6,49.3
"Turner, Trea",607208,2026,33,230,248,51,35,9,0,7,54,17,21.8,6.9,".222",".352",".274","0.626",".238",".366",".280",".290",".291",".128","71.6",19.4,10.3,7.7,36.9,27.5,"7.7",5,9.6,-5.4,67.7,25.7,"90.1","11.8",32.8,6.2,40.7,"99.375858652","93.911397119",26.1,51.2
"Rice, Ben",700250,2026,27,188,219,57,26,13,1,17,49,27,22.4,12.3,".303",".654",".393","1.047",".294",".566",".443",".408",".388",".273","72.3",19.3,21.9,17.1,38.7,30.3,"7.5",5,11.9,-5,55,32.7,"92.5","13.2",41.8,17.7,51.8,"102.584411831","95.897067163",24.9,41.1
"Chapman, Matt",656305,2026,33,210,235,48,33,13,1,1,54,23,23,9.8,".229",".314",".311","0.625",".202",".277",".286",".259",".287",".076","75.9",59.1,11.9,9.1,22.4,17,"7.3",7,2.8,-1.1,39.8,25.9,"86.8","10",21.2,4.5,32.1,"99.141189091","93.585464481",24.1,43.4
"Busch, Michael",683737,2026,28,206,253,49,31,11,1,6,56,40,22.1,15.8,".238",".388",".372","0.760",".241",".423",".345",".354",".374",".182","68.3",4.4,13.9,10.4,37.2,28,"7",12,16.3,-3,52.5,34.5,"88.5","15.6",31.6,12.5,42.8,"99.504113947","94.011201921",26,41.1
"Schwarber, Kyle",656941,2026,33,206,242,49,17,9,1,22,81,32,33.5,13.2,".238",".612",".351","0.963",".239",".562",".412",".390",".352",".323","77",75.2,17.4,12.5,23.9,17.2,"7.5",18,14.2,-9.8,70,29.2,"93.4","22.9",37.6,24,51.2,"103.895138095","96.62243",33,42.7
"Laureano, Ramón",657656,2026,31,179,202,37,22,6,2,7,64,19,31.7,9.4,".207",".380",".287","0.667",".225",".415",".297",".315",".304",".190","72.4",25.8,12.3,8.5,27,18.7,"7.1",10,14.8,-1.7,46.2,33.1,"88.2","11.2",37.6,14.5,41.9,"100.091503051","94.413772222",31.4,50.7
"Wetherholt, JJ",802139,2026,23,209,249,49,33,7,0,9,44,28,17.7,11.2,".234",".397",".349","0.746",".245",".451",".336",".358",".362",".206","72.6",24.6,13.6,10.9,33.7,27,"7.6",12,13.2,2.4,64.3,32,"90.7","16.9",37.1,8.5,47.3,"99.947375181","94.45653697",22.7,44
"Ozuna, Marcell",542303,2026,35,172,192,32,22,5,0,5,56,18,29.2,9.4,".186",".302",".271","0.573",".222",".400",".262",".308",".304",".178","73.5",36.3,15.2,10.5,32.3,22.3,"7.5",3,15.9,-6.8,48.7,36.7,"89.8","23.3",38.8,8.8,40.5,"100.146849474","94.400469474",30.5,42
"Smith, Will",669257,2026,31,157,181,40,30,4,0,6,30,19,16.6,10.5,".255",".395",".337","0.732",".274",".498",".328",".385",".365",".224","70",7.4,14.5,12.3,36,30.5,"7.2",8,12.1,2.6,66,33.8,"90.1","21.3",43.8,13.8,40,"100.036592923","94.288893308",17,41.4
"McLain, Matt",680574,2026,26,191,218,38,24,9,0,5,51,24,23.4,11,".199",".325",".295","0.620",".229",".374",".285",".311",".322",".145","71.9",15.6,12,9.4,33.5,26.3,"7.1",5,10.2,1.3,58.4,30.6,"87.7","20",34.8,7.2,36.2,"98.214077826","93.258497153",24.3,43
"Grisham, Trent",663757,2026,29,180,214,38,21,9,1,7,40,32,18.7,15,".211",".389",".327","0.716",".234",".428",".322",".343",".347",".195","69.6",4.6,20.4,17.6,44.9,38.7,"7.2",3,13.4,2.2,59.8,28.4,"90.8","16.3",33.1,13.4,45.8,"100.756329155","94.860657606",16.8,34.5
"Judge, Aaron",592450,2026,34,206,252,52,25,10,0,17,70,41,27.8,16.3,".252",".549",".380","0.929",".275",".611",".398",".421",".398",".336","76.1",64.1,20.8,14.4,31.2,21.5,"8.1",12,12.5,-5.4,51.5,38.5,"94","14.2",34.3,21.9,56.9,"105.466198551","97.848551679",32.5,42.7
"Simpson, Chandler",802415,2026,25,211,227,62,54,4,4,0,23,11,10.1,4.8,".294",".351",".326","0.677",".254",".292",".302",".260",".290",".038","64.9",0.3,3.3,3,43.4,39.9,"6.5",4,3.1,5,36.6,29,"84.2","1.9",27.5,0,16.1,"93.160439022","90.624048743",9.9,47
"Nimmo, Brandon",607043,2026,33,213,241,56,37,10,2,7,48,22,19.9,9.1,".263",".427",".344","0.771",".297",".532",".343",".390",".376",".235","72.5",28.9,17,13.3,35,27.4,"7",8,6.5,1.6,50.8,29.4,"91.8","10.5",35.5,12.7,50.6,"101.770110723","95.775583855",22.6,48.4
"Greene, Riley",682985,2026,25,208,240,64,45,15,0,4,67,30,27.9,12.5,".308",".438",".400","0.838",".268",".472",".377",".367",".366",".204","75.3",55.7,17.5,12.4,28.7,20.4,"7.3",7,15.2,-0.1,44.5,44.1,"90.7","15.7",41.1,12.1,50.4,"102.636651127","95.901519504",29.4,44.8
"Rocchio, Brayan",677587,2026,25,181,208,53,40,8,1,4,25,19,12,9.1,".293",".414",".374","0.788",".260",".368",".355",".321",".346",".109","70.2",9.8,10.3,8,32.6,25.2,"7.6",5,8,-7.4,50.4,27.6,"86.5","11.5",32.7,3.2,33.1,"97.499253947","92.773441974",22.8,47.6
"Bellinger, Cody",641355,2026,30,203,241,55,31,13,3,8,32,35,13.3,14.5,".271",".483",".373","0.856",".290",".466",".376",".377",".392",".176","69.8",2.3,13.3,11.2,42.3,35.7,"7.9",0,14.4,-2.1,63.1,33.7,"90","20.6",41.4,8.1,39.7,"98.97664186","93.85231157",17.2,43
"Arenado, Nolan",571448,2026,35,171,196,47,29,11,0,7,35,18,17.9,9.2,".275",".462",".357","0.819",".271",".416",".360",".339",".354",".146","71.2",14.4,9.6,7.5,30.3,23.6,"8.4",10,13,-11,56.5,32.8,"85.6","19.3",38.4,6.5,31.9,"97.130403188","92.567449638",23.1,44.3
"Stott, Bryson",681082,2026,28,176,191,39,24,8,2,5,33,11,17.3,5.8,".222",".375",".270","0.645",".251",".395",".285",".304",".298",".144","70.1",4.3,16.5,13.8,42.9,35.9,"7.3",5,10.7,-2.6,59.1,31.2,"90.1","16",31.5,6.8,41.8,"99.556072361","94.131912917",17.3,42.3
"Murakami, Munetaka",808959,2026,26,200,246,48,24,4,0,20,80,44,32.5,17.9,".240",".560",".378","0.938",".221",".532",".402",".380",".363",".312","75.2",54.6,23.2,14,33.6,20.2,"7.9",12,18.8,-2.5,46.1,35.4,"94.2","14.5",28.9,20.7,58.7,"104.957898167","97.767416",41.8,41.5
"Young, Cole",702284,2026,22,202,228,49,35,10,1,3,49,19,21.5,8.3,".243",".347",".320","0.667",".255",".390",".303",".321",".332",".135","71.6",23,10.7,8.3,31.8,24.6,"6.9",6,7.2,-4,54.8,28.5,"87.9","17.1",35.5,5.8,38.7,"98.924146154","93.593026516",23.7,47.4
"Caminero, Junior",691406,2026,22,206,237,55,36,6,0,13,37,30,15.6,12.7,".267",".485",".359","0.844",".278",".492",".369",".371",".369",".214","79.9",88.1,23.6,19.1,28.6,23.2,"8.5",4,6.6,-4.6,57.4,23.2,"92.6","9.8",25.3,12.4,47.3,"104.912754941","96.881441657",20.4,42.1
"Burleson, Alec",676475,2026,27,210,235,58,38,13,0,7,38,21,16.2,8.9,".276",".438",".345","0.783",".285",".524",".344",".375",".355",".239","72.3",22.1,17.9,14.5,37.5,30.3,"7.4",2,11.8,3.9,56.6,35.6,"91.2","11.7",33.3,9.8,46.6,"101.390281744","95.158070116",21.8,49.8
"Adell, Jo",666176,2026,27,223,240,53,37,8,0,8,58,7,24.2,2.9,".238",".381",".283","0.664",".268",".448",".295",".332",".314",".180","77.3",70.7,15.5,11.9,25.4,19.5,"8",9,10.4,-5.2,47.4,35.1,"91.2","18.7",32.9,8.4,47.3,"102.718923494","95.818121265",26.7,55.3
"Happ, Ian",664023,2026,31,204,243,47,24,9,1,13,77,37,31.7,15.2,".230",".475",".354","0.829",".210",".467",".363",".347",".336",".257","71.9",18.8,16.1,10.9,29.5,19.9,"6.9",3,12,-5.7,47.4,33,"90","16",34.6,16.5,43.3,"101.836290625","95.298119606",33.7,43
"Rumfield, TJ",681198,2026,26,197,222,55,38,9,1,7,34,20,15.3,9,".279",".442",".356","0.798",".267",".434",".355",".342",".345",".167","69.1",9.9,11.2,9.1,30.7,25,"6.6",5,10.2,-3.7,49.5,36,"85.8","12.7",40.2,8,35.4,"97.991507073","93.026584908",19.6,51.1
"Marsee, Jakob",805300,2026,25,201,240,40,28,6,3,3,55,31,22.9,12.9,".199",".303",".322","0.625",".213",".310",".293",".299",".335",".097","70.6",6.7,10.9,9.1,31.3,26.1,"6.7",9,6.5,-6.5,49.1,30,"87.2","19.3",29.7,4.1,37.2,"98.206618889","93.191535804",19.3,39.8
"Aranda, Jonathan",666018,2026,28,193,234,56,37,9,0,10,56,32,23.9,13.7,".290",".492",".389","0.881",".273",".495",".381",".382",".383",".222","70.1",10.4,15.2,12.3,35.1,28.3,"7.2",6,8.8,3.3,53.7,35,"90.8","15.7",40.6,12.6,46.2,"100.888301528","94.873631189",22.1,44.2
"Bohm, Alec",664761,2026,29,193,213,40,28,7,0,5,29,15,13.6,7,".207",".321",".268","0.589",".238",".340",".265",".289",".300",".102","70.9",11.9,15.4,13,42.5,35.8,"7.2",2,6,3.5,53.6,29.3,"90.3","12.2",34.1,3,42.5,"99.818208434","94.252424096",16.2,42.9
"Reynolds, Bryan",668804,2026,31,205,248,56,36,12,2,6,53,39,21.4,15.7,".273",".439",".395","0.834",".259",".442",".372",".364",".384",".182","72.8",28.7,15.5,11.7,30.3,22.9,"7",16,10.1,2.9,43.9,38,"90.7","4.9",33.3,8.5,43.1,"101.831220909","95.11672719",28.2,44.1
"Soler, Jorge",624585,2026,34,195,222,42,24,9,0,9,71,20,32,9,".215",".400",".297","0.697",".221",".399",".310",".310",".303",".178","74.8",50.9,15.4,10.3,26.1,17.5,"8",4,12.3,-8.4,52.5,33.9,"88.6","14.5",35.4,11,43.3,"101.546636875","94.899802913",35.8,47.3
"Muncy, Max",571970,2026,35,170,197,43,24,6,0,13,50,26,25.4,13.2,".253",".518",".355","0.873",".266",".552",".381",".392",".366",".286","71.7",11.7,17.1,12,35.1,24.7,"7",3,16.4,-7.6,52,33.1,"91.5","13.6",33.3,17.5,50,"102.5353475","95.712383083",28.8,44.1
"Chisholm Jr., Jazz",665862,2026,28,200,224,48,31,10,1,6,63,22,28.1,9.8,".240",".390",".317","0.707",".211",".347",".316",".286",".292",".136","72.9",27.6,14.6,10.5,33.7,24.1,"7.9",8,15,-7.8,61.3,31.9,"89.3","16.8",29.7,6.6,37.7,"99.446515522","93.951086692",31.3,43.7
"Baty, Brett",683146,2026,26,169,191,39,27,8,1,3,53,18,27.7,9.4,".231",".343",".305","0.648",".241",".389",".293",".310",".315",".147","74.9",53.5,15,11,30.3,22.3,"7.4",9,9.7,3.1,46.5,37.1,"89.8","9.2",34.7,8.5,38.1,"100.232550508","94.387199915",28.5,45.3
"Steer, Spencer",668715,2026,28,193,215,51,34,10,0,7,45,18,20.9,8.4,".264",".425",".335","0.760",".275",".505",".338",".368",".347",".230","70.9",7.5,16.2,12.6,35.9,27.9,"7.6",3,12.4,-0.6,58.6,29.2,"89.9","18.8",42.3,13.9,38.3,"99.475055417","94.106068819",24.3,45.2
"Caglianone, Jac",695506,2026,23,170,186,40,25,9,1,5,57,14,30.6,7.5,".235",".388",".301","0.689",".251",".436",".308",".328",".316",".185","76.5",67.8,24.9,17.1,35.1,24.2,"7.9",7,9.5,-1.9,43.3,29.8,"93.2","7.1",37.2,15,56.6,"106.014742632","97.915049558",33.8,47.2
"Clement, Ernie",676391,2026,30,219,228,64,41,18,0,5,19,8,8.3,3.5,".292",".443",".316","0.759",".257",".356",".333",".278",".282",".099","67.4",3,8.1,7.1,41.4,36.6,"7.1",11,12,-6,62.8,29.8,"85.8","16",30.3,3,25.9,"95.549606465","91.777619697",14.4,56.7
"Kwan, Steven",680757,2026,28,193,234,40,32,7,0,1,25,34,10.7,14.5,".207",".259",".329","0.588",".229",".288",".280",".297",".350",".059","62.9",0.4,2,1.9,43.3,40.9,"6.5",4,3.6,-3.6,38.3,35.5,"82.2","14.8",35.3,0.6,8.7,"91.219229036","89.783471212",8.4,34.8
"Paredes, Isaac",670623,2026,27,192,218,45,31,8,0,6,35,19,16.1,8.7,".234",".370",".326","0.696",".235",".353",".317",".307",".326",".118","67.5",5.3,6.4,5.3,33.1,27.7,"7.8",2,15.8,-13.7,50.1,34.1,"86.7","24.7",33.8,5.1,26.8,"96.461101646","92.337340064",16.1,44
"Alvarez, Yordan",670541,2026,29,209,253,63,32,11,0,20,44,38,17.4,15,".301",".641",".415","1.056",".346",".754",".443",".496",".455",".408","76",61.6,21.9,17.7,31.2,25.3,"7.7",3,9.2,-6.1,49.7,36.3,"94.6","19.6",46.1,19.4,53.3,"105.834213735","97.646373394",20.2,42.4
"Herrera, Iván",671056,2026,26,204,250,54,34,12,1,7,43,33,17.2,13.2,".265",".436",".392","0.828",".272",".431",".368",".368",".401",".159","74.4",45.7,16.3,13.2,31.9,25.9,"7.8",7,7.5,-4.2,46.8,29.5,"89.6","6.4",30.7,7.4,42.9,"101.024404321","94.802664969",20.6,42.4
"Keaschall, Luke",807712,2026,23,191,216,45,33,10,1,1,33,19,15.3,8.8,".236",".314",".315","0.629",".219",".315",".287",".278",".302",".096","68.9",8.8,8.4,7.4,30.9,27.2,"6.8",12,9.5,-3.8,53,36.1,"84.1","17.3",32.5,3.1,26.3,"95.9201705","91.984991447",14.8,41.1
"Bell, Josh",605137,2026,33,201,221,43,29,9,0,5,50,17,22.6,7.7,".214",".333",".276","0.609",".223",".388",".274",".294",".284",".165","72.2",25.9,14.2,10.6,31.5,23.4,"8.2",5,9.6,-2.2,55.3,33.9,"89.8","14.8",34,9.8,41.2,"99.848265584","94.228436928",26.9,50.4
"Lee, Jung Hoo",808982,2026,27,184,198,52,37,11,1,3,22,10,11.1,5.1,".283",".402",".323","0.725",".295",".379",".321",".318",".337",".084","68.5",4,8.8,7.6,42.7,37.1,"7.7",2,4.3,-4,35.1,38.8,"87.8","11.1",36.6,1.8,31.1,"96.729707439","92.486658344",14.5,46.4
"Tucker, Kyle",663656,2026,29,199,232,48,28,14,2,4,44,30,19,12.9,".241",".392",".341","0.733",".251",".375",".329",".328",".351",".124","71.5",24.1,11.5,9.1,34.1,27.1,"7.4",6,10.6,-7.8,44.6,35.4,"89.1","17.7",35.7,5.1,40.8,"98.709999873","93.749630446",22.8,49.6
"Suzuki, Seiya",673548,2026,31,163,187,41,30,4,0,7,48,20,25.7,10.7,".252",".405",".342","0.747",".240",".399",".330",".318",".332",".159","72.7",30.1,15.4,11.3,28.8,21.3,"7.3",6,9.4,-4.8,53.2,31.3,"88.9","18.3",37.1,6.9,42.2,"100.587697414","94.405015517",26.8,41.1
"Walker, Christian",572233,2026,35,213,238,54,29,10,0,15,46,21,19.3,8.8,".254",".512",".328","0.840",".248",".451",".363",".334",".323",".204","74.1",41.3,20.2,15.1,33.4,25,"7.4",16,7.6,-4.9,47.3,28.4,"90.6","14.7",30.4,12.5,46.4,"102.039426905","95.494745952",28.8,50.2
"Griffin, Konnor",804606,2026,20,184,203,49,35,8,2,4,54,14,26.6,6.9,".266",".397",".325","0.722",".240",".393",".321",".307",".304",".154","75.5",57.3,13.6,9.6,26,18.4,"7.7",9,9,-1.4,44.7,32.2,"87.7","4.8",30.3,8.4,35.6,"100.015886308","94.044222769",32.2,50.6
"Machado, Manny",592518,2026,33,193,225,33,19,5,0,9,52,27,23.1,12,".171",".337",".268","0.605",".225",".381",".271",".309",".318",".156","74.3",39.7,13.8,10.6,27.2,20.9,"7.8",11,6.4,0.4,50.3,26.7,"89.9","11",29.5,7.5,42.5,"100.934748082","94.894661241",25.1,47.4
"Okamoto, Kazuma",672960,2026,30,204,230,44,26,6,0,12,73,22,31.7,9.6,".216",".422",".300","0.722",".220",".448",".320",".330",".306",".229","73.6",38.7,18.6,13.4,33.9,24.3,"7.9",14,14.8,-4.5,56.5,29.8,"92.5","17.3",31.8,15.2,52.3,"103.646342879","96.597433333",32.9,45.1
"Raleigh, Cal",663728,2026,29,161,181,26,15,4,0,7,57,18,31.5,9.9,".161",".317",".243","0.560",".180",".387",".253",".289",".263",".207","74.7",48.3,9.1,6.4,19.2,13.7,"7.8",7,17.1,-5.5,45.8,34.8,"87.5","23.1",32.1,12.3,31.1,"98.783037736","93.452052547",30.5,53.1
"Seager, Corey",608369,2026,32,156,182,28,15,6,0,7,50,22,27.5,12.1,".179",".353",".286","0.639",".224",".442",".285",".330",".324",".218","71.9",13.5,15.9,10.6,34.6,23.2,"6.7",12,15.2,1.9,60.8,33.2,"91.1","12.6",34.3,15.7,45.4,"102.044463148","95.473544815",35.2,50.5
"Jensen, Carter",695600,2026,22,162,186,36,22,8,0,6,54,20,29,10.8,".222",".383",".306","0.689",".194",".330",".306",".277",".285",".136","74.6",44.8,12.1,8.4,29.3,20.5,"7.1",15,5.3,-6.6,46.4,24.9,"89.6","21.1",28.8,8.1,39.6,"101.080246607","94.886480811",33,44.8
"Gorman, Nolan",669357,2026,26,177,202,38,28,4,0,6,59,22,29.2,10.9,".215",".339",".297","0.636",".216",".379",".284",".296",".299",".164","72.9",29.8,15.3,9.8,30.5,19.5,"7.5",7,17.3,-6.2,48.8,32.3,"89.2","22.2",36.4,9.1,43.8,"100.879684098","94.630460826",36.1,50.2
"Acuña Jr., Ronald",660670,2026,28,163,198,39,25,9,1,4,42,30,21.2,15.2,".239",".380",".364","0.744",".257",".490",".335",".381",".382",".233","75.9",61.4,17.4,13.1,29,21.8,"7.6",12,11.1,5.1,55.1,38.1,"89.9","16.9",32.5,13,44.7,"101.917422742","95.326760732",28.1,45.6
"Kurtz, Nick",701762,2026,23,201,255,55,34,11,1,9,76,52,29.8,20.4,".274",".473",".427","0.900",".248",".474",".396",".382",".407",".226","78",79.2,23,15.4,28,18.7,"7.8",10,13.1,4.6,49,37.7,"94.3","12.1",38.4,16.8,57.6,"106.170143548","98.317101452",36,39.7
"O'Hearn, Ryan",656811,2026,32,159,182,46,33,6,0,7,34,19,18.7,10.4,".289",".459",".368","0.827",".277",".451",".365",".356",".361",".175","70.9",10.4,13.1,10.8,36.9,30.2,"7.1",5,11.5,0.3,47.6,31.9,"90.3","12",30.7,7.1,44.9,"99.936821875","94.633386535",20.7,43.8
"Hernández, Teoscar",606192,2026,33,181,204,50,35,8,0,7,55,19,27,9.3,".276",".436",".348","0.784",".259",".437",".346",".339",".336",".178","72.2",22.1,18.2,13.2,32.2,23.3,"7.7",9,11,1.4,51.5,33.8,"89.8","12.4",34.4,11,45.3,"100.610986719","94.565144094",29.1,45
"García, Adolis",666969,2026,33,192,219,38,26,7,1,4,65,20,29.7,9.1,".198",".307",".283","0.590",".223",".346",".270",".296",".309",".124","71.8",26.8,15.1,10.7,35.1,24.9,"7.7",8,9.4,-1.7,58.4,29.2,"92.2","13.5",37.7,6.9,48.5,"101.476155692","95.412956231",32.4,43.8
"Johnston, Troy",687859,2026,29,174,192,54,38,14,0,2,41,15,21.4,7.8,".310",".425",".372","0.797",".282",".384",".357",".325",".346",".102","69.8",5.6,13.4,10.2,37.9,29,"6.8",3,10.6,-0.4,41.3,34.9,"88.7","12.2",44.8,1.5,38.1,"98.247727879","93.260919313",24.6,49.8
"Turang, Brice",668930,2026,26,187,232,51,32,11,1,7,56,41,24.1,17.7,".273",".455",".400","0.855",".268",".461",".379",".377",".398",".194","70.4",10.3,14.7,12,33,26.8,"6.8",7,8.4,8.8,51.3,36.9,"91.3","8.2",39.3,8.2,46.7,"101.272163939","95.492552879",20.6,40.6
"Crawford, J.P.",641487,2026,31,174,209,38,25,4,0,9,37,30,17.7,14.4,".218",".397",".344","0.741",".251",".417",".336",".353",".372",".166","71.6",20.2,13.1,11,35.2,29.4,"7.4",1,8,0.6,48.2,34.3,"88.1","12.3",37,9.5,36.2,"98.516051912","93.340288519",17.2,37
"Mullins, Cedric",656775,2026,31,166,187,31,24,3,1,3,32,13,17.1,7,".187",".271",".257","0.528",".185",".281",".244",".243",".256",".096","70.5",9,9.2,7.7,32.9,27.4,"7.4",4,12.6,-5.5,63.5,30.6,"87.8","29.2",28.3,1.5,29.4,"97.226582344","92.836429921",19.4,48.8
"Contreras, Willson",575929,2026,34,193,227,56,37,6,2,11,57,22,25.1,9.7,".290",".513",".383","0.896",".278",".530",".392",".398",".379",".253","76.2",66.2,17.5,12.7,25.8,18.7,"7.9",10,11,-7.2,50.5,32.7,"90","15.7",34.5,14.6,43.2,"102.819956812","95.592823212",30.1,47.6
"Dingler, Dillon",693307,2026,27,186,212,43,21,11,0,11,46,20,21.7,9.4,".231",".468",".319","0.787",".284",".530",".347",".386",".366",".246","71.5",12.8,16.4,13.1,32,25.6,"7.7",7,12.9,0.1,55.8,41.7,"90.1","14.9",40,12.9,48.6,"101.410200286","95.368216115",21.8,47.2
"Tovar, Ezequiel",678662,2026,24,191,208,42,27,11,0,4,53,13,25.5,6.3,".220",".340",".274","0.614",".246",".410",".275",".311",".301",".164","71.7",17.9,10.1,7.1,27.2,19.1,"7.6",7,10.2,-1.4,46.9,35.6,"88","13.7",39.3,7.9,37.1,"99.549762899","93.85909942",29.5,60.7
"Cruz, Oneil",665833,2026,27,229,252,59,37,10,0,12,89,20,35.3,7.9,".258",".459",".325","0.784",".246",".477",".343",".340",".315",".231","78.4",77.6,25.6,16,35.4,22.2,"7.6",6,7.6,-6.1,43.3,33.4,"96.3","6.5",32.9,16.7,61.4,"107.215100725","99.234911594",37.6,45.2
"Wood, James",695578,2026,23,220,273,60,30,15,0,15,78,49,28.6,17.9,".273",".545",".414","0.959",".283",".631",".413",".439",".423",".348","76.5",65.7,24.1,17.4,34.5,24.9,"7.4",17,12.1,0.9,43.6,39.2,"96.6","9.9",41.5,25.4,60.6,"106.802445352","99.139372908",31.9,37.5
"Winn, Masyn",691026,2026,24,182,208,43,32,8,2,1,44,17,21.2,8.2,".236",".319",".313","0.632",".248",".314",".288",".294",".329",".066","70",8.9,10.6,8.2,32.2,25,"7.3",5,4.8,-0.7,40.2,27.7,"86.8","12.3",31.7,2.8,29.6,"97.131515143","92.606807842",23.8,42.3
"Horwitz, Spencer",687462,2026,28,163,198,47,33,7,1,6,24,29,12.1,14.6,".288",".454",".394","0.848",".238",".366",".376",".336",".360",".128","68.8",5.2,10.3,8.9,34.6,30,"6.9",3,8.6,-2.6,48.1,34.8,"86","15.6",29.4,5.6,33.6,"97.177999167","92.662877063",13.9,40.1
"Lowe, Brandon",664040,2026,31,200,229,52,25,12,1,14,57,26,24.9,11.4,".260",".540",".349","0.889",".263",".522",".386",".376",".353",".259","73.1",36.7,18.5,12.9,34.5,24.1,"7",20,15.1,-2.1,50.4,33.8,"90","16.5",38.9,13.9,46.5,"101.743134444","95.290593264",35.1,47.4
"Carroll, Corbin",682998,2026,25,194,228,57,30,12,8,7,51,30,22.4,13.2,".294",".546",".390","0.936",".272",".495",".404",".375",".372",".222","75.1",55.1,17.5,13,33.7,25,"7.6",3,11.6,1.4,66.9,26.5,"91.1","12.5",33.1,13.1,48.3,"101.761324521","95.23860731",28.2,44
"Duran, Jarren",680776,2026,29,206,227,44,26,9,1,8,63,16,27.8,7,".214",".383",".278","0.661",".236",".395",".293",".304",".299",".159","75.1",51.1,18.6,12.9,31.2,21.6,"7.6",8,7.2,-3.1,47.8,26.9,"90.4","15.3",30.3,11.9,40,"102.006256056","95.215098803",33.7,47.3
"Rafaela, Ceddanne",678882,2026,25,188,206,52,35,10,2,5,43,12,20.9,5.8,".277",".431",".340","0.771",".241",".365",".343",".300",".309",".124","69.9",5.9,10.2,7.7,35.5,26.8,"7.4",5,10.5,-1.5,56.9,32.2,"87.3","9.9",37.2,7.7,37.2,"97.933542394","93.028406901",25.5,49.6
"Merrill, Jackson",701538,2026,23,199,221,40,24,11,0,5,55,19,24.9,8.6,".201",".332",".274","0.606",".241",".422",".270",".316",".310",".181","73.4",30,12.5,9,25.8,18.5,"7.6",5,9.2,0.3,45.9,38.8,"89.2","13.3",37.7,10.3,45.9,"100.299770972","94.524084406",28.2,54.8
"Benge, Carson",701807,2026,23,190,208,46,36,7,0,3,43,15,20.7,7.2,".242",".326",".308","0.634",".267",".419",".290",".329",".330",".152","71.1",18.1,14.3,11.3,33.6,26.4,"6.5",8,3.6,5.4,38.3,32.7,"89.8","10.8",40.8,8.2,42.9,"100.47543473","94.641380612",20.8,45.2
"Neto, Zach",687263,2026,25,227,266,54,29,14,1,10,81,33,30.5,12.4,".238",".441",".346","0.787",".217",".414",".349",".329",".329",".197","70.5",9.4,9.2,6.5,30.5,21.4,"7.2",9,21.8,-7.2,37.3,40,"89.8","22.6",38.1,11.6,38.8,"99.140940685","93.864340068",30.1,49.2
"Burger, Jake",669394,2026,30,208,223,49,30,9,0,10,60,13,26.9,5.8,".236",".423",".283","0.706",".243",".415",".310",".305",".289",".172","74.8",52,21.3,14.3,34.5,23.2,"7.4",19,9.1,-8.4,61.5,25.5,"90.5","12.3",32.9,10.1,48.3,"102.981338","95.908735503",36,51.4
"Martínez, Angel",682657,2026,24,183,198,45,26,9,1,9,39,6,19.7,3,".246",".454",".284","0.738",".257",".415",".321",".309",".295",".158","71.5",21.2,12,10,27,22.4,"7.7",7,9.9,-6.5,49.4,33.6,"88.1","15.3",36.2,8.1,35.8,"99.820958194","94.090888671",17.7,54.2
"Crow-Armstrong, Pete",691718,2026,24,210,240,47,32,7,2,6,63,22,26.3,9.2,".224",".362",".314","0.676",".240",".420",".305",".330",".329",".179","74.5",48.1,16.1,12.3,28.1,21.4,"7.3",19,14.9,-5.9,49.8,34.7,"91.3","18.6",29.5,9.4,49,"102.259889167","95.921509021",27.9,52.6
"McNeil, Jeff",643446,2026,34,174,197,44,33,9,0,2,27,17,13.7,8.6,".253",".339",".327","0.666",".275",".355",".301",".314",".347",".080","67.8",2,5.9,5.1,32.8,28.2,"7.1",8,6.2,-0.9,34.1,35.9,"86.3","11.6",38,1.3,32.7,"96.627278533","92.363578725",16.4,54.5
"Devers, Rafael",646240,2026,29,219,236,54,31,15,1,7,70,14,29.7,5.9,".247",".420",".292","0.712",".224",".417",".309",".294",".272",".193","71.4",17.4,17,12,33.3,23.5,"7.5",5,9.3,5.3,57.7,31.1,"91.5","12",32.5,10.7,49,"102.440115333","95.860521333",30.2,51.8
"Walker, Jordan",691023,2026,24,206,230,61,35,11,0,15,56,21,24.3,9.1,".296",".568",".365","0.933",".284",".534",".404",".384",".356",".251","78.9",85.1,23.3,16.7,30.8,22.1,"8.3",8,8.6,-6.1,55.9,30.8,"94.3","13.9",33.8,15.2,52.3,"105.457636974","97.399510993",30.9,52.3
"Giménez, Andrés",665926,2026,27,184,197,41,27,7,1,6,35,6,17.8,3,".223",".370",".260","0.630",".218",".310",".278",".256",".262",".092","68",4.6,5,3.7,33.1,24.4,"7",4,8.8,2.2,46.1,32.4,"85.5","9.9",26.3,4,23.7,"95.192557067","91.635359262",24,57.3
"De La Cruz, Elly",682829,2026,24,226,250,62,36,13,1,12,75,21,30,8.4,".274",".500",".340","0.840",".265",".490",".367",".358",".335",".225","74.8",47.7,22.2,16.3,34.8,25.5,"7.2",7,8.3,0.5,48.5,34.6,"94.1","11.9",36.8,14.9,52.6,"105.016207568","97.522459524",29.1,41.5
"Frelick, Sal",686217,2026,26,170,196,37,29,5,0,3,21,17,10.7,8.7,".218",".300",".288","0.588",".238",".318",".266",".279",".306",".081","68",2.6,11.2,10.3,38.6,35.2,"7.1",5,5.5,0.5,49.1,26.6,"85.7","8.2",27,2.6,26.3,"96.541004133","92.280425733",10.8,42.2
"Gonzales, Nick",693304,2026,27,190,207,56,47,9,0,0,36,13,17.4,6.3,".295",".342",".348","0.690",".300",".389",".314",".330",".353",".089","70.7",11.8,9.7,7.6,30.2,23.7,"7.5",7,9.7,-0.3,52.4,34.9,"85.9","6.2",32.9,1.9,38.1,"98.179570779","93.170148896",22.9,54.2
"Ward, Taylor",621493,2026,32,207,260,53,36,15,0,2,52,50,20,19.2,".256",".357",".400","0.757",".253",".370",".350",".351",".399",".116","67.9",3.1,12.2,10.3,42.9,36,"6.8",10,5.5,1,48.3,30.3,"89.4","13.9",37.6,4.5,38.9,"98.914197342","93.682129745",17.9,30.4
"Arozarena, Randy",668227,2026,31,212,246,63,40,16,1,6,57,23,23.2,9.3,".297",".467",".382","0.849",".259",".399",".376",".339",".355",".140","70.7",21.8,14.2,10.4,35.4,26,"7.2",4,7.8,4.2,59,26.3,"91.1","7.6",36.7,7,42.4,"100.306741772","94.739863185",27.9,48.1
"Meidroth, Chase",805367,2026,24,205,235,55,40,10,0,5,52,24,22.1,10.2,".268",".390",".342","0.732",".239",".345",".329",".301",".320",".105","67.2",1.5,8.9,7.5,37.1,31,"6.6",7,9.8,4.2,55.8,31,"87.7","8.2",32.3,5.8,37.3,"97.476003289","92.932120197",18.2,40
"Tatis Jr., Fernando",665487,2026,27,205,236,55,48,6,1,0,51,24,21.6,10.2,".268",".307",".345","0.652",".279",".394",".299",".346",".364",".115","75.2",57.1,22,15.9,34,24.5,"7.4",11,6.6,3.1,50.7,29.9,"89.9","0.9",32.7,9.4,51.6,"103.805520886","96.352370506",29.8,48.5
"Schanuel, Nolan",694384,2026,24,191,208,50,34,12,0,4,33,13,15.9,6.3,".262",".387",".313","0.700",".271",".381",".311",".311",".323",".111","68.1",6.8,9.3,7.7,36.9,30.7,"6.9",9,7.8,-3.6,50.6,34.9,"87","10.8",36.3,3.1,31.9,"97.119713125","92.595979308",18.8,46.8
"Adames, Willy",642715,2026,30,226,239,54,29,17,1,7,67,11,28,4.6,".239",".416",".276","0.692",".225",".384",".303",".283",".264",".159","72.3",25.5,13.7,10.5,31.8,24.2,"8.1",7,14.7,-2.8,62.5,33.7,"89","22.5",36.9,8.8,43.1,"99.62996975","94.026555313",26.6,48.6
"Bogaerts, Xander",593428,2026,33,196,217,47,37,3,0,7,38,19,17.5,8.8,".240",".362",".304","0.666",".261",".404",".299",".322",".325",".143","71.6",23.9,13.2,10.4,32.7,25.7,"7.4",7,11.2,-4.4,53.4,32.3,"87.5","8.2",29.4,6.3,35.6,"99.0442745","93.68397239",22.2,44.7
"Soderstrom, Tyler",691016,2026,24,203,230,43,19,16,2,6,44,25,19.1,10.9,".212",".399",".300","0.699",".241",".413",".307",".322",".326",".172","74.1",41.7,17.4,13.7,31.9,25.2,"7.5",10,10.4,-3.2,54.3,28.5,"89.9","14.8",28.7,11.3,43.8,"101.435393","94.94955",22.8,47.8
"Vargas, Miguel",678246,2026,26,200,244,47,24,9,1,13,42,37,17.2,15.2,".235",".485",".365","0.850",".249",".519",".373",".388",".379",".270","74.1",44.8,17,13.9,30.2,24.6,"7.7",2,11.5,-1.7,64.7,34.6,"90.1","20.9",38.8,15,45.6,"101.040703875","94.947764",19.8,43.3
"Abrams, CJ",682928,2026,25,206,245,60,34,12,2,12,49,27,20,11,".291",".544",".392","0.936",".272",".482",".404",".375",".380",".210","72.6",24.2,16.2,11.7,33.1,23.9,"7.7",11,13.6,-6.8,60,29.3,"89.9","16.6",34.4,11.3,41.3,"100.570080375","94.611479937",28.7,49.2
"Pasquantino, Vinnie",686469,2026,28,199,229,41,28,6,2,5,42,25,18.3,10.9,".206",".332",".293","0.625",".233",".376",".281",".305",".317",".143","69.8",6.8,11.3,9.6,31.9,27,"7.2",7,10.9,-11.5,59.8,28,"88.4","19.5",34.2,7.5,35.4,"98.815099625","93.569791438",16.9,46.4
"Harper, Bryce",547180,2026,33,203,237,53,29,10,1,13,45,31,19,13.1,".261",".512",".354","0.866",".291",".570",".374",".409",".385",".280","74.1",45,15.8,11.4,28.3,20.4,"7.4",3,13.4,-3.4,49.3,37.2,"89.6","12.3",37.3,14.3,42.2,"101.496668642","94.875551801",28.9,52.6
"Perdomo, Geraldo",672695,2026,26,185,226,43,28,9,3,3,29,32,12.8,14.2,".232",".362",".341","0.703",".251",".335",".318",".326",".366",".084","66.5",0,9.5,8.4,40.1,35.2,"6.9",4,8.6,-1.2,54.7,37.1,"87.3","12.3",34.1,3.7,31.7,"96.931351154","92.513743974",11,39.6
"Alonso, Pete",624413,2026,31,220,249,51,28,12,0,11,58,26,23.3,10.4,".232",".436",".313","0.749",".261",".505",".329",".362",".340",".244","74.4",43.4,23.2,17.1,35.6,26.3,"7.2",10,10.4,2.3,57.2,33.3,"95.1","14.9",33.5,12.8,55.5,"103.398331341","97.037339451",27.8,45.2
"Jung, Josh",673962,2026,28,197,216,60,39,15,0,6,33,16,15.3,7.4,".305",".472",".361","0.833",".308",".469",".367",".364",".365",".161","71.1",11.3,17.5,15,38.7,33.1,"7",9,12.5,-0.4,58.1,36.4,"89.7","12.3",40,6.1,46.1,"100.269013133","94.403360424",17.1,47.7
"Stewart, Sal",701398,2026,22,211,245,56,33,11,0,12,48,31,19.6,12.7,".265",".488",".359","0.847",".267",".502",".368",".373",".366",".235","72.1",24.9,14.5,11.1,31.3,23.9,"7.7",13,11,5.3,55.9,32,"90.7","13.2",35.2,15.8,41.2,"101.104116076","94.898776266",26.3,49.1
"Langeliers, Shea",669127,2026,28,212,237,62,37,12,0,13,47,20,19.8,8.4,".292",".533",".363","0.896",".288",".543",".389",".385",".359",".255","75.2",52.8,18.9,14,32.3,23.8,"7.2",2,11.4,-2.4,61.4,31.1,"92","21.4",36.1,14.5,45.8,"103.336623253","95.994402229",26.1,51.4
"Freeman, Freddie",518692,2026,36,203,235,55,31,15,1,8,38,30,16.2,12.8,".271",".473",".366","0.839",".283",".512",".369",".386",".378",".230","70.3",8.2,16.4,13.1,36.8,29.3,"6.8",6,7,2.2,42.4,42.7,"91.8","11.5",36.7,12,47.6,"101.343006024","95.073261205",22.5,48.9
"Hicks, Liam",689414,2026,27,182,209,48,32,5,0,11,19,19,9.1,9.1,".264",".473",".340","0.813",".256",".385",".354",".323",".340",".129","68",1.8,13.7,12.3,42.2,38,"6.8",3,8.3,-5.5,52.5,31,"86.5","14.2",27.5,4.8,33.5,"97.55080253","92.820661506",10.7,42.5
"Perez, Salvador",521692,2026,36,209,227,45,30,6,0,9,45,11,19.8,4.8,".215",".373",".264","0.637",".232",".409",".280",".300",".284",".176","71.3",15.1,15.1,11.3,31.9,23.9,"7.7",7,11.3,-4.5,58.2,34.7,"89","16.7",33.5,9,41.3,"100.264871786","94.305223892",26.4,56.6
"Vargas, Ildemaro",545121,2026,34,193,204,57,39,9,2,7,21,7,10.3,3.4,".295",".472",".322","0.794",".290",".411",".345",".317",".319",".121","70.6",15.3,14.6,12.5,40.7,34.8,"7.4",5,6.5,-7.2,54.7,22.5,"87","10.6",31,4,32.8,"97.877280233","92.980080117",15.3,50.7
"Naylor, Josh",647304,2026,29,213,235,55,45,5,0,5,32,20,13.6,8.5,".258",".352",".323","0.675",".290",".431",".303",".341",".352",".141","70",6.8,15,12.1,37.8,30.4,"7.5",3,9.9,-9,50.4,29.5,"87.6","14.4",33,6,39,"99.075700769","93.678387735",20.2,53.6
"Witt Jr., Bobby",677951,2026,26,225,250,64,40,14,1,9,44,23,17.6,9.2,".284",".476",".348","0.824",".313",".535",".358",".392",".378",".222","73.7",41,20.9,16,37.2,28.4,"7",7,5,-1.7,42.5,27.8,"93.8","15.5",38.3,13.3,54.6,"104.139844286","96.981989006",24.5,48.6
"Garcia, Maikel",672580,2026,26,220,242,59,40,15,1,3,35,20,14.5,8.3,".268",".386",".326","0.712",".282",".378",".318",".323",".342",".096","72.2",20.2,17.3,15.4,39.2,34.9,"7.1",6,4.1,0.3,42.3,27.8,"90.3","8.4",33.7,4.3,41.2,"100.484502258","94.473377676",14.2,38.3
"Lopez, Otto",672640,2026,27,223,239,75,55,14,2,4,37,9,15.5,3.8,".336",".471",".364","0.835",".292",".449",".365",".334",".324",".157","72.2",26.5,19.4,16,38.9,31.9,"6.8",11,5.9,-3.1,47,29.4,"90.4","7",29.5,7.4,44.7,"101.249332766","95.068935479",20.1,48.2
"Bichette, Bo",666182,2026,28,231,250,52,41,6,0,5,42,17,16.8,6.8,".225",".316",".276","0.592",".278",".427",".267",".329",".326",".149","69.9",15.1,13,10.9,33.3,28,"7.1",1,1.7,3.9,25.1,36.9,"90.9","8.7",33,7.3,45,"101.430207292","95.232166702",16.4,52.9
"Albies, Ozzie",645277,2026,29,226,251,62,44,9,0,9,31,18,12.4,7.2,".274",".434",".331","0.765",".249",".377",".337",".301",".308",".128","68.8",5.3,8.5,6.7,35.7,28,"7.2",7,11.3,-4.5,56,35,"86.5","17",33.7,4,26.6,"96.765476667","92.418109242",21.6,54.9
"Hoerner, Nico",663538,2026,29,228,262,57,40,13,0,4,20,27,7.6,10.3,".250",".360",".336","0.696",".286",".369",".316",".331",".369",".083","68.2",2,7.4,6.8,37.7,34.4,"7.3",6,5.7,-2.4,48.2,32.2,"85.1","13.2",38.4,1.4,25.6,"95.402397019","91.714222356",11.2,42.2