"player_name","player_id","year","xwoba","xba","xslg","xiso","xobp","brl","brl_percent","exit_velocity","max_ev","hard_hit_percent","k_percent","bb_percent","whiff_percent","chase_percent","arm_strength","sprint_speed","oaa","bat_speed","squared_up_rate","swing_length"
"Dunn, Oliver","686554","2026",,,,,,,,,7,,,,,,,76,,,,
"Ramírez, Pedro","699393","2026",,,,,,,,,18,,,,,,,26,,,,
"Garcia, Aramis","605244","2026",,,,,,,,,9,,,,,,,20,,,,
"Senger, Hayden","663584","2026",,,,,,,,,9,,,,,,,3,,,,
"Siri, Jose","642350","2026",,,,,,,,,33,,,,,,,69,,,,
"Schuemann, Max","680474","2026",,,,,,,,,13,,,,,,,61,,,,
"Lopez, Nicky","670032","2026",,,,,,,,,8,,,,,,,6,,,,
"Cook, Billy","695257","2026",,,,,,,,,12,,,,,,,91,,,,
"Jones, Greg","675659","2026",,,,,,,,,53,,,,,,,71,,,,
"Matos, Luis","682641","2026",,,,,,,,,14,,,,,,,37,,,,
"Rodríguez, Endy","682848","2026",,,,,,,,,11,,,,,,,24,,,,
"León, Sandy","506702","2026",,,,,,,,,3,,,,,,,1,,,,
"Kayfus, CJ","692216","2026",,,,,,,,,14,,,,,,,56,,,,
"Kemp, Otto","805249","2026",,,,,,,,,7,,,,,,,75,,,,
"Hinds, Rece","677956","2026",,,,,,,,,56,,,,,,,80,,,,
"Conine, Griffin","665052","2026",,,,,,,,,95,,,,,,,54,,,,
"Tromp, Chadwick","644433","2026",,,,,,,,,16,,,,,,,5,,,,
"Robles, Victor","645302","2026",,,,,,,,,31,,,,,,,85,,,,
"Kirk, Alejandro","672386","2026",,,,,,,,,19,,,,,,,1,,,,
"Short, Zack","670097","2026",,,,,,,,,9,,,,,,,23,,,,
"Marte, Noelvi","682622","2026",,,,,,,,,23,,,,,,,92,,,,
"Thompson, Sterlin","694514","2026",,,,,,,,,61,,,,,,,38,,,,
"Williams, Carson","700246","2026",,,,,,,,,64,,,,,,,64,,,,
"Brennan, Will","686823","2026",,,,,,,,,11,,,,,,,78,,,,
"Young, Jared","676724","2026",,,,,,,,,92,,,,,,,58,,,,
"Workman, Gage","669398","2026",,,,,,,,,52,,,,,,,82,,,,
"McGuire, Reese","624512","2026",,,,,,,,,2,,,,,,,9,,,,
"Holliday, Jackson","702616","2026",,,,,,,,,21,,,,,,,29,,,,
"Joe, Connor","656582","2026",,,,,,,,,39,,,,,,,35,,,,
"Ibáñez, Andy","628451","2026",,,,,,,,,17,,,,,,,52,,,,
"Murray, Tanner","695020","2026",,,,,,,,,47,,,,,,,42,,,,
"Volpe, Anthony","683011","2026",,,,,,,,,14,,,,,,,60,,,,
"Jiménez, Eloy","650391","2026",,,,,,,,,9,,,,,,,22,,,,
"Pereda, Jhonny","640902","2026",,,,,,,,,29,,,,,,,2,,,,
"Encarnacion, Jerar","666464","2026",,,,,,,,,85,,,,,,,34,,,,
"Dezenzo, Zach","701305","2026",,,,,,,,,23,,,,,,,58,,,,
"Ruiz, Esteury","665923","2026",,,,,,,,,17,,,,,,,99,,,,
"d'Arnaud, Travis","518595","2026",,,,,,,,,14,,,,,,,7,,,,
"Wilson, Weston","642215","2026",,,,,,,,,66,,,,,,,47,,,,
"Sogard, Nick","686765","2026",,,,,,,,,6,,,,,,,71,,,,
"Slater, Austin","596103","2026",,,,,,,,,7,,,,,,,66,,,,
"Hays, Austin","669720","2026",,,,,,,,,82,,,,,,,51,,,,
"Teodosio, Bryce","669326","2026",,,,,,,,,33,,,,,,72,96,,,,
"Cole, Zach","805904","2026",,,,,,,,,94,,,,,,,79,,,,
"Crews, Dylan","686611","2026",,,,,,,,,27,,,,,,,94,,,,
"Kelenic, Jarred","672284","2026",,,,,,,,,71,,,,,,,37,,,,
"Kreidler, Ryan","668952","2026",,,,,,,,,50,,,,,,,68,,,,
"Eldridge, Bryce","805811","2026",,,,,,,,,91,,,,,,,10,,,,
"Jiménez, Leo","677870","2026",,,,,,,,,41,,,,,,,68,,,,
"Morel, Christopher","666624","2026",,,,,,,,,56,,,,,,,36,,,,
"Ewing, A.J.","805999","2026",,,,,,,,,69,,,,,,,92,,,,
"Bolte, Henry","703607","2026",,,,,,,,,84,,,,,,,99,,,,
"Espinal, Santiago","669289","2026",,,,,,,,,7,,,,,,,33,,,,
"Foscue, Justin","679822","2026",,,,,,,,,31,,,,,,13,55,83,,,
"Allen, Nick","669397","2026",,,,,,,,,21,,,,,,61,47,,,,
"Wiemer, Joey","686894","2026",,,,,,,,,69,,,,,,,92,,,,
"Dunn, Blake","694362","2026",,,,,,,,,50,,,,,,,99,,,,
"Susac, Daniel","691740","2026",,,,,,,,,16,,,,,,,41,,,,
"Jones, Jahmai","663330","2026",,,,,,,,,81,,,,,,,80,,,,
"Garver, Mitch","641598","2026",,,,,,,,,69,,,,,,,10,,,,
"Wong, Connor","657136","2026",,,,,,,,,41,,,,,,,53,,,,
"McCann, James","543510","2026",,,,,,,,,61,,,,,,,13,,,,
"Tawa, Tim","694374","2026",,,,,,,,,13,,,,,,,60,,,,
"Polanco, Jorge","593871","2026",,,,,,,,,49,,,,,,,11,,,,
"Call, Alex","669743","2026",,,,,,,,,14,,,,,,,65,,,,
"Melendez, MJ","669004","2026",,,,,,,,,82,,,,,,,41,,,,
"Vaughn, Andrew","683734","2026",,,,,,,,,16,,,,,,,14,,,,
"Urías, Ramón","602104","2026",,,,,,,,,30,,,,,,,36,11,,,
"Perkins, Blake","663368","2026",,,,,,,,,27,,,,,,,82,,,,
"Escarra, J.C.","641555","2026",,,,,,,,,52,,,,,,,24,,,,
"Marchán, Rafael","665561","2026",,,,,,,,,12,,,,,,,20,,,,
"Mateo, Jorge","622761","2026",,,,,,,,,84,,,,,,85,100,,,,
"Benson, Will","666181","2026",,,,,,,,,82,,,,,,72,84,70,,,
"Frazier, Adam","624428","2026",,,,,,,,,13,,,,,,12,25,55,,,
"Grichuk, Randal","545341","2026",,,,,,,,,73,,,,,,,44,,,,
"Meyers, Jake","676694","2026",,,,,,,,,28,,,,,,,63,,,,
"McCutchen, Andrew","457705","2026",,,,,,,,,23,,,,,,,61,,,,
"Lee, Hao-Yu ","701678","2026",,,,,,,,,70,,,,,,22,72,12,,,
"Fermín, José","665877","2026",,,,,,,,,55,,,,,,,50,,,,
"Heim, Jonah","641680","2026",,,,,,,,,23,,,,,,,11,,,,
"Triolo, Jared","669707","2026",,,,,,,,,47,,,,,,,81,17,,,
"Kiner-Falefa, Isiah","643396","2026",,,,,,,,,42,,,,,,11,48,94,,,
"White, Eli","642201","2026",,,,,,,,,50,,,,,,,100,,,,
"Loftin, Nick","679845","2026",,,,,,,,,71,,,,,,51,72,1,,,
"Barrosa, Jorge","678489","2026",,,,,,,,,13,,,,,,56,90,84,,,
"Gray, Tristan","656484","2026",,,,,,,,,76,,,,,,45,27,85,,,
"Higashioka, Kyle","543309","2026",,,,,,,,,32,,,,,,,2,,,,
"Hedges, Austin","595978","2026",,,,,,,,,31,,,,,,,3,,,,
"Amaya, Miguel","665804","2026",,,,,,,,,20,,,,,,,7,,,,
"Yorke, Nick","694377","2026",,,,,,,,,92,,,,,,,61,,,,
"Chourio, Jackson","694192","2026",,,,,,,,,91,,,,,,85,87,,,,
"Vilade, Ryan","668723","2026",,,,,,,,,45,,,,,,80,88,,,,
"Piñango, Yohendrick","682818","2026",,,,,,,,,96,,,,,,32,40,,,,
"Moncada, Yoán","660162","2026",8,1,5,25,19,15,45,68,68,46,2,83,27,93,,28,2,,,
"Sánchez, Gary","596142","2026",,,,,,,,,82,,,,,,,3,,,,
"Millas, Drew","686452","2026",,,,,,,,,16,,,,,,,58,,,,
"Robert Jr., Luis","673357","2026",,,,,,,,,86,,,,,,61,93,42,,,
"Lewis, Royce","668904","2026",,,,,,,,,79,,,,,,,51,15,,,
"Cowser, Colton","681297","2026",,,,,,,,,91,,,,,,87,76,87,,,
"Tena, José","677588","2026",,,,,,,,,94,,,,,,,63,,,,
"Donovan, Brendan","680977","2026",,,,,,,,,57,,,,,,,9,3,,,
"Torrens, Luis","620443","2026",,,,,,,,,27,,,,,,,27,,,,
"Peña, Jeremy","665161","2026",,,,,,,,,63,,,,,,26,89,61,,,
"Thomas, Alek","677950","2026",,,,,,,,,41,,,,,,30,64,80,,,
"France, Ty","664034","2026",,,,,,,,,57,,,,,,2,5,94,,,
"Suárez, Eugenio","553993","2026",20,11,23,40,23,20,55,11,57,3,12,67,11,60,,19,,,,
"Thomas, Lane","657041","2026",24,9,4,5,70,4,9,5,38,20,48,97,64,89,90,93,9,,,
"Smith, Josh","669701","2026",,,,,,,,,42,,,,,,7,52,16,,,
"Cronenworth, Jake","630105","2026",,,,,,,,,47,,,,,,10,90,66,,,
"Valenzuela, Brandon","678218","2026",,,,,,,,,77,,,,,,,9,,,,
"Fermin, Freddy","666023","2026",,,,,,,,,14,,,,,,,39,,,,
"Palacios, Richie","680700","2026",34,29,11,9,67,7,16,20,31,7,43,77,55,48,5,45,6,,,
"Del Castillo, Adrian","680728","2026",4,4,14,38,1,15,32,34,29,46,8,36,16,53,,28,,,,
"Rojas, Miguel","500743","2026",,,,,,,,,45,,,,,,36,23,92,,,
"Caissie, Owen","683357","2026",15,9,34,59,5,44,79,86,87,79,1,21,5,50,89,78,5,78,5,69
"Shaw, Matt","807713","2026",,,,,,,,,41,,,,,,,93,43,,,
"Bleday, JJ","668709","2026",98,88,96,95,95,51,84,75,87,80,72,92,37,87,92,50,25,,,
"Castellanos, Nick","592206","2026",16,39,48,51,5,25,55,27,49,34,19,8,8,5,28,50,8,16,30,15
"Mitchell, Garrett","669003","2026",64,20,49,66,68,51,83,92,97,94,1,91,2,96,96,97,79,97,5,59
"Acuña, Luisangel","682668","2026",,,,,,,,,61,,,,,,75,96,24,,,
"Hernaiz, Darell","687231","2026",,,,,,,,,46,,,,,,25,65,82,,,
"Hoskins, Rhys","656555","2026",27,1,11,43,46,44,74,34,85,66,16,98,23,95,2,6,,55,19,1
"McKinstry, Zach","656716","2026",,,,,,,,,23,,,,,,65,56,90,,,
"Ramírez, Agustín","682663","2026",14,23,9,11,35,11,21,45,97,45,46,61,17,68,,53,,,,
"Pagés, Pedro","686780","2026",13,24,31,43,4,20,36,12,50,27,33,7,36,11,,15,,,,
"Lowe, Josh","666139","2026",5,8,25,48,1,25,48,37,54,20,14,9,29,14,73,57,46,72,3,24
"Stowers, Kyle","669065","2026",38,39,34,35,50,20,36,66,64,88,18,59,6,18,67,26,,76,18,94
"Canzone, Dominic","686527","2026",75,70,80,77,64,61,89,94,94,88,37,47,8,45,,26,,,,
"Vivas, Jorbit","678391","2026",,,,,,,,,46,,,,,,22,38,49,,,
"Davis, Henry","680779","2026",15,7,18,39,17,38,66,73,85,29,65,42,58,30,,65,,,,
"Lowe, Nathaniel","663993","2026",96,89,95,94,84,61,91,66,88,80,36,71,63,69,,18,,,,
"Moreno, Gabriel","672515","2026",76,72,79,76,59,51,76,47,66,66,58,36,78,16,,31,,,,
"Sosa, Lenyn","672820","2026",,,,,,,,,39,,,,,,,35,,,,
"Williamson, Ben","810938","2026",38,58,19,11,66,2,3,43,54,38,63,68,86,47,32,78,14,,,
"Vázquez, Christian","543877","2026",,,,,,,,,37,,,,,,,1,,,,
"Ortiz, Joey","687401","2026",18,14,3,2,40,7,12,10,71,21,69,75,80,45,45,85,98,,,
"Walls, Taylor","670764","2026",1,1,1,1,8,4,8,1,8,1,30,75,69,76,26,64,84,,,
"Julien, Edouard","666397","2026",49,34,46,51,52,25,42,75,53,88,19,71,46,90,15,29,8,38,65,76
"Matthews, Brice","694728","2026",6,4,17,43,1,25,42,38,75,43,5,27,3,74,78,77,92,55,14,53
"Mayo, Coby","691723","2026",34,26,44,58,25,38,64,87,99,79,13,40,28,61,,70,3,,,
"Rooker, Brent","667670","2026",26,5,46,76,11,61,84,41,77,38,5,62,1,35,,62,,72,2,69
"Manzardo, Kyle","700932","2026",53,32,59,66,44,61,82,48,45,57,3,59,14,49,1,14,32,27,29,5
"Yoshida, Masataka","807799","2026",38,42,21,18,63,4,7,40,47,64,99,67,98,77,,25,,,,
"Gelof, Zack","680869","2026",23,26,50,61,8,32,50,60,42,64,32,14,36,94,20,91,57,,,
"Ballesteros, Moisés","694208","2026",53,37,56,61,44,51,71,80,77,89,55,67,30,17,,6,,63,70,59
"Hamilton, David","666152","2026",8,10,4,7,23,4,7,4,62,5,59,62,80,41,52,96,4,,,
"Jeffers, Ryan","680777","2026",93,64,87,89,93,75,93,82,91,61,82,95,88,84,,26,,,,
"Schneemann, Daniel","682177","2026",46,41,43,45,49,25,36,22,32,28,16,68,17,32,87,60,96,43,18,53
"Mead, Curtis","678554","2026",85,66,82,82,88,59,74,47,57,74,78,89,84,78,,40,5,,,
"Pederson, Joc","592626","2026",72,42,50,51,78,38,57,86,70,84,45,91,16,68,,15,,47,41,34
"Caratini, Victor","605170","2026",60,41,29,31,71,15,22,41,33,32,55,45,68,67,,2,,,,
"Collins, Isaac","686555","2026",30,19,9,12,63,38,55,37,73,46,23,80,38,97,41,54,11,66,50,88
"Raleigh, Cal","663728","2026",18,2,40,79,2,61,77,22,62,12,7,61,20,11,,18,,81,1,9
"Yastrzemski, Mike","573262","2026",16,25,12,13,32,15,21,70,24,35,35,42,50,52,43,44,42,30,72,43
"Castro, Willi","650489","2026",9,13,14,26,7,20,26,48,77,68,11,32,20,9,82,76,73,55,7,53
"Larnach, Trevor","663616","2026",50,36,26,28,72,25,32,12,46,14,60,88,43,47,54,34,29,35,59,59
"Scott II, Victor","687363","2026",4,14,5,5,8,2,2,19,18,5,29,24,38,85,73,97,88,,,
"Seager, Corey","608369","2026",60,22,69,82,48,79,92,81,66,71,21,76,5,54,29,7,24,48,31,94
"Jensen, Carter","695600","2026",11,4,14,37,13,38,49,52,93,40,14,68,9,64,,62,,80,15,69
"Fortes, Nick","663743","2026",9,52,12,4,16,2,2,22,50,57,88,1,89,9,,32,,50,56,43
"McCarthy, Jake","664983","2026",24,49,33,28,22,20,25,2,37,2,66,13,61,26,20,98,33,35,26,69
"Peters, Tristan","671976","2026",21,39,19,17,35,15,19,18,21,3,59,32,54,25,39,89,95,14,47,88
"House, Brady","691781","2026",48,49,65,63,29,59,69,41,91,59,16,29,9,28,,69,5,69,12,24
"Clemens, Kody","665019","2026",52,30,61,70,37,71,81,89,44,52,35,30,47,38,15,58,74,43,70,69
"Benintendi, Andrew","643217","2026",37,45,59,59,22,51,64,38,27,77,19,23,25,27,,29,,15,54,69
"Friedl, TJ","670770","2026",2,5,1,3,7,7,9,31,27,9,35,30,41,64,49,34,77,33,76,88
"Fernandez, Jose","699912","2026",12,42,23,21,8,11,14,31,73,44,40,5,50,16,,96,71,78,33,9
"Springer, George","543807","2026",34,25,40,54,29,44,52,29,50,35,66,44,48,64,,36,,55,26,34
"Gorman, Nolan","669357","2026",23,14,36,56,23,51,60,45,82,63,13,70,3,42,,8,83,61,10,34
"Mayer, Marcelo","691785","2026",3,6,6,13,4,32,35,15,53,32,63,23,37,53,11,49,71,81,25,5
"Keith, Colt","690993","2026",42,75,48,33,38,20,23,43,57,46,53,16,60,88,,82,27,46,91,88
"Acuña Jr., Ronald","660670","2026",89,58,85,88,91,75,80,57,91,66,50,93,32,71,96,48,26,92,24,24
"Martin, Austin","668885","2026",62,60,23,16,84,11,12,12,30,13,85,86,82,98,57,65,59,12,91,96
"Kurtz, Nick","701762","2026",90,46,80,86,98,89,95,98,98,99,10,100,4,92,5,34,34,99,8,9
"Crawford, Justin","702222","2026",8,26,7,3,21,4,5,22,31,26,65,29,82,14,31,98,18,10,74,76
"O'Hearn, Ryan","656811","2026",76,80,73,63,78,38,39,68,42,68,67,65,70,48,33,40,38,31,83,69
"Hernández, Teoscar","606192","2026",66,61,68,64,59,66,70,54,71,70,21,54,25,70,75,82,66,50,32,15
"Sánchez, Jesús","660821","2026",68,88,78,68,53,51,55,82,85,74,48,7,45,6,68,23,7,69,36,85
"García, Adolis","666969","2026",23,21,20,28,32,38,36,90,84,86,11,49,11,58,95,32,87,47,48,15
"Jackson, Jeremiah","669236","2026",20,55,53,48,5,51,52,50,73,45,56,1,40,11,40,40,37,63,76,24
"Johnston, Troy","687859","2026",54,83,38,17,67,4,4,38,25,33,49,35,51,10,49,28,30,17,80,88
"Turang, Brice","668930","2026",87,72,75,73,95,51,50,84,57,78,32,98,71,93,46,86,79,24,63,88
"Rengifo, Luis","650859","2026",20,52,18,12,38,25,24,20,36,25,94,32,77,36,64,46,30,31,82,59
"Andujar, Miguel","609280","2026",20,70,39,26,18,20,18,38,52,34,73,1,80,6,,51,,31,47,24
"Crawford, J.P.","641487","2026",75,49,59,58,85,61,63,32,40,26,71,89,85,98,19,10,1,43,82,43
"Mullins, Cedric","656775","2026",1,2,3,14,2,4,4,27,41,10,76,26,77,61,46,54,82,26,69,43
"Contreras, Willson","575929","2026",96,81,91,91,90,87,88,60,90,60,29,59,21,32,45,45,85,94,8,5
"Dingler, Dillon","693307","2026",92,86,91,91,82,82,80,62,71,86,46,55,65,27,,60,,40,55,15
"Tovar, Ezequiel","678662","2026",38,44,54,56,26,51,46,31,53,29,27,19,23,2,55,66,41,46,9,24
"Cruz, Oneil","665833","2026",68,44,81,87,37,93,95,100,100,100,1,36,2,29,100,74,16,99,27,24
"Wood, James","695578","2026",100,85,100,100,100,100,100,100,99,100,15,98,13,90,75,59,2,95,48,43
"Winn, Masyn","691026","2026",21,46,10,2,53,11,10,15,46,10,50,38,55,76,93,74,67,20,50,53
"Horwitz, Spencer","687462","2026",65,32,27,31,77,32,26,9,41,19,92,91,95,76,8,5,76,10,83,85
"Lowe, Brandon","664040","2026",86,68,91,93,73,87,85,60,75,76,30,74,5,35,15,43,97,65,40,76
"Carroll, Corbin","682998","2026",85,77,86,82,85,85,80,81,81,85,42,85,30,43,28,97,93,85,50,24
"Duran, Jarren","680776","2026",31,32,44,53,23,79,75,70,96,41,18,26,7,26,75,92,91,85,22,24
"Rafaela, Ceddanne","678882","2026",27,37,26,28,32,51,45,20,47,30,52,15,46,17,84,91,99,19,63,43
"Merrill, Jackson","701538","2026",45,37,63,68,34,71,67,45,49,73,30,41,30,23,88,87,76,66,7,24
"Benge, Carson","701807","2026",59,70,61,47,54,59,50,54,50,57,54,28,70,63,98,83,74,35,61,98
"Neto, Zach","687263","2026",59,16,57,75,53,79,73,54,57,37,9,78,21,40,83,59,1,26,20,59
"Burger, Jake","669394","2026",32,41,57,61,16,71,66,73,93,85,22,15,4,7,2,46,72,82,31,43
"Martínez, Angel","682657","2026",36,58,57,51,21,59,49,32,64,25,59,2,83,4,95,63,88,40,29,15
"Crow-Armstrong, Pete","691718","2026",60,36,62,66,53,66,62,84,79,89,25,52,33,8,92,95,100,78,20,53
"McNeil, Jeff","643446","2026",43,79,23,7,68,4,4,10,16,16,89,41,88,38,12,15,8,4,77,69
"Devers, Rafael","646240","2026",21,22,59,73,6,75,70,85,86,89,11,16,21,34,20,19,13,39,35,34
"Walker, Jordan","691023","2026",91,86,93,91,77,93,91,98,98,95,31,49,17,24,99,94,13,100,27,1
"Giménez, Andrés","665926","2026",3,16,8,13,2,20,16,5,50,2,70,2,54,4,61,59,96,5,43,76
"De La Cruz, Elly","682829","2026",78,69,85,85,58,92,89,97,99,96,9,39,25,66,91,79,96,82,55,59
"Frelick, Sal","686217","2026",12,32,11,8,29,11,9,6,33,6,95,42,98,87,45,88,66,5,93,69
"Gonzales, Nick","693304","2026",60,96,42,11,73,7,6,8,60,33,73,19,57,38,39,84,86,28,37,34
"Ward, Taylor","621493","2026",74,54,30,24,96,25,19,48,56,38,56,99,83,100,26,57,28,4,96,88
"Arozarena, Randy","668227","2026",66,61,46,39,76,51,38,81,89,54,38,54,33,30,37,45,25,28,58,59
"Meidroth, Chase","805367","2026",29,34,20,19,43,38,27,25,39,30,43,62,82,71,11,44,63,2,87,96
"Tatis Jr., Fernando","665487","2026",71,82,44,23,80,71,62,57,92,93,47,62,22,54,97,91,98,87,44,43
"Schanuel, Nolan","694384","2026",38,76,38,22,46,15,11,18,29,15,80,19,80,56,9,21,85,7,86,85
"Adames, Willy","642715","2026",14,23,38,53,3,66,57,41,42,59,17,9,41,32,64,63,1,54,41,3
"Bogaerts, Xander","593428","2026",50,64,51,40,49,44,30,22,68,23,72,44,63,62,39,51,75,43,56,43
"Soderstrom, Tyler","691016","2026",50,37,56,61,50,82,72,57,90,63,63,70,58,55,91,41,15,73,52,34
"Vargas, Miguel","678246","2026",93,48,90,94,90,94,90,62,89,71,75,93,76,98,53,74,10,73,46,15
"Abrams, CJ","682928","2026",85,77,82,80,91,82,72,57,71,50,56,71,28,27,48,84,1,58,38,15
"Pasquantino, Vinnie","686469","2026",32,29,34,40,40,59,44,34,42,23,69,70,87,36,1,12,36,17,65,59
"Harper, Bryce","547180","2026",97,93,97,96,93,93,86,52,92,53,64,83,26,19,78,44,1,73,14,43
"Perdomo, Geraldo","672695","2026",56,49,15,9,82,20,15,20,25,14,91,89,98,90,46,39,93,2,93,85
"Alonso, Pete","624413","2026",79,64,88,90,63,89,79,99,95,97,37,65,34,66,7,9,89,76,60,59
"Jung, Josh","673962","2026",80,98,79,55,80,44,29,53,64,74,83,29,86,37,43,20,21,35,90,76
"Stewart, Sal","701398","2026",84,70,88,88,82,96,93,76,77,48,60,79,43,54,3,30,39,50,38,15
"Langeliers, Shea","669127","2026",91,89,94,93,77,94,87,89,95,72,58,39,43,37,,85,,87,38,59
"Freeman, Freddie","518692","2026",92,85,89,86,88,87,75,88,66,82,79,80,61,69,33,7,72,23,81,88
"Hicks, Liam","689414","2026",52,57,39,32,63,32,22,12,37,18,98,49,99,71,,16,,5,98,88
"Perez, Salvador","521692","2026",27,29,53,63,11,71,59,41,76,50,58,10,42,1,,1,,38,38,15
"Vargas, Ildemaro","545121","2026",45,92,55,27,43,25,16,18,52,17,97,3,93,5,11,43,51,27,92,43
"Naylor, Josh","647304","2026",68,92,66,39,72,51,29,24,79,39,89,40,73,19,33,4,22,20,85,34
"Witt Jr., Bobby","677951","2026",95,98,93,82,88,94,82,96,98,97,71,52,52,28,83,100,100,70,78,76
"Garcia, Maikel","672580","2026",52,83,36,14,64,32,18,68,70,48,87,38,95,88,77,64,97,50,93,69
"Lopez, Otto","672640","2026",64,94,72,50,48,66,42,70,88,66,82,5,74,23,35,83,37,50,89,88
"Bichette, Bo","666182","2026",59,81,65,46,50,66,41,79,97,70,77,23,88,7,42,18,79,19,74,69
"Albies, Ozzie","645277","2026",29,48,34,31,32,32,16,12,39,7,92,28,68,18,3,47,93,10,74,59
"Hoerner, Nico","663538","2026",62,88,29,9,84,7,4,4,21,4,100,64,97,43,17,81,98,8,92,53
"Wells, Austin","669224","2026",32,17,27,45,50,20,32,54,69,72,26,88,35,53,,13,,58,20,24
"McGonigle, Kevin","805808","2026",79,72,74,70,85,75,59,32,56,30,88,86,96,96,28,73,24,40,88,85
"Freeland, Alex","690976","2026",,,,,,,,,30,,,,,,30,39,91,,,
"Nuñez, Nasim","683083","2026",7,12,1,1,32,1,1,4,21,1,49,73,56,68,66,98,83,4,22,94
"Mangum, Jake","663968","2026",,,,,,,,,14,,,,,,72,94,,,,
"Abreu, Wilyer","677800","2026",68,72,74,71,55,82,70,50,89,48,61,45,64,42,98,72,89,70,48,69
"Vientos, Mark","668901","2026",62,60,83,85,19,66,67,70,66,73,54,5,18,15,23,16,9,66,52,34
"Reyes, Felix","694025","2026",,,,,,,,,66,,,,,,,79,,,,
"Refsnyder, Rob","608701","2026",,,,,,,,,57,,,,,,,33,,,,
"Schmitt, Casey","669477","2026",76,79,90,90,38,92,89,50,85,66,61,4,64,18,,74,70,50,63,15
"Campusano, Luis","669134","2026",,,,,,,,,63,,,,,,,18,,,,
"Karros, Kyle","691720","2026",47,44,21,18,68,20,25,45,81,41,33,83,54,81,55,38,81,21,38,76
"Harris II, Michael","671739","2026",95,98,98,95,61,97,93,96,97,98,66,3,41,1,56,50,88,85,68,2
"Saggese, Thomas","695336","2026",,,,,,,,,60,,,,,,,59,57,,,
"Stubbs, Garrett","596117","2026",,,,,,,,,11,,,,,,,3,,,,
"Rodriguez, Jesus","683679","2026",,,,,,,,,7,,,,,,,61,,,,
"Mauricio, Ronny","677595","2026",,,,,,,,,76,,,,,,,12,,,,
"Butler, Lawrence","671732","2026",23,28,16,21,41,20,30,66,88,76,22,74,22,83,54,25,16,66,9,76
"Nishida, Rikuu","807747","2026",,,,,,,,,8,,,,,,,49,,,,
"Alexander, Blaze","677942","2026",56,91,56,28,61,11,19,90,89,83,22,16,16,52,67,83,15,63,35,34
"Goodman, Hunter","696100","2026",27,13,54,74,10,79,86,82,81,78,2,21,6,2,,55,,88,3,43
"Carter, Evan","694497","2026",29,7,20,43,41,44,46,33,44,38,43,83,47,95,66,90,97,38,33,69
"Wallner, Matt","670242","2026",14,6,14,35,16,25,68,34,66,43,1,29,1,38,98,21,9,90,1,34
"Dubón, Mauricio","643289","2026",27,55,31,25,31,32,22,15,25,9,81,16,83,15,92,31,96,14,72,24
"Lindor, Francisco","596019","2026",,,,,,,,,76,,,,,,12,40,86,,,
"Buxton, Byron","621439","2026",63,28,84,92,21,98,97,62,68,80,25,27,13,21,63,98,85,70,22,3
"Sanoja, Javier","691594","2026",7,32,7,4,16,4,6,29,24,18,98,24,96,4,58,85,23,,,
"Contreras, William","661388","2026",70,86,67,47,73,61,44,73,82,64,90,54,75,59,,8,,66,87,59
"Rivas, Leo","660844","2026",,,,,,,,,4,,,,,,46,55,67,,,
"Story, Trevor","596115","2026",1,11,7,14,1,11,15,40,57,52,4,9,13,2,23,67,12,35,15,43
"Norby, Connor","681393","2026",15,3,12,35,26,32,41,15,17,21,14,65,18,73,23,73,87,24,17,76
"Jansen, Danny","643376","2026",2,1,2,20,4,15,30,29,36,20,14,47,41,81,,41,,,,
"Pages, Andy","681624","2026",76,88,84,76,61,75,62,62,60,79,64,21,60,21,97,73,95,61,54,15
"Young, Jacob","696285","2026",46,72,51,38,43,38,29,43,64,28,77,11,75,80,64,95,100,16,96,59
"Isbel, Kyle","664728","2026",10,29,13,14,14,11,15,25,40,13,38,13,73,23,38,54,91,,,
"Betts, Mookie","605141","2026",,,,,,,,,19,,,,,,21,25,68,,,
"Straw, Myles","664702","2026",,,,,,,,,33,,,,,,63,97,,,,
"Fry, David","681807","2026",,,,,,,,,29,,,,,,,24,,,,
"Barger, Addison","680718","2026",,,,,,,,,42,,,,,,,23,,,,
"Brito, Juan","682877","2026",,,,,,,,,33,,,,,,,30,,,,
"Díaz, Yandy","650490","2026",83,91,82,72,85,71,60,75,93,71,91,41,96,63,,15,,66,72,24
"Peraza, Oswald","672724","2026",54,66,52,41,54,38,52,14,66,16,29,13,20,14,57,80,71,50,3,9
"Fraley, Jake","641584","2026",,,,,,,,,40,,,,,,78,81,,,,
"Wynns, Austin","642851","2026",,,,,,,,,55,,,,,,,6,,,,
"Domínguez, Jasson","691176","2026",,,,,,,,,71,,,,,,,38,,,,
"Alvarez, Francisco","682626","2026",70,48,76,80,49,66,94,68,81,54,46,41,29,43,,16,,,,
"Outman, James","681546","2026",,,,,,,,,11,,,,,,,68,,,,
"DeLuca, Jonny","676356","2026",11,52,21,16,10,7,12,5,52,11,53,7,43,12,80,95,87,,,
"Lockridge, Brandon","663604","2026",,,,,,,,,68,,,,,,68,94,47,,,
"Semien, Marcus","543760","2026",36,52,53,50,25,61,48,9,37,21,56,19,65,56,19,77,8,9,77,9
"Langford, Wyatt","694671","2026",,,,,,,,,52,,,,,,54,70,,,,
"Raley, Luke","670042","2026",89,72,97,97,48,85,98,86,93,92,2,11,1,32,80,88,4,90,6,53
"Kim, Hyeseong","808975","2026",31,64,17,7,56,7,14,7,12,4,34,52,38,51,50,90,42,,,
"Ramírez, José","608070","2026",82,86,76,66,94,66,45,62,71,55,89,91,89,49,46,53,94,21,57,34
"Johnson, Bryce","669369","2026",,,,,,,,,3,,,,,,,66,,,,
"Varsho, Daulton","662139","2026",38,60,31,23,56,44,32,11,68,40,62,52,70,22,21,49,75,61,12,24
"Guerrero Jr., Vladimir","665489","2026",80,97,64,27,97,61,42,66,98,55,96,80,74,41,21,21,71,94,44,34
"Arcia, Orlando","606115","2026",,,,,,,,,5,,,,,,,12,,,,
"India, Jonathan","663697","2026",,,,,,,,,19,,,,,,,62,,,,
"Ramos, Heliot","671218","2026",56,76,71,64,34,75,84,89,79,87,23,14,27,13,71,48,21,49,20,88
"Rodríguez, Julio","677594","2026",66,66,75,75,43,75,57,70,93,61,52,27,36,8,94,89,4,95,10,9
"Haase, Eric","606992","2026",,,,,,,,,18,,,,,,,74,,,,
"Feduccia, Hunter","676439","2026",,,,,,,,,33,,,,,,,56,,,,
"Altuve, Jose","514888","2026",43,49,32,27,56,32,30,10,36,29,65,64,50,29,7,67,20,12,79,24
"Myers, Dane","667472","2026",,,,,,,,,33,,,,,,98,49,73,,,
"Lee, Brooks","686797","2026",7,17,13,20,7,25,18,14,41,9,70,18,70,20,35,28,2,16,62,76
"Beavers, Dylan","687637","2026",,,,,,,,,57,,,,,,79,93,,,,
"Santana, Carlos","467793","2026",,,,,,,,,33,,,,,,,1,,,,
"Bailey, Patrick","672275","2026",,,,,,,,,25,,,,,,,4,,,,
"Pozo, Yohel","650968","2026",,,,,,,,,16,,,,,,,4,,,,
"DeLauter, Chase","800050","2026",74,83,61,38,80,44,27,48,76,35,95,73,92,97,61,33,,40,90,43
"Hill, Derek","656537","2026",,,,,,,,,22,,,,,,69,95,,,,
"Báez, Javier","595879","2026",,,,,,,,,13,,,,,,74,48,19,,,
"Black, Tyler","672012","2026",,,,,,,,,4,,,,,,,70,,,,
"Valera, George","671655","2026",,,,,,,,,45,,,,,,,13,,,,
"Riley, Austin","663586","2026",31,14,46,70,20,71,67,80,82,68,10,36,9,30,53,66,19,90,22,34
"Antonacci, Sam","803011","2026",88,100,68,28,98,32,41,24,45,25,86,21,89,95,59,77,9,,,
"Arraez, Luis","650333","2026",43,95,31,6,64,1,1,24,5,2,100,14,100,28,30,34,99,1,100,100
"Sosa, Edmundo","624641","2026",,,,,,,,,79,,,,,,25,79,75,,,
"Torres, Gleyber","650402","2026",71,63,28,21,94,20,30,1,12,5,83,97,73,99,6,8,79,,,
"Marte, Ketel","606466","2026",88,97,89,79,78,87,71,79,99,66,85,34,67,25,37,27,90,75,60,15
"Massey, Michael","686681","2026",,,,,,,,,33,,,,,,18,42,92,,,
"Baldwin, Drake","686948","2026",98,96,98,96,95,98,96,93,71,96,55,72,56,25,,30,,85,65,53
"Swanson, Dansby","621020","2026",30,9,30,56,32,51,46,54,66,55,41,78,22,74,28,71,95,38,69,34
"Trout, Mike","545361","2026",99,55,98,98,99,98,98,80,95,84,39,100,65,98,69,89,18,88,31,15
"Edwards, Xavier","669364","2026",78,91,69,48,87,61,36,27,20,19,94,75,94,86,7,73,86,8,98,96
"Beck, Jordan","687597","2026",,,,,,,,,42,,,,,,82,75,,,,
"Smith, Cam","701358","2026",73,46,76,81,59,85,87,33,96,61,22,61,15,46,84,96,97,98,9,15
"Montgomery, Colson","695657","2026",56,16,69,84,35,82,80,62,95,63,11,45,2,46,23,29,99,93,1,9
"Bregman, Alex","608324","2026",54,66,44,34,66,44,25,36,45,51,77,57,80,93,26,19,50,15,92,76
"McMahon, Ryan","641857","2026",16,13,34,55,7,44,68,70,69,86,8,32,17,45,59,17,62,76,43,53
"Pauley, Graham","688363","2026",,,,,,,,,17,,,,,,,27,78,,,
"Rosario, Amed","642708","2026",,,,,,,,,84,,,,,,,86,3,,,
"Lukes, Nathan","664770","2026",,,,,,,,,37,,,,,,89,45,,,,
"Gasper, Mickey","681508","2026",,,,,,,,,22,,,,,,,36,,,,
"Correa, Carlos","621043","2026",80,91,75,60,88,44,67,45,89,48,68,80,57,36,75,47,77,,,
"Pérez, Wenceel","672761","2026",6,7,15,34,3,25,32,22,29,22,86,35,84,73,46,76,6,,,
"Grissom, Vaughn","687093","2026",66,68,63,54,59,25,35,81,47,84,96,49,75,80,67,37,21,,,
"Lile, Daylen","695734","2026",50,57,64,60,35,71,49,29,56,30,68,30,50,16,49,95,81,28,62,34
"Osuna, Alejandro","696030","2026",,,,,,,,,39,,,,,,55,85,29,,,
"Narváez, Carlos","665966","2026",,,,,,,,,62,,,,,,,8,,,,
"Marsh, Brandon","669016","2026",60,93,70,49,46,44,38,60,64,82,43,9,63,9,82,75,53,40,78,59
"Stephenson, Tyler","663886","2026",54,16,61,76,44,51,73,70,32,64,23,83,35,88,,36,,33,58,24
"Bauers, Jake","641343","2026",73,64,81,81,61,71,75,87,86,95,45,49,47,95,16,42,2,96,79,15
"Ohtani, Shohei","660271","2026",97,89,94,91,99,94,95,95,95,92,45,96,32,59,,52,,80,65,9
"Bader, Harrison","664056","2026",,,,,,,,,55,,,,,,60,57,60,,,
"Pereira, Everson","677592","2026",,,,,,,,,45,,,,,,,55,,,,
"Olson, Matt","621566","2026",88,69,95,96,66,97,92,95,79,93,36,66,53,62,40,12,97,82,32,34
"Durbin, Caleb","702332","2026",5,17,4,2,14,4,5,3,23,8,81,21,91,67,31,71,86,5,89,88
"Romo, Drew","691011","2026",,,,,,,,,47,,,,,,,22,,,,
"Torkelson, Spencer","679529","2026",48,9,52,75,38,79,87,68,61,68,4,77,24,94,4,27,12,63,22,9
"Henderson, Gunnar","683002","2026",27,28,49,60,11,75,61,47,82,64,21,18,46,23,71,75,76,76,25,43
"Heineman, Tyler","623168","2026",,,,,,,,,10,,,,,,,20,,,,
"Taylor, Tyrone","621438","2026",,,,,,,,,38,,,,,,88,92,,,,
"Kelly, Carson","608348","2026",47,44,37,35,56,32,40,45,45,40,74,57,61,57,,16,,33,80,76
"O'Neill, Tyler","641933","2026",,,,,,,,,73,,,,,,90,67,,,,
"Haggerty, Sam","664059","2026",,,,,,,,,19,,,,,,,72,,,,
"Shewmake, Braden","669699","2026",,,,,,,,,32,,,,,,60,66,25,,,
"Prieto, César","693409","2026",,,,,,,,,50,,,,,,,11,,,,
"Goldschmidt, Paul","502671","2026",,,,,,,,,61,,,,,,1,5,84,,,
"Cortes, Carlos","666126","2026",93,99,81,55,98,44,55,70,68,60,98,77,79,86,70,21,,24,83,76
"Rogers, Jake","668670","2026",,,,,,,,,24,,,,,,,21,,,,
"Loperfido, Joey","694388","2026",,,,,,,,,20,,,,,,,86,,,,
"Turner, Trea","607208","2026",19,32,27,31,18,51,30,62,60,45,46,24,43,22,37,99,15,43,70,15
"Waldschmidt, Ryan","814439","2026",,,,,,,,,40,,,,,,55,88,40,,,
"Ruiz, Keibert","660688","2026",,,,,,,,,25,,,,,,,12,,,,
"Monasterio, Andruw","655316","2026",,,,,,,,,37,,,,,,,37,,,,
"Hernández, Heriberto","681715","2026",,,,,,,,,62,,,,,,70,87,21,,,
"Rice, Ben","700250","2026",96,95,96,95,93,96,96,91,73,94,42,77,48,85,1,38,32,54,84,34
"Chapman, Matt","656305","2026",4,8,2,6,14,25,19,15,89,16,39,59,53,77,66,71,89,92,1,53
"Busch, Michael","683737","2026",76,37,63,69,87,85,77,36,49,57,43,96,45,77,5,17,93,8,74,76
"Troy, Tommy","694371","2026",,,,,,,,,30,,,,,,,88,,,,
"Schwarber, Kyle","656941","2026",93,34,96,98,72,99,100,96,90,93,3,85,9,80,,17,,97,2,34
"Mack, Joe","691788","2026",,,,,,,,,25,,,,,,,31,,,,
"Walton, Donovan","622268","2026",,,,,,,,,12,,,,,,,17,,,,
"Laureano, Ramón","657656","2026",45,23,57,72,28,79,87,33,60,53,6,55,14,32,61,69,46,55,8,69
"Wetherholt, JJ","802139","2026",78,42,73,79,78,66,54,76,49,80,71,73,60,86,18,52,99,58,65,24
"Azócar, José","640492","2026",,,,,,,,,9,,,,,,,82,,,,
"Sheets, Gavin","657757","2026",71,55,71,73,63,51,61,53,64,77,47,62,68,30,14,32,10,80,46,15
"Meadows, Parker","678009","2026",,,,,,,,,16,,,,,,,78,,,,
"Ozuna, Marcell","542303","2026",36,20,48,64,28,44,57,54,76,44,13,55,20,73,,19,,69,28,34
"Smith, Will","669257","2026",91,79,87,84,80,82,84,62,71,41,78,66,86,88,,46,,20,85,59
"Thomas, Colby","687515","2026",,,,,,,,,42,,,,,,,73,,,,
"Meckler, Wade","685133","2026",,,,,,,,,21,,,,,,,80,,,,
"McLain, Matt","680574","2026",38,26,32,42,45,44,40,25,69,26,36,71,52,78,43,87,90,48,60,69
"Gilbert, Drew","687551","2026",,,,,,,,,64,,,,,,83,42,27,,,
"Quero, Edgar","700337","2026",2,2,1,2,11,2,3,62,28,12,27,52,38,63,,2,,,,
"Koss, Christian","683766","2026",,,,,,,,,5,,,,,,,77,,,,
"Caballero, José","676609","2026",18,42,21,19,23,11,12,1,46,8,73,10,45,20,32,77,81,9,44,88
"Grisham, Trent","663757","2026",70,30,66,74,68,85,82,78,79,72,67,92,88,100,34,35,18,15,99,59
"Farmer, Kyle","571657","2026",,,,,,,,,3,,,,,,,3,,,,
"Judge, Aaron","592450","2026",99,79,99,99,95,99,99,97,98,98,18,96,11,70,86,35,29,93,22,3
"Rutschman, Adley","668939","2026",80,89,77,64,80,51,57,50,66,70,86,57,95,75,,33,,31,86,76
"Naylor, Bo","666310","2026",,,,,,,,,50,,,,,,,53,,,,
"Freeman, Tyler","671289","2026",52,82,25,9,73,1,1,18,27,13,93,4,97,41,94,56,41,,,
"Simpson, Chandler","802415","2026",4,55,6,1,17,1,1,2,25,1,97,10,99,47,75,97,98,1,99,98
"Nimmo, Brandon","607043","2026",93,96,92,88,88,89,79,88,52,91,57,49,61,65,71,70,63,55,69,76
"Díaz, Elias","553869","2026",,,,,,,,,63,,,,,,,1,,,,
"Church, Nathan","701675","2026",24,45,51,51,11,51,64,9,64,17,50,5,56,1,90,84,45,23,15,59
"Greene, Riley","682985","2026",82,72,80,77,82,79,76,76,86,91,18,79,24,70,26,32,26,88,14,53
"Rocchio, Brayan","677587","2026",49,63,28,21,67,15,12,12,57,18,93,49,58,43,43,52,82,23,52,24
"Vierling, Matt","663837","2026",42,57,41,34,45,25,27,17,31,27,76,49,90,58,36,78,67,28,62,43
"Soto, Juan","665742","2026",98,83,99,99,88,93,97,93,94,88,87,86,68,90,63,19,,,,
"Bellinger, Cody","641355","2026",87,92,77,63,95,66,49,60,55,41,90,90,85,82,93,60,82,17,94,5
"Bart, Joey","663698","2026",,,,,,,,,56,,,,,,,32,,,,
"Arenado, Nolan","571448","2026",66,76,59,43,75,38,32,6,37,15,70,52,56,43,40,11,63,37,36,1
"Stott, Bryson","681082","2026",31,49,44,41,23,44,36,62,57,52,74,15,85,34,36,83,94,21,95,53
"Murakami, Munetaka","808959","2026",88,19,92,98,79,96,98,98,94,99,4,98,1,89,9,47,48,87,13,5
"Marte, Starling","516782","2026",,,,,,,,,54,,,,,,,10,,,,
"Trammell, Taylor","666211","2026",,,,,,,,,81,,,,,,,39,,,,
"Young, Cole","702284","2026",49,55,43,36,55,38,27,29,76,35,48,38,55,43,4,62,85,43,46,85
"Caminero, Junior","691406","2026",84,81,86,80,84,89,77,92,99,80,82,79,72,60,61,22,1,100,31,1
"Burleson, Alec","676475","2026",85,87,91,89,76,79,65,82,79,77,79,45,65,19,10,15,48,54,84,43
"Adell, Jo","666176","2026",63,72,71,68,35,66,52,82,97,80,32,1,40,10,73,67,19,98,10,4
"Hayes, Ke'Bryan","663647","2026",41,61,53,46,31,38,62,73,29,39,82,19,79,50,18,43,58,,,
"Happ, Ian","664023","2026",72,11,78,93,59,89,94,60,79,61,6,93,7,75,51,62,35,48,12,85
"Rumfield, TJ","681198","2026",68,70,67,58,66,61,48,7,38,23,83,47,77,34,4,5,88,13,50,96
"Marsee, Jakob","805300","2026",26,12,8,16,58,20,18,19,73,30,40,82,78,83,85,68,92,27,59,94
"Aranda, Jonathan","666018","2026",90,78,86,82,92,82,78,78,77,75,34,88,64,55,36,16,14,21,77,59
"Rushing, Dalton","687221","2026",,,,,,,,,55,,,,,,,59,,,,
"Muncy, Max","691777","2026",,,,,,,,,77,,,,,,,67,20,,,
"Carpenter, Kerry","681481","2026",,,,,,,,,66,,,,,,43,37,,,,
"Bohm, Alec","664761","2026",18,32,17,17,25,15,11,68,50,55,89,26,90,83,24,30,17,31,95,59
"Duran, Ezequiel","677649","2026",42,60,40,32,38,32,38,78,79,46,33,32,18,13,51,90,82,60,36,59
"O'Hoppe, Logan","681351","2026",12,3,9,28,19,32,63,7,95,24,41,61,33,38,,44,,,,
"Reynolds, Bryan","668804","2026",80,61,69,69,92,61,54,76,93,59,49,95,30,84,85,69,6,60,30,76
"Schneider, Davis","676914","2026",,,,,,,,,75,,,,,,,42,,,,
"Yelich, Christian","592885","2026",,,,,,,,,75,,,,,,,43,,,,
"Soler, Jorge","624585","2026",37,19,46,64,28,66,70,37,88,61,6,47,4,56,,14,,82,4,4
"Anthony, Roman","701350","2026",75,66,54,45,91,25,61,91,85,82,27,95,32,91,88,56,,,,
"Muncy, Max","571970","2026",95,70,95,97,82,89,96,85,64,91,27,85,27,78,42,48,94,46,47,76
"Bazzana, Travis","683953","2026",,,,,,,,,42,,,,,,16,79,23,,,
"Conforto, Michael","624424","2026",,,,,,,,,55,,,,,,,25,,,,
"Chisholm Jr., Jazz","665862","2026",16,11,20,37,18,38,34,47,73,32,16,59,15,57,14,81,91,61,40,5
"Baty, Brett","683146","2026",37,37,42,43,37,44,54,54,81,33,19,55,29,67,,41,11,84,28,43
"Sullivan, Brett","664954","2026",,,,,,,,,9,,,,,,,68,,,,
"Wilson, Jacob","805779","2026",10,70,16,5,14,7,7,3,18,11,93,2,92,3,79,46,95,1,88,100
"Stanton, Giancarlo","519317","2026",,,,,,,,,99,,,,,,,1,,,,
"Steer, Spencer","668715","2026",82,79,88,86,68,87,85,57,33,34,52,39,52,71,52,81,44,31,73,24
"Caglianone, Jac","695506","2026",58,49,67,70,38,79,90,95,98,98,9,30,7,30,100,45,11,95,41,5
"Basallo, Samuel","694212","2026",70,68,84,82,41,61,73,94,81,90,26,34,14,7,,10,,85,63,24
"Smith, Dominic","642086","2026",83,98,88,71,70,38,57,48,53,37,86,7,72,12,,22,,,,
"Harris, Dustin","687957","2026",,,,,,,,,12,,,,,,,86,,,,
"Clement, Ernie","676391","2026",11,58,25,16,10,20,11,7,60,4,99,4,94,1,14,64,3,3,97,69
"Gurriel Jr., Lourdes","666971","2026",,,,,,,,,21,,,,,,59,22,,,,
"Kwan, Steven","680757","2026",24,26,5,1,71,2,2,1,5,1,95,90,100,91,68,33,91,1,100,98
"Arias, Gabriel","672356","2026",,,,,,,,,79,,,,,,,30,,,,
"Moniak, Mickey","666160","2026",53,25,79,89,14,71,82,53,53,51,31,18,34,5,38,70,45,73,38,9
"Song, Sung-Mun","823550","2026",,,,,,,,,10,,,,,,,51,,,,
"Taveras, Leody","665750","2026",54,49,26,23,73,15,21,20,63,11,54,79,48,51,96,93,12,58,16,34
"Paredes, Isaac","670623","2026",34,31,23,25,50,32,23,14,23,7,80,42,91,61,17,7,64,3,71,9
"Alvarez, Yordan","670541","2026",100,100,100,100,100,100,98,99,100,96,73,92,73,66,,4,,92,54,15
"Herrera, Iván","671056","2026",82,77,66,53,97,59,42,52,85,57,75,85,71,65,,13,,76,57,9
"García Jr., Luis","671277","2026",43,81,63,42,27,44,39,92,73,86,79,3,77,2,24,31,23,65,80,43
"Halpin, Petey","690984","2026",,,,,,,,,36,,,,,,,53,,,,
"Keaschall, Luke","807712","2026",11,17,10,14,27,15,11,2,33,6,83,44,93,81,9,86,28,12,68,88
"Emerson, Colt","806068","2026",,,,,,,,,11,,,,,,,57,,,,
"Mountcastle, Ryan","663624","2026",,,,,,,,,75,,,,,,,24,,,,
"Bell, Josh","605137","2026",21,21,41,57,11,71,65,54,85,48,40,34,38,40,,14,,50,33,2
"Realmuto, J.T.","592663","2026",38,54,29,24,46,7,10,36,55,43,80,23,65,39,,75,,,,
"Candelario, Jeimer","600869","2026",,,,,,,,,9,,,,,,,26,,,,
"Garcia, Jhostynxon","691373","2026",,,,,,,,,60,,,,,,,58,,,,
"Rivero, Sebastián","665861","2026",,,,,,,,,25,,,,,,,11,,,,
"Lee, Jung Hoo","808982","2026",46,95,36,9,61,7,6,27,38,12,95,11,93,49,89,49,22,10,97,15
"Tucker, Kyle","663656","2026",58,49,33,28,72,32,23,43,33,46,64,82,58,82,56,29,7,40,67,43
"Diaz, Yainer","673237","2026",,,,,,,,,57,,,,,,,14,,,,
"Chaparro, Andrés","665953","2026",,,,,,,,,22,,,,,,,8,,,,
"Suzuki, Seiya","673548","2026",46,36,46,53,55,32,36,40,87,53,27,67,39,78,77,63,80,60,19,53
"Walker, Christian","572233","2026",64,46,73,77,46,89,77,75,84,75,62,44,27,52,5,18,90,73,50,43
"Clarke, Denzel","672016","2026",,,,,,,,,88,,,,,,80,84,,,,
"Griffin, Konnor","804606","2026",34,36,43,48,28,51,52,25,90,23,25,24,12,13,78,99,6,91,6,15
"Kim, Ha-Seong","673490","2026",,,,,,,,,42,,,,,,,55,9,,,
"Trevino, Jose","624431","2026",,,,,,,,,7,,,,,,,1,,,,
"Machado, Manny","592518","2026",36,23,38,49,41,51,44,57,57,55,39,75,47,54,48,4,88,75,17,9
"Okamoto, Kazuma","672960","2026",60,19,71,86,29,87,91,91,87,95,6,57,10,74,32,23,65,70,43,5
"Doyle, Brenton","686668","2026",1,5,2,7,4,11,28,27,56,22,4,47,12,20,95,89,47,,,