"id","name","bbe","gb_rate","air_rate","fb_rate","ld_rate","pu_rate","pull_rate","straight_rate","oppo_rate","pull_gb_rate","straight_gb_rate","oppo_gb_rate","pull_air_rate","straight_air_rate","oppo_air_rate"
642086,"Smith, Dominic",107,0.3177570093457944,0.6822429906542056,0.34579439252336447,0.29906542056074764,0.037383177570093455,0.2616822429906542,0.45794392523364486,0.2803738317757009,0.09345794392523364,0.18691588785046728,0.037383177570093455,0.16822429906542052,0.2710280373831776,0.24299065420560745
671277,"García Jr., Luis",148,0.4594594594594595,0.5405405405405406,0.1891891891891892,0.2702702702702703,0.08108108108108109,0.3783783783783784,0.3783783783783784,0.24324324324324326,0.22972972972972974,0.17567567567567569,0.05405405405405406,0.14864864864864866,0.20270270270270271,0.1891891891891892
695578,"Wood, James",145,0.38620689655172413,0.613793103448276,0.31724137931034485,0.2896551724137931,0.006896551724137931,0.2896551724137931,0.3586206896551724,0.35172413793103446,0.1793103448275862,0.15862068965517243,0.04827586206896552,0.11034482758620692,0.19999999999999998,0.30344827586206896
691781,"House, Brady",113,0.504424778761062,0.49557522123893805,0.2743362831858407,0.21238938053097345,0.008849557522123894,0.36283185840707965,0.4336283185840708,0.20353982300884957,0.25663716814159293,0.19469026548672566,0.05309734513274336,0.10619469026548672,0.23893805309734514,0.1504424778761062
808982,"Lee, Jung Hoo",168,0.44642857142857145,0.5535714285714286,0.20833333333333334,0.31547619047619047,0.02976190476190476,0.3392857142857143,0.38095238095238093,0.27976190476190477,0.19047619047619047,0.19047619047619047,0.06547619047619048,0.14880952380952384,0.19047619047619047,0.2142857142857143
671218,"Ramos, Heliot",119,0.5210084033613446,0.4789915966386555,0.2184873949579832,0.23529411764705882,0.025210084033613446,0.35294117647058826,0.42016806722689076,0.226890756302521,0.25210084033613445,0.2184873949579832,0.05042016806722689,0.10084033613445381,0.20168067226890757,0.1764705882352941
575929,"Contreras, Willson",140,0.4142857142857143,0.5857142857142856,0.24285714285714285,0.2357142857142857,0.10714285714285714,0.5142857142857142,0.3142857142857143,0.17142857142857143,0.24285714285714285,0.14285714285714285,0.02857142857142857,0.27142857142857135,0.17142857142857143,0.14285714285714285
662139,"Varsho, Daulton",157,0.3821656050955414,0.6178343949044586,0.2229299363057325,0.3057324840764331,0.08917197452229299,0.35668789808917195,0.4012738853503185,0.24203821656050956,0.16560509554140126,0.14012738853503184,0.07643312101910828,0.19108280254777069,0.2611464968152867,0.1656050955414013
680757,"Kwan, Steven",172,0.42441860465116277,0.5755813953488371,0.23837209302325582,0.2441860465116279,0.09302325581395349,0.31976744186046513,0.3546511627906977,0.32558139534883723,0.18023255813953487,0.14534883720930233,0.09883720930232558,0.13953488372093026,0.20930232558139536,0.22674418604651164
682657,"Martínez, Angel",148,0.41216216216216217,0.5878378378378378,0.2635135135135135,0.25,0.07432432432432433,0.4391891891891892,0.35135135135135137,0.20945945945945946,0.20270270270270271,0.13513513513513514,0.07432432432432433,0.23648648648648649,0.21621621621621623,0.13513513513513514
608070,"Ramírez, José",186,0.2956989247311828,0.7043010752688171,0.3387096774193548,0.25806451612903225,0.10752688172043011,0.46236559139784944,0.3709677419354839,0.16666666666666666,0.16129032258064516,0.11290322580645161,0.021505376344086023,0.30107526881720426,0.25806451612903225,0.14516129032258063
607043,"Nimmo, Brandon",170,0.4294117647058823,0.5705882352941177,0.27647058823529413,0.2647058823529412,0.029411764705882353,0.3058823529411765,0.4647058823529412,0.22941176470588234,0.17058823529411765,0.19411764705882353,0.06470588235294118,0.13529411764705884,0.2705882352941177,0.16470588235294115
669224,"Wells, Austin",93,0.3870967741935484,0.6129032258064516,0.3333333333333333,0.1827956989247312,0.0967741935483871,0.4838709677419355,0.2903225806451613,0.22580645161290322,0.26881720430107525,0.07526881720430108,0.043010752688172046,0.21505376344086025,0.21505376344086025,0.1827956989247312
669127,"Langeliers, Shea",169,0.33136094674556216,0.6686390532544378,0.30177514792899407,0.23668639053254437,0.1301775147928994,0.3905325443786982,0.3431952662721893,0.26627218934911245,0.17159763313609466,0.10650887573964497,0.05325443786982249,0.21893491124260356,0.23668639053254437,0.21301775147928997
687462,"Horwitz, Spencer",147,0.42857142857142855,0.5714285714285714,0.24489795918367346,0.2108843537414966,0.11564625850340136,0.4013605442176871,0.29931972789115646,0.29931972789115646,0.22448979591836735,0.1292517006802721,0.07482993197278912,0.17687074829931973,0.17006802721088435,0.22448979591836735
650490,"Díaz, Yandy",168,0.5059523809523809,0.494047619047619,0.22023809523809523,0.22023809523809523,0.05357142857142857,0.20238095238095238,0.4583333333333333,0.3392857142857143,0.13095238095238096,0.27976190476190477,0.09523809523809523,0.07142857142857142,0.17857142857142855,0.24404761904761907
663743,"Fortes, Nick",116,0.5603448275862069,0.4396551724137931,0.15517241379310345,0.1810344827586207,0.10344827586206896,0.5172413793103449,0.3448275862068966,0.13793103448275862,0.3275862068965517,0.1810344827586207,0.05172413793103448,0.18965517241379315,0.16379310344827588,0.08620689655172414
686797,"Lee, Brooks",159,0.4339622641509434,0.5660377358490566,0.24528301886792453,0.25157232704402516,0.06918238993710692,0.389937106918239,0.34591194968553457,0.2641509433962264,0.20754716981132076,0.1761006289308176,0.050314465408805034,0.18238993710691825,0.16981132075471697,0.2138364779874214
668885,"Martin, Austin",128,0.4609375,0.5390625,0.2421875,0.25,0.046875,0.375,0.3671875,0.2578125,0.203125,0.1796875,0.078125,0.171875,0.1875,0.1796875
668715,"Steer, Spencer",151,0.3708609271523179,0.6291390728476821,0.31125827814569534,0.23178807947019867,0.08609271523178808,0.48344370860927155,0.31125827814569534,0.2052980132450331,0.2052980132450331,0.1390728476821192,0.026490066225165563,0.27814569536423844,0.17218543046357615,0.17880794701986755
701675,"Church, Nathan",115,0.4782608695652174,0.5217391304347826,0.21739130434782608,0.20869565217391303,0.09565217391304348,0.34782608695652173,0.4260869565217391,0.22608695652173913,0.19130434782608696,0.24347826086956523,0.043478260869565216,0.15652173913043477,0.18260869565217389,0.1826086956521739
671056,"Herrera, Iván",166,0.5301204819277109,0.46987951807228917,0.1927710843373494,0.20481927710843373,0.07228915662650602,0.4036144578313253,0.3614457831325301,0.23493975903614459,0.27710843373493976,0.18072289156626506,0.07228915662650602,0.12650602409638556,0.18072289156626506,0.16265060240963858
669065,"Stowers, Kyle",90,0.4111111111111111,0.5888888888888889,0.26666666666666666,0.23333333333333334,0.08888888888888889,0.4666666666666667,0.35555555555555557,0.17777777777777778,0.26666666666666666,0.12222222222222222,0.022222222222222223,0.2,0.23333333333333334,0.15555555555555556
681393,"Norby, Connor",109,0.4036697247706422,0.5963302752293579,0.3394495412844037,0.1651376146788991,0.09174311926605505,0.41284403669724773,0.3944954128440367,0.1926605504587156,0.23853211009174313,0.14678899082568808,0.01834862385321101,0.1743119266055046,0.24770642201834864,0.1743119266055046
689414,"Hicks, Liam",171,0.4327485380116959,0.567251461988304,0.2631578947368421,0.21052631578947367,0.0935672514619883,0.4152046783625731,0.34502923976608185,0.23976608187134502,0.23391812865497075,0.14619883040935672,0.05263157894736842,0.18128654970760233,0.19883040935672514,0.1871345029239766
606192,"Hernández, Teoscar",127,0.44881889763779526,0.5511811023622047,0.2755905511811024,0.2283464566929134,0.047244094488188976,0.3543307086614173,0.3858267716535433,0.25984251968503935,0.2125984251968504,0.1732283464566929,0.06299212598425197,0.1417322834645669,0.21259842519685038,0.19685039370078738
663538,"Hoerner, Nico",217,0.4055299539170507,0.5944700460829493,0.22119815668202766,0.2857142857142857,0.08755760368663594,0.3087557603686636,0.4423963133640553,0.2488479262672811,0.17511520737327188,0.17972350230414746,0.05069124423963134,0.1336405529953917,0.26267281105990786,0.19815668202764977
657757,"Sheets, Gavin",120,0.4166666666666667,0.5833333333333334,0.25833333333333336,0.225,0.1,0.4083333333333333,0.3333333333333333,0.25833333333333336,0.19166666666666668,0.15833333333333333,0.06666666666666667,0.21666666666666665,0.175,0.1916666666666667
593428,"Bogaerts, Xander",163,0.50920245398773,0.4907975460122699,0.26380368098159507,0.18404907975460122,0.04294478527607362,0.48466257668711654,0.3067484662576687,0.2085889570552147,0.27607361963190186,0.1901840490797546,0.04294478527607362,0.20858895705521469,0.1165644171779141,0.1656441717791411
609280,"Andujar, Miguel",138,0.5144927536231884,0.4855072463768116,0.18840579710144928,0.2246376811594203,0.07246376811594203,0.427536231884058,0.38405797101449274,0.18840579710144928,0.21739130434782608,0.21739130434782608,0.07971014492753623,0.2101449275362319,0.16666666666666666,0.10869565217391305
683737,"Busch, Michael",156,0.3974358974358974,0.6025641025641025,0.3782051282051282,0.1858974358974359,0.038461538461538464,0.3525641025641026,0.3717948717948718,0.27564102564102566,0.1987179487179487,0.14102564102564102,0.057692307692307696,0.15384615384615388,0.23076923076923078,0.21794871794871795
664761,"Bohm, Alec",171,0.4678362573099415,0.5321637426900585,0.2222222222222222,0.2222222222222222,0.08771929824561403,0.2631578947368421,0.5087719298245614,0.22807017543859648,0.1871345029239766,0.25146198830409355,0.029239766081871343,0.07602339181286549,0.2573099415204679,0.19883040935672514
686555,"Collins, Isaac",108,0.35185185185185186,0.6481481481481481,0.24074074074074073,0.26851851851851855,0.1388888888888889,0.46296296296296297,0.2777777777777778,0.25925925925925924,0.24074074074074073,0.07407407407407407,0.037037037037037035,0.22222222222222224,0.20370370370370372,0.2222222222222222
664728,"Isbel, Kyle",110,0.44545454545454544,0.5545454545454546,0.18181818181818182,0.2727272727272727,0.1,0.3,0.36363636363636365,0.33636363636363636,0.17272727272727273,0.12727272727272726,0.14545454545454545,0.12727272727272726,0.2363636363636364,0.19090909090909092
701807,"Benge, Carson",150,0.44,0.5599999999999999,0.24,0.2866666666666667,0.03333333333333333,0.26,0.42,0.32,0.15333333333333332,0.22,0.06666666666666667,0.10666666666666669,0.19999999999999998,0.25333333333333335
668901,"Vientos, Mark",139,0.43884892086330934,0.5611510791366906,0.31654676258992803,0.16546762589928057,0.07913669064748201,0.3669064748201439,0.4172661870503597,0.2158273381294964,0.18705035971223022,0.17266187050359713,0.07913669064748201,0.17985611510791366,0.2446043165467626,0.13669064748201437
681198,"Rumfield, TJ",166,0.43373493975903615,0.5662650602409638,0.25301204819277107,0.2710843373493976,0.04216867469879518,0.46987951807228917,0.29518072289156627,0.23493975903614459,0.25903614457831325,0.12650602409638553,0.04819277108433735,0.21084337349397592,0.16867469879518074,0.18674698795180722
641343,"Bauers, Jake",127,0.4881889763779528,0.5118110236220473,0.2677165354330709,0.2047244094488189,0.03937007874015748,0.41732283464566927,0.3228346456692913,0.25984251968503935,0.2677165354330709,0.18110236220472442,0.03937007874015748,0.14960629921259838,0.1417322834645669,0.2204724409448819
666152,"Hamilton, David",102,0.5392156862745098,0.4607843137254902,0.2549019607843137,0.13725490196078433,0.06862745098039216,0.35294117647058826,0.29411764705882354,0.35294117647058826,0.20588235294117646,0.16666666666666666,0.16666666666666666,0.1470588235294118,0.12745098039215688,0.1862745098039216
661388,"Contreras, William",177,0.4293785310734463,0.5706214689265536,0.23163841807909605,0.24858757062146894,0.0903954802259887,0.3785310734463277,0.3615819209039548,0.2598870056497175,0.20903954802259886,0.1864406779661017,0.03389830508474576,0.16949152542372883,0.1751412429378531,0.22598870056497175
668930,"Turang, Brice",136,0.47058823529411764,0.5294117647058822,0.23529411764705882,0.27941176470588236,0.014705882352941176,0.2647058823529412,0.3897058823529412,0.34558823529411764,0.18382352941176472,0.19852941176470587,0.08823529411764706,0.08088235294117646,0.1911764705882353,0.25735294117647056
672695,"Perdomo, Geraldo",166,0.4759036144578313,0.5240963855421686,0.22289156626506024,0.25903614457831325,0.04216867469879518,0.4578313253012048,0.3795180722891566,0.16265060240963855,0.2710843373493976,0.1686746987951807,0.03614457831325301,0.18674698795180722,0.21084337349397592,0.12650602409638553
606466,"Marte, Ketel",183,0.453551912568306,0.546448087431694,0.22950819672131148,0.273224043715847,0.04371584699453552,0.5519125683060109,0.2677595628415301,0.18032786885245902,0.2896174863387978,0.13114754098360656,0.03278688524590164,0.2622950819672131,0.1366120218579235,0.14754098360655737
687401,"Ortiz, Joey",96,0.5520833333333334,0.44791666666666663,0.21875,0.13541666666666666,0.09375,0.3333333333333333,0.4166666666666667,0.25,0.25,0.23958333333333334,0.0625,0.08333333333333331,0.17708333333333334,0.1875
699912,"Fernandez, Jose",118,0.4745762711864407,0.5254237288135594,0.1440677966101695,0.2288135593220339,0.15254237288135594,0.4406779661016949,0.3220338983050847,0.23728813559322035,0.2627118644067797,0.15254237288135594,0.059322033898305086,0.17796610169491522,0.16949152542372878,0.17796610169491525
624585,"Soler, Jorge",130,0.4076923076923077,0.5923076923076923,0.24615384615384617,0.27692307692307694,0.06923076923076923,0.5307692307692308,0.27692307692307694,0.19230769230769232,0.24615384615384617,0.1,0.06153846153846154,0.2846153846153846,0.17692307692307693,0.13076923076923078
660162,"Moncada, Yoán",66,0.3484848484848485,0.6515151515151515,0.36363636363636365,0.25757575757575757,0.030303030303030304,0.3939393939393939,0.4090909090909091,0.19696969696969696,0.18181818181818182,0.10606060606060606,0.06060606060606061,0.2121212121212121,0.30303030303030304,0.13636363636363635
665750,"Taveras, Leody",112,0.41964285714285715,0.5803571428571429,0.22321428571428573,0.26785714285714285,0.08928571428571429,0.32142857142857145,0.4107142857142857,0.26785714285714285,0.15178571428571427,0.21428571428571427,0.05357142857142857,0.16964285714285718,0.19642857142857142,0.21428571428571427
621493,"Ward, Taylor",158,0.3924050632911392,0.6075949367088608,0.27848101265822783,0.27848101265822783,0.05063291139240506,0.3037974683544304,0.41139240506329117,0.2848101265822785,0.18354430379746836,0.15822784810126583,0.05063291139240506,0.12025316455696203,0.25316455696202533,0.23417721518987344
670541,"Alvarez, Yordan",170,0.27647058823529413,0.7235294117647059,0.3941176470588235,0.27058823529411763,0.058823529411764705,0.4470588235294118,0.35294117647058826,0.2,0.15294117647058825,0.08235294117647059,0.041176470588235294,0.29411764705882354,0.2705882352941177,0.15882352941176472
694728,"Matthews, Brice",94,0.5106382978723404,0.48936170212765956,0.24468085106382978,0.18085106382978725,0.06382978723404255,0.3829787234042553,0.44680851063829785,0.1702127659574468,0.24468085106382978,0.22340425531914893,0.0425531914893617,0.13829787234042554,0.22340425531914893,0.1276595744680851
805808,"McGonigle, Kevin",180,0.3277777777777778,0.6722222222222223,0.3388888888888889,0.25,0.08333333333333333,0.4,0.36666666666666664,0.23333333333333334,0.19444444444444445,0.1111111111111111,0.022222222222222223,0.20555555555555557,0.25555555555555554,0.2111111111111111
803011,"Antonacci, Sam",112,0.5089285714285714,0.4910714285714286,0.19642857142857142,0.26785714285714285,0.026785714285714284,0.26785714285714285,0.44642857142857145,0.2857142857142857,0.1875,0.25,0.07142857142857142,0.08035714285714285,0.19642857142857145,0.21428571428571427
678246,"Vargas, Miguel",162,0.3148148148148148,0.6851851851851851,0.35185185185185186,0.2222222222222222,0.1111111111111111,0.41358024691358025,0.3148148148148148,0.2716049382716049,0.17901234567901234,0.10493827160493827,0.030864197530864196,0.23456790123456792,0.20987654320987656,0.24074074074074073
696285,"Young, Jacob",150,0.4066666666666667,0.5933333333333333,0.25333333333333335,0.2733333333333333,0.06666666666666667,0.36666666666666664,0.37333333333333335,0.26,0.20666666666666667,0.16666666666666666,0.03333333333333333,0.15999999999999998,0.2066666666666667,0.22666666666666668
682928,"Abrams, CJ",162,0.3765432098765432,0.6234567901234568,0.29012345679012347,0.22839506172839505,0.10493827160493827,0.4444444444444444,0.3271604938271605,0.22839506172839505,0.2037037037037037,0.16049382716049382,0.012345679012345678,0.24074074074074073,0.16666666666666669,0.21604938271604937
669477,"Schmitt, Casey",153,0.32679738562091504,0.673202614379085,0.35947712418300654,0.19607843137254902,0.11764705882352941,0.43790849673202614,0.3464052287581699,0.21568627450980393,0.1503267973856209,0.13725490196078433,0.0392156862745098,0.2875816993464052,0.2091503267973856,0.17647058823529413
650333,"Arraez, Luis",212,0.4056603773584906,0.5943396226415094,0.2783018867924528,0.2688679245283019,0.04716981132075472,0.32075471698113206,0.37264150943396224,0.30660377358490565,0.15566037735849056,0.2028301886792453,0.04716981132075472,0.1650943396226415,0.16981132075471694,0.25943396226415094
642715,"Adames, Willy",163,0.32515337423312884,0.6748466257668713,0.32515337423312884,0.2392638036809816,0.11042944785276074,0.4723926380368098,0.2822085889570552,0.24539877300613497,0.2147239263803681,0.07975460122699386,0.03067484662576687,0.2576687116564417,0.20245398773006135,0.2147239263803681
701350,"Anthony, Roman",76,0.4868421052631579,0.5131578947368421,0.2236842105263158,0.27631578947368424,0.013157894736842105,0.3815789473684211,0.40789473684210525,0.21052631578947367,0.27631578947368424,0.18421052631578946,0.02631578947368421,0.10526315789473684,0.2236842105263158,0.18421052631578946
596115,"Story, Trevor",109,0.47706422018348627,0.5229357798165137,0.21100917431192662,0.22935779816513763,0.08256880733944955,0.44954128440366975,0.3577981651376147,0.1926605504587156,0.23853211009174313,0.1834862385321101,0.05504587155963303,0.21100917431192662,0.1743119266055046,0.13761467889908258
702332,"Durbin, Caleb",134,0.5746268656716418,0.42537313432835816,0.15671641791044777,0.1791044776119403,0.08955223880597014,0.40298507462686567,0.39552238805970147,0.20149253731343283,0.2835820895522388,0.22388059701492538,0.06716417910447761,0.11940298507462688,0.1716417910447761,0.13432835820895522
543807,"Springer, George",122,0.45081967213114754,0.5491803278688525,0.26229508196721313,0.1885245901639344,0.09836065573770492,0.45901639344262296,0.32786885245901637,0.21311475409836064,0.26229508196721313,0.14754098360655737,0.040983606557377046,0.19672131147540983,0.180327868852459,0.1721311475409836
641857,"McMahon, Ryan",99,0.42424242424242425,0.5757575757575758,0.35353535353535354,0.18181818181818182,0.04040404040404041,0.35353535353535354,0.36363636363636365,0.2828282828282828,0.2222222222222222,0.18181818181818182,0.020202020202020204,0.13131313131313133,0.18181818181818182,0.2626262626262626
666126,"Cortes, Carlos",118,0.4661016949152542,0.5338983050847458,0.19491525423728814,0.2711864406779661,0.06779661016949153,0.2711864406779661,0.4576271186440678,0.2711864406779661,0.15254237288135594,0.2711864406779661,0.0423728813559322,0.11864406779661016,0.1864406779661017,0.2288135593220339
701762,"Kurtz, Nick",128,0.4140625,0.5859375,0.2578125,0.2734375,0.0546875,0.3203125,0.3828125,0.296875,0.2109375,0.1328125,0.0703125,0.109375,0.25,0.2265625
805779,"Wilson, Jacob",143,0.5104895104895105,0.48951048951048953,0.2097902097902098,0.24475524475524477,0.03496503496503497,0.32167832167832167,0.4125874125874126,0.26573426573426573,0.1958041958041958,0.20279720279720279,0.11188811188811189,0.12587412587412586,0.20979020979020982,0.15384615384615385
671732,"Butler, Lawrence",98,0.5306122448979592,0.46938775510204084,0.19387755102040816,0.22448979591836735,0.05102040816326531,0.3469387755102041,0.3673469387755102,0.2857142857142857,0.2857142857142857,0.1836734693877551,0.061224489795918366,0.06122448979591838,0.1836734693877551,0.22448979591836732
665833,"Cruz, Oneil",141,0.49645390070921985,0.5035460992907802,0.24822695035460993,0.22695035460992907,0.028368794326241134,0.4326241134751773,0.3617021276595745,0.20567375886524822,0.23404255319148937,0.1702127659574468,0.09219858156028368,0.19858156028368795,0.1914893617021277,0.11347517730496454
664040,"Lowe, Brandon",146,0.3493150684931507,0.6506849315068493,0.3287671232876712,0.22602739726027396,0.0958904109589041,0.4383561643835616,0.3767123287671233,0.18493150684931506,0.1780821917808219,0.1506849315068493,0.02054794520547945,0.2602739726027397,0.226027397260274,0.1643835616438356
810938,"Williamson, Ben",90,0.5333333333333333,0.4666666666666667,0.12222222222222222,0.32222222222222224,0.022222222222222223,0.2777777777777778,0.36666666666666664,0.35555555555555557,0.14444444444444443,0.24444444444444444,0.14444444444444443,0.13333333333333336,0.1222222222222222,0.21111111111111114
676356,"DeLuca, Jonny",94,0.425531914893617,0.574468085106383,0.2127659574468085,0.22340425531914893,0.13829787234042554,0.43617021276595747,0.3191489361702128,0.24468085106382978,0.22340425531914893,0.14893617021276595,0.05319148936170213,0.21276595744680854,0.17021276595744683,0.19148936170212766
621439,"Buxton, Byron",148,0.27702702702702703,0.7229729729729729,0.3716216216216216,0.19594594594594594,0.1554054054054054,0.4594594594594595,0.3108108108108108,0.22972972972972974,0.16216216216216217,0.08108108108108109,0.033783783783783786,0.2972972972972973,0.22972972972972971,0.19594594594594594
605137,"Bell, Josh",156,0.391025641025641,0.608974358974359,0.27564102564102566,0.2564102564102564,0.07692307692307693,0.4551282051282051,0.32051282051282054,0.22435897435897437,0.20512820512820512,0.1346153846153846,0.05128205128205128,0.25,0.18589743589743593,0.17307692307692307
670242,"Wallner, Matt",67,0.5074626865671642,0.4925373134328358,0.208955223880597,0.23880597014925373,0.04477611940298507,0.44776119402985076,0.40298507462686567,0.14925373134328357,0.3283582089552239,0.16417910447761194,0.014925373134328358,0.11940298507462688,0.23880597014925373,0.13432835820895522
802415,"Simpson, Chandler",194,0.6082474226804123,0.3917525773195876,0.12371134020618557,0.2268041237113402,0.041237113402061855,0.27319587628865977,0.41237113402061853,0.31443298969072164,0.211340206185567,0.25257731958762886,0.14432989690721648,0.06185567010309276,0.15979381443298968,0.17010309278350516
670770,"Friedl, TJ",119,0.48739495798319327,0.5126050420168067,0.21008403361344538,0.21008403361344538,0.09243697478991597,0.35294117647058826,0.42016806722689076,0.226890756302521,0.23529411764705882,0.17647058823529413,0.07563025210084033,0.11764705882352944,0.24369747899159663,0.1512605042016807
682829,"De La Cruz, Elly",155,0.45806451612903226,0.5419354838709678,0.3161290322580645,0.2129032258064516,0.012903225806451613,0.2967741935483871,0.4,0.3032258064516129,0.2,0.2064516129032258,0.05161290322580645,0.09677419354838707,0.19354838709677422,0.25161290322580643
663647,"Hayes, Ke'Bryan",99,0.36363636363636365,0.6363636363636364,0.2828282828282828,0.30303030303030304,0.050505050505050504,0.2727272727272727,0.42424242424242425,0.30303030303030304,0.15151515151515152,0.20202020202020202,0.010101010101010102,0.12121212121212119,0.22222222222222224,0.29292929292929293
663886,"Stephenson, Tyler",100,0.29,0.71,0.36,0.26,0.09,0.34,0.37,0.29,0.17,0.1,0.02,0.17,0.27,0.26999999999999996
687363,"Scott II, Victor",108,0.5648148148148148,0.4351851851851851,0.16666666666666666,0.2222222222222222,0.046296296296296294,0.37037037037037035,0.42592592592592593,0.2037037037037037,0.2777777777777778,0.23148148148148148,0.05555555555555555,0.09259259259259256,0.19444444444444445,0.14814814814814814
686527,"Canzone, Dominic",91,0.3956043956043956,0.6043956043956045,0.27472527472527475,0.27472527472527475,0.054945054945054944,0.4175824175824176,0.3516483516483517,0.23076923076923078,0.18681318681318682,0.16483516483516483,0.04395604395604396,0.23076923076923078,0.18681318681318684,0.18681318681318682
641487,"Crawford, J.P.",142,0.4788732394366197,0.5211267605633803,0.21830985915492956,0.22535211267605634,0.07746478873239436,0.38028169014084506,0.33098591549295775,0.2887323943661972,0.2605633802816901,0.15492957746478872,0.06338028169014084,0.11971830985915494,0.17605633802816903,0.22535211267605634
647304,"Naylor, Josh",186,0.41935483870967744,0.5806451612903226,0.21505376344086022,0.24193548387096775,0.12365591397849462,0.44623655913978494,0.3333333333333333,0.22043010752688172,0.23655913978494625,0.13978494623655913,0.043010752688172046,0.2096774193548387,0.1935483870967742,0.1774193548387097
686780,"Pagés, Pedro",88,0.4431818181818182,0.5568181818181819,0.3068181818181818,0.17045454545454544,0.07954545454545454,0.4090909090909091,0.3522727272727273,0.23863636363636365,0.22727272727272727,0.17045454545454544,0.045454545454545456,0.18181818181818185,0.18181818181818185,0.19318181818181818
669257,"Smith, Will",132,0.26515151515151514,0.7348484848484849,0.3939393939393939,0.2878787878787879,0.05303030303030303,0.29545454545454547,0.4015151515151515,0.30303030303030304,0.13636363636363635,0.11363636363636363,0.015151515151515152,0.15909090909090912,0.28787878787878785,0.2878787878787879
660271,"Ohtani, Shohei",148,0.4189189189189189,0.5810810810810811,0.3310810810810811,0.22297297297297297,0.02702702702702703,0.527027027027027,0.25675675675675674,0.21621621621621623,0.3108108108108108,0.08783783783783784,0.02027027027027027,0.21621621621621617,0.16891891891891891,0.19594594594594594
518692,"Freeman, Freddie",168,0.4226190476190476,0.5773809523809523,0.2976190476190476,0.24404761904761904,0.03571428571428571,0.3273809523809524,0.3869047619047619,0.2857142857142857,0.17857142857142858,0.18452380952380953,0.05952380952380952,0.1488095238095238,0.20238095238095238,0.22619047619047616
808975,"Kim, Hyeseong",86,0.47674418604651164,0.5232558139534883,0.18604651162790697,0.3023255813953488,0.03488372093023256,0.32558139534883723,0.43023255813953487,0.2441860465116279,0.2441860465116279,0.16279069767441862,0.06976744186046512,0.08139534883720934,0.26744186046511625,0.17441860465116277
571970,"Muncy, Max",119,0.3949579831932773,0.6050420168067228,0.35294117647058826,0.20168067226890757,0.05042016806722689,0.5210084033613446,0.3277310924369748,0.15126050420168066,0.24369747899159663,0.12605042016806722,0.025210084033613446,0.2773109243697479,0.20168067226890757,0.12605042016806722
592518,"Machado, Manny",149,0.42953020134228187,0.5704697986577181,0.21476510067114093,0.26174496644295303,0.09395973154362416,0.4228187919463087,0.3288590604026846,0.2483221476510067,0.2080536912751678,0.18791946308724833,0.03355704697986577,0.21476510067114093,0.14093959731543626,0.21476510067114093
607208,"Turner, Trea",180,0.45555555555555555,0.5444444444444444,0.3111111111111111,0.2,0.03333333333333333,0.31666666666666665,0.36666666666666664,0.31666666666666665,0.18333333333333332,0.17777777777777778,0.09444444444444444,0.13333333333333333,0.18888888888888886,0.2222222222222222
666969,"García, Adolis",131,0.3969465648854962,0.6030534351145038,0.22900763358778625,0.2900763358778626,0.08396946564885496,0.3511450381679389,0.4122137404580153,0.2366412213740458,0.22900763358778625,0.15267175572519084,0.015267175572519083,0.12213740458015265,0.2595419847328244,0.22137404580152673
656941,"Schwarber, Kyle",127,0.2992125984251969,0.7007874015748032,0.3779527559055118,0.2204724409448819,0.10236220472440945,0.5826771653543307,0.2204724409448819,0.1968503937007874,0.2440944881889764,0.03937007874015748,0.015748031496062992,0.3385826771653543,0.18110236220472442,0.18110236220472442
592663,"Realmuto, J.T.",103,0.42718446601941745,0.5728155339805825,0.3106796116504854,0.22330097087378642,0.038834951456310676,0.39805825242718446,0.34951456310679613,0.2524271844660194,0.24271844660194175,0.14563106796116504,0.038834951456310676,0.1553398058252427,0.2038834951456311,0.21359223300970875
521692,"Perez, Salvador",171,0.3742690058479532,0.6257309941520467,0.2982456140350877,0.24561403508771928,0.08187134502923976,0.39766081871345027,0.30409356725146197,0.2982456140350877,0.21052631578947367,0.11695906432748537,0.04678362573099415,0.1871345029239766,0.1871345029239766,0.25146198830409355
677951,"Witt Jr., Bobby",186,0.3602150537634409,0.6397849462365591,0.27956989247311825,0.27956989247311825,0.08064516129032258,0.27419354838709675,0.43010752688172044,0.2956989247311828,0.16129032258064516,0.15591397849462366,0.043010752688172046,0.1129032258064516,0.27419354838709675,0.25268817204301075
683146,"Baty, Brett",117,0.46153846153846156,0.5384615384615385,0.21367521367521367,0.27350427350427353,0.05128205128205128,0.39316239316239315,0.358974358974359,0.24786324786324787,0.2564102564102564,0.1623931623931624,0.042735042735042736,0.13675213675213677,0.19658119658119658,0.20512820512820512
666397,"Julien, Edouard",95,0.47368421052631576,0.5263157894736842,0.22105263157894736,0.28421052631578947,0.021052631578947368,0.3684210526315789,0.4,0.23157894736842105,0.24210526315789474,0.15789473684210525,0.07368421052631578,0.1263157894736842,0.24210526315789477,0.15789473684210525
691720,"Karros, Kyle",115,0.43478260869565216,0.5652173913043478,0.17391304347826086,0.3391304347826087,0.05217391304347826,0.3565217391304348,0.41739130434782606,0.22608695652173913,0.21739130434782608,0.17391304347826086,0.043478260869565216,0.1391304347826087,0.2434782608695652,0.1826086956521739
687859,"Johnston, Troy",136,0.40441176470588236,0.5955882352941176,0.22794117647058823,0.3382352941176471,0.029411764705882353,0.375,0.40441176470588236,0.22058823529411764,0.18382352941176472,0.15441176470588236,0.0661764705882353,0.19117647058823528,0.25,0.15441176470588236
650859,"Rengifo, Luis",135,0.5185185185185185,0.4814814814814815,0.16296296296296298,0.2740740740740741,0.044444444444444446,0.4074074074074074,0.31851851851851853,0.2740740740740741,0.2518518518518518,0.17777777777777778,0.08888888888888889,0.15555555555555556,0.14074074074074075,0.18518518518518517
669003,"Mitchell, Garrett",81,0.5432098765432098,0.4567901234567901,0.1728395061728395,0.2345679012345679,0.04938271604938271,0.30864197530864196,0.43209876543209874,0.25925925925925924,0.20987654320987653,0.2716049382716049,0.06172839506172839,0.09876543209876543,0.16049382716049382,0.19753086419753085
571448,"Arenado, Nolan",138,0.3695652173913043,0.6304347826086957,0.2463768115942029,0.2608695652173913,0.12318840579710146,0.463768115942029,0.36231884057971014,0.17391304347826086,0.18840579710144928,0.11594202898550725,0.06521739130434782,0.2753623188405797,0.24637681159420288,0.10869565217391304
681351,"O'Hoppe, Logan",84,0.4166666666666667,0.5833333333333334,0.2976190476190476,0.15476190476190477,0.13095238095238096,0.4523809523809524,0.27380952380952384,0.27380952380952384,0.23809523809523808,0.10714285714285714,0.07142857142857142,0.2142857142857143,0.16666666666666669,0.2023809523809524
691723,"Mayo, Coby",96,0.3854166666666667,0.6145833333333334,0.3229166666666667,0.19791666666666666,0.09375,0.53125,0.3333333333333333,0.13541666666666666,0.20833333333333334,0.13541666666666666,0.041666666666666664,0.32291666666666663,0.19791666666666666,0.09375
669236,"Jackson, Jeremiah",134,0.5298507462686567,0.4701492537313433,0.2462686567164179,0.1791044776119403,0.04477611940298507,0.43283582089552236,0.3358208955223881,0.23134328358208955,0.2835820895522388,0.20149253731343283,0.04477611940298507,0.14925373134328357,0.13432835820895525,0.1865671641791045
683002,"Henderson, Gunnar",176,0.4318181818181818,0.5681818181818181,0.2897727272727273,0.2215909090909091,0.056818181818181816,0.4431818181818182,0.3693181818181818,0.1875,0.17045454545454544,0.22727272727272727,0.03409090909090909,0.2727272727272727,0.14204545454545456,0.1534090909090909
701358,"Smith, Cam",136,0.4485294117647059,0.5514705882352942,0.2647058823529412,0.22058823529411764,0.0661764705882353,0.3161764705882353,0.3897058823529412,0.29411764705882354,0.19117647058823528,0.19117647058823528,0.0661764705882353,0.125,0.1985294117647059,0.22794117647058826
514888,"Altuve, Jose",130,0.4846153846153846,0.5153846153846154,0.17692307692307693,0.25384615384615383,0.08461538461538462,0.4230769230769231,0.46923076923076923,0.1076923076923077,0.2153846153846154,0.25384615384615383,0.015384615384615385,0.20769230769230768,0.2153846153846154,0.09230769230769231
690993,"Keith, Colt",124,0.4032258064516129,0.5967741935483871,0.24193548387096775,0.25806451612903225,0.0967741935483871,0.3709677419354839,0.4112903225806452,0.21774193548387097,0.1935483870967742,0.18548387096774194,0.024193548387096774,0.1774193548387097,0.22580645161290325,0.1935483870967742
695657,"Montgomery, Colson",140,0.35,0.65,0.34285714285714286,0.21428571428571427,0.09285714285714286,0.5214285714285715,0.29285714285714287,0.18571428571428572,0.24285714285714285,0.08571428571428572,0.02142857142857143,0.2785714285714286,0.20714285714285716,0.16428571428571428
643217,"Benintendi, Andrew",117,0.3162393162393162,0.6837606837606838,0.3333333333333333,0.28205128205128205,0.06837606837606838,0.5384615384615384,0.3504273504273504,0.1111111111111111,0.19658119658119658,0.09401709401709402,0.02564102564102564,0.3418803418803419,0.2564102564102564,0.08547008547008547
645277,"Albies, Ozzie",202,0.3613861386138614,0.6386138613861386,0.3118811881188119,0.24257425742574257,0.08415841584158416,0.42574257425742573,0.33663366336633666,0.2376237623762376,0.18811881188118812,0.1485148514851485,0.024752475247524754,0.2376237623762376,0.18811881188118815,0.21287128712871287
660670,"Acuña Jr., Ronald",126,0.4126984126984127,0.5873015873015872,0.30158730158730157,0.20634920634920634,0.07936507936507936,0.38095238095238093,0.3253968253968254,0.29365079365079366,0.19047619047619047,0.15873015873015872,0.06349206349206349,0.19047619047619047,0.16666666666666669,0.23015873015873017
671739,"Harris II, Michael",160,0.45625,0.54375,0.26875,0.2125,0.0625,0.33125,0.45625,0.2125,0.16875,0.21875,0.06875,0.16249999999999998,0.2375,0.14375
683083,"Nuñez, Nasim",133,0.5338345864661654,0.46616541353383456,0.18796992481203006,0.23308270676691728,0.045112781954887216,0.3233082706766917,0.45112781954887216,0.22556390977443608,0.23308270676691728,0.21804511278195488,0.08270676691729323,0.09022556390977443,0.23308270676691728,0.14285714285714285
695734,"Lile, Daylen",189,0.37566137566137564,0.6243386243386242,0.3439153439153439,0.2222222222222222,0.0582010582010582,0.43386243386243384,0.2698412698412698,0.2962962962962963,0.25396825396825395,0.09523809523809523,0.026455026455026454,0.17989417989417988,0.1746031746031746,0.2698412698412698
678554,"Mead, Curtis",103,0.39805825242718446,0.6019417475728155,0.34951456310679613,0.18446601941747573,0.06796116504854369,0.49514563106796117,0.2815533980582524,0.22330097087378642,0.2621359223300971,0.11650485436893204,0.019417475728155338,0.23300970873786409,0.16504854368932037,0.2038834951456311
646240,"Devers, Rafael",153,0.43790849673202614,0.5620915032679739,0.3202614379084967,0.1830065359477124,0.058823529411764705,0.29411764705882354,0.477124183006536,0.22875816993464052,0.16339869281045752,0.2222222222222222,0.05228758169934641,0.13071895424836602,0.25490196078431376,0.1764705882352941
677800,"Abreu, Wilyer",172,0.37209302325581395,0.627906976744186,0.3430232558139535,0.22093023255813954,0.06395348837209303,0.3313953488372093,0.3488372093023256,0.31976744186046513,0.1744186046511628,0.1511627906976744,0.046511627906976744,0.15697674418604649,0.19767441860465118,0.2732558139534884
678882,"Rafaela, Ceddanne",147,0.4217687074829932,0.5782312925170068,0.2585034013605442,0.272108843537415,0.047619047619047616,0.3469387755102041,0.35374149659863946,0.29931972789115646,0.1836734693877551,0.16326530612244897,0.07482993197278912,0.16326530612244897,0.1904761904761905,0.22448979591836735
676391,"Clement, Ernie",205,0.3902439024390244,0.6097560975609756,0.2634146341463415,0.23902439024390243,0.1073170731707317,0.45365853658536587,0.3804878048780488,0.16585365853658537,0.23902439024390243,0.13658536585365855,0.014634146341463415,0.21463414634146344,0.24390243902439024,0.15121951219512195
672960,"Okamoto, Kazuma",134,0.40298507462686567,0.5970149253731344,0.31343283582089554,0.20149253731343283,0.08208955223880597,0.48507462686567165,0.34328358208955223,0.17164179104477612,0.23134328358208955,0.1417910447761194,0.029850746268656716,0.2537313432835821,0.20149253731343283,0.1417910447761194
665489,"Guerrero Jr., Vladimir",181,0.4861878453038674,0.5138121546961326,0.1712707182320442,0.26519337016574585,0.07734806629834254,0.34806629834254144,0.40331491712707185,0.24861878453038674,0.19337016574585636,0.20994475138121546,0.08287292817679558,0.15469613259668508,0.1933701657458564,0.16574585635359118
656555,"Hoskins, Rhys",85,0.32941176470588235,0.6705882352941177,0.3411764705882353,0.18823529411764706,0.1411764705882353,0.5529411764705883,0.21176470588235294,0.23529411764705882,0.24705882352941178,0.047058823529411764,0.03529411764705882,0.3058823529411765,0.16470588235294117,0.2
682177,"Schneemann, Daniel",102,0.4117647058823529,0.5882352941176471,0.29411764705882354,0.27450980392156865,0.0196078431372549,0.45098039215686275,0.3431372549019608,0.20588235294117646,0.23529411764705882,0.14705882352941177,0.029411764705882353,0.21568627450980393,0.19607843137254902,0.1764705882352941
677649,"Duran, Ezequiel",120,0.4666666666666667,0.5333333333333333,0.225,0.24166666666666667,0.06666666666666667,0.3416666666666667,0.4,0.25833333333333336,0.18333333333333332,0.21666666666666667,0.06666666666666667,0.15833333333333335,0.18333333333333335,0.1916666666666667
673962,"Jung, Josh",170,0.4294117647058823,0.5705882352941176,0.21764705882352942,0.3058823529411765,0.047058823529411764,0.4117647058823529,0.3411764705882353,0.24705882352941178,0.23529411764705882,0.14705882352941177,0.047058823529411764,0.1764705882352941,0.19411764705882353,0.2
608369,"Seager, Corey",108,0.4444444444444444,0.5555555555555556,0.2962962962962963,0.21296296296296297,0.046296296296296294,0.46296296296296297,0.3148148148148148,0.2222222222222222,0.28703703703703703,0.1388888888888889,0.018518518518518517,0.17592592592592593,0.17592592592592593,0.2037037037037037
643376,"Jansen, Danny",82,0.4024390243902439,0.5975609756097562,0.2804878048780488,0.15853658536585366,0.15853658536585366,0.5609756097560976,0.2926829268292683,0.14634146341463414,0.2682926829268293,0.0975609756097561,0.036585365853658534,0.29268292682926833,0.19512195121951217,0.1097560975609756
592450,"Judge, Aaron",141,0.3900709219858156,0.6099290780141844,0.3120567375886525,0.22695035460992907,0.07092198581560284,0.4397163120567376,0.3120567375886525,0.24822695035460993,0.2553191489361702,0.09929078014184398,0.03546099290780142,0.18439716312056742,0.2127659574468085,0.2127659574468085
676609,"Caballero, José",126,0.5476190476190477,0.45238095238095233,0.16666666666666666,0.1984126984126984,0.0873015873015873,0.42063492063492064,0.38095238095238093,0.1984126984126984,0.24603174603174602,0.23809523809523808,0.06349206349206349,0.17460317460317462,0.14285714285714285,0.1349206349206349
663757,"Grisham, Trent",144,0.4097222222222222,0.5902777777777778,0.3125,0.19444444444444445,0.08333333333333333,0.4097222222222222,0.3819444444444444,0.20833333333333334,0.2361111111111111,0.1527777777777778,0.020833333333333332,0.1736111111111111,0.22916666666666663,0.1875
665862,"Chisholm Jr., Jazz",141,0.425531914893617,0.574468085106383,0.3049645390070922,0.19148936170212766,0.07801418439716312,0.5106382978723404,0.2978723404255319,0.19148936170212766,0.3049645390070922,0.09219858156028368,0.028368794326241134,0.2056737588652482,0.20567375886524822,0.16312056737588654
691016,"Soderstrom, Tyler",163,0.4233128834355828,0.5766871165644172,0.32515337423312884,0.17177914110429449,0.07975460122699386,0.3803680981595092,0.4049079754601227,0.2147239263803681,0.19631901840490798,0.20245398773006135,0.024539877300613498,0.18404907975460125,0.20245398773006135,0.1901840490797546
667670,"Rooker, Brent",97,0.35051546391752575,0.6494845360824743,0.4020618556701031,0.20618556701030927,0.041237113402061855,0.38144329896907214,0.3711340206185567,0.24742268041237114,0.18556701030927836,0.13402061855670103,0.030927835051546393,0.19587628865979378,0.2371134020618557,0.21649484536082475
804606,"Griffin, Konnor",132,0.5303030303030303,0.4696969696969697,0.1893939393939394,0.24242424242424243,0.03787878787878788,0.3787878787878788,0.3484848484848485,0.2727272727272727,0.23484848484848486,0.1893939393939394,0.10606060606060606,0.14393939393939392,0.15909090909090912,0.16666666666666663
542303,"Ozuna, Marcell",114,0.2894736842105263,0.7105263157894737,0.30701754385964913,0.2631578947368421,0.14035087719298245,0.3684210526315789,0.35964912280701755,0.2719298245614035,0.18421052631578946,0.09649122807017543,0.008771929824561403,0.18421052631578946,0.26315789473684215,0.26315789473684215
691406,"Caminero, Junior",169,0.4911242603550296,0.5088757396449705,0.21893491124260356,0.1952662721893491,0.09467455621301775,0.42011834319526625,0.378698224852071,0.20118343195266272,0.21301775147928995,0.23668639053254437,0.04142011834319527,0.2071005917159763,0.14201183431952663,0.15976331360946744
807712,"Keaschall, Luke",164,0.3902439024390244,0.6097560975609756,0.2804878048780488,0.22560975609756098,0.10365853658536585,0.34146341463414637,0.32926829268292684,0.32926829268292684,0.22560975609756098,0.11585365853658537,0.04878048780487805,0.11585365853658539,0.2134146341463415,0.2804878048780488
680777,"Jeffers, Ryan",101,0.31683168316831684,0.6831683168316832,0.31683168316831684,0.22772277227722773,0.13861386138613863,0.40594059405940597,0.32673267326732675,0.26732673267326734,0.19801980198019803,0.0891089108910891,0.0297029702970297,0.20792079207920794,0.23762376237623764,0.23762376237623764
663616,"Larnach, Trevor",109,0.41284403669724773,0.5871559633027523,0.21100917431192662,0.27522935779816515,0.10091743119266056,0.41284403669724773,0.3944954128440367,0.1926605504587156,0.1926605504587156,0.1559633027522936,0.06422018348623854,0.22018348623853212,0.23853211009174313,0.12844036697247707
670764,"Walls, Taylor",94,0.43617021276595747,0.5638297872340425,0.2765957446808511,0.1702127659574468,0.11702127659574468,0.3617021276595745,0.30851063829787234,0.32978723404255317,0.2127659574468085,0.14893617021276595,0.07446808510638298,0.14893617021276598,0.1595744680851064,0.2553191489361702
701398,"Stewart, Sal",168,0.4642857142857143,0.5357142857142857,0.2857142857142857,0.20238095238095238,0.047619047619047616,0.30952380952380953,0.3630952380952381,0.3273809523809524,0.16666666666666666,0.24404761904761904,0.05357142857142857,0.14285714285714288,0.11904761904761904,0.27380952380952384
802139,"Wetherholt, JJ",171,0.36257309941520466,0.6374269005847953,0.3333333333333333,0.24561403508771928,0.05847953216374269,0.4444444444444444,0.34502923976608185,0.21052631578947367,0.2573099415204678,0.07017543859649122,0.03508771929824561,0.1871345029239766,0.27485380116959063,0.17543859649122806
691026,"Winn, Masyn",144,0.4722222222222222,0.5277777777777778,0.1597222222222222,0.2638888888888889,0.10416666666666667,0.3194444444444444,0.4236111111111111,0.2569444444444444,0.18055555555555555,0.24305555555555555,0.04861111111111111,0.13888888888888887,0.18055555555555555,0.20833333333333331
691023,"Walker, Jordan",154,0.4090909090909091,0.5909090909090908,0.2857142857142857,0.23376623376623376,0.07142857142857142,0.4025974025974026,0.37662337662337664,0.22077922077922077,0.2532467532467532,0.14285714285714285,0.012987012987012988,0.1493506493506494,0.2337662337662338,0.20779220779220778
669357,"Gorman, Nolan",121,0.30578512396694213,0.6942148760330578,0.36363636363636365,0.256198347107438,0.0743801652892562,0.4297520661157025,0.2975206611570248,0.2727272727272727,0.1487603305785124,0.11570247933884298,0.04132231404958678,0.2809917355371901,0.18181818181818182,0.23140495867768593
677594,"Rodríguez, Julio",185,0.42162162162162165,0.5783783783783785,0.25405405405405407,0.23783783783783785,0.08648648648648649,0.4,0.3837837837837838,0.21621621621621623,0.20540540540540542,0.15675675675675677,0.05945945945945946,0.1945945945945946,0.22702702702702704,0.15675675675675677
691594,"Sanoja, Javier",108,0.46296296296296297,0.537037037037037,0.16666666666666666,0.2777777777777778,0.09259259259259259,0.4537037037037037,0.37962962962962965,0.16666666666666666,0.23148148148148148,0.18518518518518517,0.046296296296296294,0.22222222222222224,0.19444444444444448,0.12037037037037036
805300,"Marsee, Jakob",149,0.348993288590604,0.651006711409396,0.26174496644295303,0.2550335570469799,0.1342281879194631,0.3825503355704698,0.348993288590604,0.2684563758389262,0.15436241610738255,0.1342281879194631,0.06040268456375839,0.22818791946308725,0.21476510067114093,0.2080536912751678
665487,"Tatis Jr., Fernando",162,0.5370370370370371,0.462962962962963,0.17901234567901234,0.25308641975308643,0.030864197530864196,0.2654320987654321,0.43209876543209874,0.30246913580246915,0.19135802469135801,0.25308641975308643,0.09259259259259259,0.0740740740740741,0.1790123456790123,0.20987654320987656
608348,"Kelly, Carson",111,0.4774774774774775,0.5225225225225225,0.22522522522522523,0.2072072072072072,0.09009009009009009,0.35135135135135137,0.44144144144144143,0.2072072072072072,0.23423423423423423,0.22522522522522523,0.018018018018018018,0.11711711711711714,0.2162162162162162,0.18918918918918917
691718,"Crow-Armstrong, Pete",153,0.39869281045751637,0.6013071895424836,0.29411764705882354,0.1895424836601307,0.11764705882352941,0.47058823529411764,0.3137254901960784,0.21568627450980393,0.24183006535947713,0.11764705882352941,0.0392156862745098,0.22875816993464052,0.19607843137254902,0.17647058823529413
608324,"Bregman, Alex",191,0.39790575916230364,0.6020942408376964,0.23036649214659685,0.2774869109947644,0.09424083769633508,0.4607329842931937,0.38219895287958117,0.15706806282722513,0.23036649214659685,0.13612565445026178,0.031413612565445025,0.23036649214659685,0.24607329842931938,0.1256544502617801
694208,"Ballesteros, Moisés",102,0.43137254901960786,0.5686274509803921,0.24509803921568626,0.2549019607843137,0.06862745098039216,0.3333333333333333,0.37254901960784315,0.29411764705882354,0.18627450980392157,0.19607843137254902,0.049019607843137254,0.14705882352941174,0.17647058823529413,0.2450980392156863
621020,"Swanson, Dansby",141,0.425531914893617,0.574468085106383,0.3262411347517731,0.1702127659574468,0.07801418439716312,0.475177304964539,0.3262411347517731,0.19858156028368795,0.2978723404255319,0.10638297872340426,0.02127659574468085,0.17730496453900713,0.21985815602836883,0.1773049645390071
701538,"Merrill, Jackson",148,0.41216216216216217,0.5878378378378377,0.25675675675675674,0.2635135135135135,0.06756756756756757,0.3783783783783784,0.3581081081081081,0.2635135135135135,0.20945945945945946,0.16891891891891891,0.033783783783783786,0.16891891891891894,0.1891891891891892,0.22972972972972971
681082,"Stott, Bryson",150,0.4266666666666667,0.5733333333333334,0.28,0.2,0.09333333333333334,0.42,0.3933333333333333,0.18666666666666668,0.22666666666666666,0.15333333333333332,0.04666666666666667,0.19333333333333333,0.24,0.14
547180,"Harper, Bryce",163,0.43558282208588955,0.5644171779141105,0.25766871165644173,0.26993865030674846,0.03680981595092025,0.36809815950920244,0.4233128834355828,0.2085889570552147,0.2085889570552147,0.20245398773006135,0.024539877300613498,0.15950920245398773,0.22085889570552147,0.18404907975460122
672580,"Garcia, Maikel",191,0.4397905759162304,0.5602094240837696,0.20418848167539266,0.2879581151832461,0.06806282722513089,0.35602094240837695,0.41361256544502617,0.23036649214659685,0.17801047120418848,0.225130890052356,0.03664921465968586,0.17801047120418848,0.18848167539267016,0.19371727748691098
695506,"Caglianone, Jac",116,0.4224137931034483,0.5775862068965517,0.25,0.3017241379310345,0.02586206896551724,0.4051724137931034,0.39655172413793105,0.19827586206896552,0.23275862068965517,0.15517241379310345,0.034482758620689655,0.17241379310344826,0.2413793103448276,0.16379310344827586
695600,"Jensen, Carter",115,0.3217391304347826,0.6782608695652174,0.3652173913043478,0.20869565217391303,0.10434782608695652,0.41739130434782606,0.3130434782608696,0.26956521739130435,0.17391304347826086,0.11304347826086956,0.034782608695652174,0.2434782608695652,0.2,0.23478260869565218
665742,"Soto, Juan",126,0.3968253968253968,0.6031746031746031,0.373015873015873,0.15873015873015872,0.07142857142857142,0.373015873015873,0.4603174603174603,0.16666666666666666,0.18253968253968253,0.19047619047619047,0.023809523809523808,0.1904761904761905,0.2698412698412698,0.14285714285714285
682626,"Alvarez, Francisco",85,0.49411764705882355,0.5058823529411764,0.24705882352941178,0.2,0.058823529411764705,0.4588235294117647,0.4,0.1411764705882353,0.29411764705882354,0.2,0,0.16470588235294115,0.2,0.1411764705882353
664983,"McCarthy, Jake",115,0.43478260869565216,0.5652173913043478,0.23478260869565218,0.25217391304347825,0.0782608695652174,0.3739130434782609,0.41739130434782606,0.20869565217391303,0.23478260869565218,0.16521739130434782,0.034782608695652174,0.1391304347826087,0.25217391304347825,0.17391304347826086
682998,"Carroll, Corbin",148,0.41216216216216217,0.5878378378378378,0.27702702702702703,0.23648648648648649,0.07432432432432433,0.41216216216216217,0.41216216216216217,0.17567567567567569,0.1891891891891892,0.20270270270270271,0.02027027027027027,0.22297297297297297,0.20945945945945946,0.15540540540540543
545121,"Vargas, Ildemaro",177,0.4406779661016949,0.5593220338983051,0.192090395480226,0.2655367231638418,0.1016949152542373,0.4689265536723164,0.3785310734463277,0.15254237288135594,0.24293785310734464,0.15819209039548024,0.03954802259887006,0.22598870056497175,0.22033898305084745,0.11299435028248589
672724,"Peraza, Oswald",112,0.4375,0.5625,0.20535714285714285,0.30357142857142855,0.05357142857142857,0.375,0.375,0.25,0.22321428571428573,0.16071428571428573,0.05357142857142857,0.15178571428571427,0.21428571428571427,0.19642857142857142
545361,"Trout, Mike",144,0.3402777777777778,0.6597222222222223,0.3680555555555556,0.20833333333333334,0.08333333333333333,0.4097222222222222,0.3402777777777778,0.25,0.1875,0.11805555555555555,0.034722222222222224,0.2222222222222222,0.22222222222222224,0.2152777777777778
694212,"Basallo, Samuel",113,0.3893805309734513,0.6106194690265486,0.2743362831858407,0.26548672566371684,0.07079646017699115,0.3893805309734513,0.37168141592920356,0.23893805309734514,0.23008849557522124,0.12389380530973451,0.035398230088495575,0.1592920353982301,0.24778761061946905,0.20353982300884957
624413,"Alonso, Pete",167,0.41317365269461076,0.5868263473053892,0.32335329341317365,0.2275449101796407,0.03592814371257485,0.3413173652694611,0.4311377245508982,0.2275449101796407,0.16766467065868262,0.20359281437125748,0.041916167664670656,0.17365269461077848,0.22754491017964074,0.18562874251497005
677942,"Alexander, Blaze",88,0.5,0.5,0.20454545454545456,0.2727272727272727,0.022727272727272728,0.3181818181818182,0.375,0.3068181818181818,0.22727272727272727,0.20454545454545456,0.06818181818181818,0.09090909090909091,0.17045454545454544,0.23863636363636365
668939,"Rutschman, Adley",128,0.390625,0.609375,0.28125,0.2734375,0.0546875,0.375,0.3984375,0.2265625,0.171875,0.1640625,0.0546875,0.203125,0.234375,0.171875
670623,"Paredes, Isaac",158,0.2848101265822785,0.7151898734177216,0.31645569620253167,0.25316455696202533,0.14556962025316456,0.5506329113924051,0.24050632911392406,0.2088607594936709,0.18354430379746836,0.05063291139240506,0.05063291139240506,0.3670886075949368,0.189873417721519,0.15822784810126583
650402,"Torres, Gleyber",96,0.4895833333333333,0.5104166666666666,0.25,0.25,0.010416666666666666,0.16666666666666666,0.3854166666666667,0.4479166666666667,0.13541666666666666,0.22916666666666666,0.125,0.03125,0.15625000000000003,0.3229166666666667
700337,"Quero, Edgar",86,0.5581395348837209,0.4418604651162791,0.2558139534883721,0.1744186046511628,0.011627906976744186,0.313953488372093,0.43023255813953487,0.2558139534883721,0.20930232558139536,0.2558139534883721,0.09302325581395349,0.10465116279069767,0.17441860465116277,0.16279069767441862
805367,"Meidroth, Chase",162,0.5308641975308642,0.4691358024691358,0.19753086419753085,0.22839506172839505,0.043209876543209874,0.41358024691358025,0.30246913580246915,0.2839506172839506,0.25925925925925924,0.19753086419753085,0.07407407407407407,0.154320987654321,0.1049382716049383,0.20987654320987653
669394,"Burger, Jake",152,0.4473684210526316,0.5526315789473684,0.25,0.23026315789473684,0.07236842105263158,0.4342105263157895,0.3684210526315789,0.19736842105263158,0.18421052631578946,0.21052631578947367,0.05263157894736842,0.25,0.15789473684210525,0.14473684210526316
592626,"Pederson, Joc",105,0.38095238095238093,0.6190476190476191,0.2857142857142857,0.2761904761904762,0.05714285714285714,0.42857142857142855,0.3142857142857143,0.2571428571428571,0.18095238095238095,0.12380952380952381,0.0761904761904762,0.2476190476190476,0.19047619047619047,0.18095238095238092
641355,"Bellinger, Cody",177,0.3389830508474576,0.6610169491525424,0.3333333333333333,0.22598870056497175,0.1016949152542373,0.4350282485875706,0.3615819209039548,0.2033898305084746,0.20903954802259886,0.11864406779661017,0.011299435028248588,0.22598870056497175,0.24293785310734461,0.192090395480226
700250,"Rice, Ben",142,0.4225352112676056,0.5774647887323943,0.2535211267605634,0.28169014084507044,0.04225352112676056,0.47183098591549294,0.3591549295774648,0.16901408450704225,0.2605633802816901,0.15492957746478872,0.007042253521126761,0.2112676056338028,0.2042253521126761,0.1619718309859155
694497,"Carter, Evan",126,0.35714285714285715,0.6428571428571428,0.35714285714285715,0.18253968253968253,0.10317460317460317,0.373015873015873,0.38095238095238093,0.24603174603174602,0.21428571428571427,0.11904761904761904,0.023809523809523808,0.15873015873015875,0.26190476190476186,0.2222222222222222
666182,"Bichette, Bo",194,0.4896907216494845,0.5103092783505155,0.26288659793814434,0.2268041237113402,0.020618556701030927,0.21649484536082475,0.39690721649484534,0.3865979381443299,0.12886597938144329,0.23195876288659795,0.12886597938144329,0.08762886597938147,0.1649484536082474,0.2577319587628866
543760,"Semien, Marcus",168,0.3630952380952381,0.636904761904762,0.2916666666666667,0.25,0.09523809523809523,0.47619047619047616,0.375,0.1488095238095238,0.21428571428571427,0.125,0.023809523809523808,0.26190476190476186,0.25,0.125
621043,"Correa, Carlos",97,0.4742268041237113,0.5257731958762886,0.16494845360824742,0.31958762886597936,0.041237113402061855,0.4020618556701031,0.29896907216494845,0.29896907216494845,0.20618556701030927,0.13402061855670103,0.13402061855670103,0.19587628865979384,0.16494845360824742,0.16494845360824742
572233,"Walker, Christian",170,0.4294117647058823,0.5705882352941176,0.28823529411764703,0.2,0.08235294117647059,0.4176470588235294,0.35294117647058826,0.22941176470588234,0.20588235294117646,0.17647058823529413,0.047058823529411764,0.21176470588235297,0.17647058823529413,0.18235294117647058
543877,"Vázquez, Christian",95,0.4631578947368421,0.5368421052631579,0.25263157894736843,0.21052631578947367,0.07368421052631578,0.3684210526315789,0.35789473684210527,0.2736842105263158,0.23157894736842105,0.2,0.031578947368421054,0.13684210526315788,0.15789473684210525,0.24210526315789477
808959,"Murakami, Munetaka",121,0.4214876033057851,0.5785123966942148,0.4132231404958678,0.12396694214876033,0.04132231404958678,0.4380165289256198,0.38016528925619836,0.18181818181818182,0.2396694214876033,0.14049586776859505,0.04132231404958678,0.1983471074380165,0.2396694214876033,0.14049586776859505
671976,"Peters, Tristan",111,0.46846846846846846,0.5315315315315315,0.21621621621621623,0.24324324324324326,0.07207207207207207,0.4864864864864865,0.32432432432432434,0.1891891891891892,0.23423423423423423,0.17117117117117117,0.06306306306306306,0.2522522522522523,0.15315315315315317,0.12612612612612614
663586,"Riley, Austin",146,0.3972602739726027,0.6027397260273972,0.3150684931506849,0.19863013698630136,0.08904109589041095,0.4315068493150685,0.3082191780821918,0.2602739726027397,0.2465753424657534,0.11643835616438356,0.03424657534246575,0.18493150684931509,0.19178082191780824,0.22602739726027396
686948,"Baldwin, Drake",144,0.4375,0.5625,0.25,0.2638888888888889,0.04861111111111111,0.3194444444444444,0.4583333333333333,0.2222222222222222,0.1597222222222222,0.2222222222222222,0.05555555555555555,0.1597222222222222,0.2361111111111111,0.16666666666666666
643289,"Dubón, Mauricio",169,0.3668639053254438,0.6331360946745561,0.26627218934911245,0.28994082840236685,0.07692307692307693,0.2958579881656805,0.4260355029585799,0.2781065088757396,0.15976331360946747,0.16568047337278108,0.04142011834319527,0.13609467455621302,0.2603550295857988,0.23668639053254437
621566,"Olson, Matt",169,0.3727810650887574,0.6272189349112427,0.3254437869822485,0.20710059171597633,0.09467455621301775,0.3668639053254438,0.378698224852071,0.25443786982248523,0.15976331360946747,0.15976331360946747,0.05325443786982249,0.2071005917159763,0.21893491124260353,0.20118343195266275
573262,"Yastrzemski, Mike",108,0.4166666666666667,0.5833333333333333,0.28703703703703703,0.23148148148148148,0.06481481481481481,0.4722222222222222,0.2962962962962963,0.23148148148148148,0.25925925925925924,0.12037037037037036,0.037037037037037035,0.21296296296296297,0.17592592592592593,0.19444444444444445
678391,"Vivas, Jorbit",91,0.4725274725274725,0.5274725274725275,0.1978021978021978,0.23076923076923078,0.0989010989010989,0.3626373626373626,0.3626373626373626,0.27472527472527475,0.23076923076923078,0.17582417582417584,0.06593406593406594,0.13186813186813184,0.1868131868131868,0.20879120879120883
660821,"Sánchez, Jesús",130,0.4307692307692308,0.5692307692307692,0.24615384615384617,0.25384615384615383,0.06923076923076923,0.3153846153846154,0.4076923076923077,0.27692307692307694,0.16153846153846155,0.2076923076923077,0.06153846153846154,0.15384615384615383,0.19999999999999998,0.2153846153846154
665926,"Giménez, Andrés",154,0.525974025974026,0.474025974025974,0.22077922077922077,0.18831168831168832,0.06493506493506493,0.38311688311688313,0.33766233766233766,0.2792207792207792,0.2597402597402597,0.21428571428571427,0.05194805194805195,0.12337662337662342,0.12337662337662339,0.22727272727272724
677587,"Rocchio, Brayan",160,0.4625,0.5375,0.21875,0.225,0.09375,0.4375,0.35,0.2125,0.25625,0.1625,0.04375,0.18125000000000002,0.18749999999999997,0.16875
800050,"DeLauter, Chase",176,0.39204545454545453,0.6079545454545454,0.19318181818181818,0.3068181818181818,0.10795454545454546,0.4034090909090909,0.30113636363636365,0.29545454545454547,0.2159090909090909,0.14204545454545456,0.03409090909090909,0.18749999999999997,0.1590909090909091,0.26136363636363635
700932,"Manzardo, Kyle",96,0.4166666666666667,0.5833333333333334,0.28125,0.21875,0.08333333333333333,0.4583333333333333,0.4375,0.10416666666666667,0.22916666666666666,0.16666666666666666,0.020833333333333332,0.22916666666666666,0.27083333333333337,0.08333333333333334
605170,"Caratini, Victor",107,0.4672897196261682,0.5327102803738317,0.19626168224299065,0.29906542056074764,0.037383177570093455,0.35514018691588783,0.411214953271028,0.2336448598130841,0.19626168224299065,0.19626168224299065,0.07476635514018691,0.1588785046728972,0.21495327102803738,0.15887850467289721
665019,"Clemens, Kody",120,0.38333333333333336,0.6166666666666667,0.30833333333333335,0.225,0.08333333333333333,0.375,0.35,0.275,0.18333333333333332,0.15,0.05,0.19166666666666668,0.19999999999999998,0.22500000000000003
676475,"Burleson, Alec",178,0.449438202247191,0.550561797752809,0.29775280898876405,0.19662921348314608,0.056179775280898875,0.43820224719101125,0.3089887640449438,0.25280898876404495,0.2696629213483146,0.1348314606741573,0.0449438202247191,0.16853932584269665,0.1741573033707865,0.20786516853932585
663656,"Tucker, Kyle",161,0.35403726708074534,0.6459627329192547,0.3167701863354037,0.2608695652173913,0.06832298136645963,0.4472049689440994,0.34782608695652173,0.20496894409937888,0.19254658385093168,0.11801242236024845,0.043478260869565216,0.25465838509316774,0.22981366459627328,0.16149068322981366
681624,"Pages, Andy",174,0.3850574712643678,0.6149425287356323,0.26436781609195403,0.27011494252873564,0.08045977011494253,0.3563218390804598,0.367816091954023,0.27586206896551724,0.16666666666666666,0.1724137931034483,0.04597701149425287,0.18965517241379312,0.1954022988505747,0.22988505747126436
702222,"Crawford, Justin",129,0.6124031007751938,0.3875968992248062,0.15503875968992248,0.17829457364341086,0.05426356589147287,0.3178294573643411,0.3875968992248062,0.29457364341085274,0.23255813953488372,0.24806201550387597,0.13178294573643412,0.08527131782945738,0.13953488372093026,0.16279069767441862
669016,"Marsh, Brandon",145,0.4482758620689655,0.5517241379310345,0.2482758620689655,0.2620689655172414,0.041379310344827586,0.3448275862068966,0.3793103448275862,0.27586206896551724,0.18620689655172415,0.19310344827586207,0.06896551724137931,0.15862068965517243,0.18620689655172412,0.20689655172413793
686469,"Pasquantino, Vinnie",162,0.3271604938271605,0.6728395061728394,0.2716049382716049,0.2654320987654321,0.13580246913580246,0.46296296296296297,0.32098765432098764,0.21604938271604937,0.19753086419753085,0.09876543209876543,0.030864197530864196,0.2654320987654321,0.2222222222222222,0.18518518518518517
679529,"Torkelson, Spencer",121,0.30578512396694213,0.6942148760330579,0.38016528925619836,0.2727272727272727,0.04132231404958678,0.4628099173553719,0.32231404958677684,0.21487603305785125,0.18181818181818182,0.09090909090909091,0.03305785123966942,0.2809917355371901,0.23140495867768593,0.18181818181818182
672761,"Pérez, Wenceel",113,0.46017699115044247,0.5398230088495575,0.2920353982300885,0.12389380530973451,0.12389380530973451,0.46017699115044247,0.3008849557522124,0.23893805309734514,0.2831858407079646,0.12389380530973451,0.05309734513274336,0.17699115044247787,0.1769911504424779,0.18584070796460178
682985,"Greene, Riley",143,0.3916083916083916,0.6083916083916083,0.2937062937062937,0.26573426573426573,0.04895104895104895,0.3706293706293706,0.3916083916083916,0.23776223776223776,0.1958041958041958,0.15384615384615385,0.04195804195804196,0.17482517482517482,0.23776223776223776,0.1958041958041958
693307,"Dingler, Dillon",144,0.3888888888888889,0.6111111111111112,0.2986111111111111,0.25,0.0625,0.4305555555555556,0.3680555555555556,0.2013888888888889,0.2152777777777778,0.1388888888888889,0.034722222222222224,0.2152777777777778,0.22916666666666669,0.16666666666666669
663837,"Vierling, Matt",123,0.4065040650406504,0.5934959349593496,0.2764227642276423,0.2032520325203252,0.11382113821138211,0.36585365853658536,0.3902439024390244,0.24390243902439024,0.23577235772357724,0.14634146341463414,0.024390243902439025,0.13008130081300812,0.24390243902439027,0.21951219512195122
691785,"Mayer, Marcelo",122,0.5163934426229508,0.4836065573770492,0.2540983606557377,0.16393442622950818,0.06557377049180328,0.38524590163934425,0.3524590163934426,0.26229508196721313,0.28688524590163933,0.16393442622950818,0.06557377049180328,0.09836065573770492,0.18852459016393444,0.19672131147540983
807799,"Yoshida, Masataka",98,0.5102040816326531,0.489795918367347,0.2653061224489796,0.1836734693877551,0.04081632653061224,0.3979591836734694,0.37755102040816324,0.22448979591836735,0.2653061224489796,0.19387755102040816,0.05102040816326531,0.13265306122448978,0.18367346938775508,0.17346938775510204
680776,"Duran, Jarren",148,0.4391891891891892,0.5608108108108109,0.21621621621621623,0.22297297297297297,0.12162162162162163,0.42567567567567566,0.34459459459459457,0.22972972972972974,0.25675675675675674,0.14189189189189189,0.04054054054054054,0.16891891891891891,0.2027027027027027,0.1891891891891892
643446,"McNeil, Jeff",150,0.47333333333333333,0.5266666666666666,0.15333333333333332,0.3,0.07333333333333333,0.4,0.32666666666666666,0.2733333333333333,0.24666666666666667,0.16,0.06666666666666667,0.15333333333333335,0.16666666666666666,0.20666666666666667
680869,"Gelof, Zack",100,0.47,0.53,0.23,0.2,0.1,0.42,0.4,0.18,0.23,0.23,0.01,0.18999999999999997,0.17,0.16999999999999998
693304,"Gonzales, Nick",157,0.5222929936305732,0.47770700636942676,0.17197452229299362,0.2611464968152866,0.044585987261146494,0.445859872611465,0.2611464968152866,0.2929936305732484,0.28662420382165604,0.15286624203821655,0.08280254777070063,0.15923566878980894,0.10828025477707007,0.21019108280254778
656811,"O'Hearn, Ryan",126,0.4523809523809524,0.5476190476190476,0.2857142857142857,0.23809523809523808,0.023809523809523808,0.4126984126984127,0.30158730158730157,0.2857142857142857,0.23809523809523808,0.14285714285714285,0.07142857142857142,0.1746031746031746,0.15873015873015872,0.21428571428571427
668804,"Reynolds, Bryan",156,0.5256410256410257,0.4743589743589744,0.21794871794871795,0.24358974358974358,0.01282051282051282,0.4230769230769231,0.3076923076923077,0.2692307692307692,0.27564102564102566,0.1794871794871795,0.07051282051282051,0.1474358974358974,0.12820512820512822,0.1987179487179487
680779,"Davis, Henry",87,0.41379310344827586,0.5862068965517242,0.2413793103448276,0.16091954022988506,0.1839080459770115,0.5747126436781609,0.3218390804597701,0.10344827586206896,0.25287356321839083,0.16091954022988506,0,0.32183908045977005,0.16091954022988506,0.10344827586206896
666018,"Aranda, Jonathan",145,0.35172413793103446,0.6482758620689656,0.31724137931034485,0.2896551724137931,0.041379310344827586,0.296551724137931,0.4482758620689655,0.25517241379310346,0.09655172413793103,0.21379310344827587,0.041379310344827586,0.19999999999999998,0.23448275862068965,0.21379310344827587
656775,"Mullins, Cedric",139,0.2733812949640288,0.7266187050359713,0.33093525179856115,0.22302158273381295,0.17266187050359713,0.43884892086330934,0.33093525179856115,0.2302158273381295,0.1366906474820144,0.09352517985611511,0.04316546762589928,0.302158273381295,0.23741007194244604,0.18705035971223022
668227,"Arozarena, Randy",162,0.5185185185185185,0.48148148148148145,0.20987654320987653,0.24691358024691357,0.024691358024691357,0.36419753086419754,0.35802469135802467,0.2777777777777778,0.20987654320987653,0.20987654320987653,0.09876543209876543,0.154320987654321,0.14814814814814814,0.17901234567901236
702284,"Young, Cole",159,0.389937106918239,0.610062893081761,0.2578616352201258,0.23270440251572327,0.11949685534591195,0.4779874213836478,0.3270440251572327,0.1949685534591195,0.25157232704402516,0.10062893081761007,0.03773584905660377,0.22641509433962265,0.22641509433962262,0.15723270440251574
670042,"Raley, Luke",95,0.37894736842105264,0.6210526315789473,0.3263157894736842,0.24210526315789474,0.05263157894736842,0.4842105263157895,0.28421052631578947,0.23157894736842105,0.2,0.14736842105263157,0.031578947368421054,0.28421052631578947,0.1368421052631579,0.2
663728,"Raleigh, Cal",106,0.2830188679245283,0.7169811320754716,0.4716981132075472,0.1320754716981132,0.11320754716981132,0.5094339622641509,0.2830188679245283,0.20754716981132076,0.18867924528301888,0.07547169811320754,0.018867924528301886,0.32075471698113206,0.20754716981132076,0.18867924528301888
682663,"Ramírez, Agustín",86,0.5232558139534884,0.47674418604651164,0.1511627906976744,0.22093023255813954,0.10465116279069768,0.3953488372093023,0.4069767441860465,0.19767441860465115,0.27906976744186046,0.23255813953488372,0.011627906976744186,0.11627906976744184,0.1744186046511628,0.18604651162790697
672640,"Lopez, Otto",192,0.5260416666666666,0.47395833333333337,0.23958333333333334,0.20833333333333334,0.026041666666666668,0.3020833333333333,0.4010416666666667,0.296875,0.1875,0.23958333333333334,0.09895833333333333,0.11458333333333331,0.16145833333333334,0.19791666666666669
669364,"Edwards, Xavier",191,0.450261780104712,0.5497382198952879,0.23036649214659685,0.27225130890052357,0.04712041884816754,0.3298429319371728,0.3769633507853403,0.2931937172774869,0.20418848167539266,0.17277486910994763,0.07329842931937172,0.12565445026178013,0.2041884816753927,0.21989528795811517
683357,"Caissie, Owen",79,0.43037974683544306,0.5696202531645569,0.26582278481012656,0.26582278481012656,0.0379746835443038,0.27848101265822783,0.5189873417721519,0.20253164556962025,0.1518987341772152,0.24050632911392406,0.0379746835443038,0.12658227848101264,0.27848101265822783,0.16455696202531644
657656,"Laureano, Ramón",119,0.4117647058823529,0.5882352941176471,0.31092436974789917,0.2184873949579832,0.058823529411764705,0.35294117647058826,0.33613445378151263,0.31092436974789917,0.17647058823529413,0.15966386554621848,0.07563025210084033,0.17647058823529413,0.17647058823529416,0.23529411764705882
664023,"Happ, Ian",131,0.37404580152671757,0.6259541984732825,0.3435114503816794,0.1984732824427481,0.08396946564885496,0.45038167938931295,0.3282442748091603,0.22137404580152673,0.16793893129770993,0.16030534351145037,0.04580152671755725,0.282442748091603,0.16793893129770993,0.17557251908396948
673548,"Suzuki, Seiya",120,0.35833333333333334,0.6416666666666668,0.25833333333333336,0.275,0.10833333333333334,0.38333333333333336,0.3333333333333333,0.2833333333333333,0.18333333333333332,0.125,0.05,0.20000000000000004,0.20833333333333331,0.23333333333333334
686217,"Frelick, Sal",151,0.5298013245033113,0.4701986754966888,0.18543046357615894,0.19205298013245034,0.09271523178807947,0.4304635761589404,0.3708609271523179,0.1986754966887417,0.2781456953642384,0.18543046357615894,0.06622516556291391,0.152317880794702,0.18543046357615894,0.1324503311258278
680728,"Del Castillo, Adrian",80,0.3625,0.6375,0.3125,0.225,0.1,0.3375,0.45,0.2125,0.1625,0.1625,0.0375,0.17500000000000002,0.2875,0.175
672515,"Moreno, Gabriel",92,0.3695652173913043,0.6304347826086957,0.32608695652173914,0.25,0.05434782608695652,0.3695652173913043,0.25,0.3804347826086957,0.15217391304347827,0.14130434782608695,0.07608695652173914,0.21739130434782605,0.10869565217391305,0.30434782608695654
656305,"Chapman, Matt",160,0.48125,0.51875,0.16875,0.20625,0.14375,0.4,0.325,0.275,0.225,0.18125,0.075,0.17500000000000002,0.14375000000000002,0.2
680574,"McLain, Matt",141,0.36879432624113473,0.6312056737588653,0.3475177304964539,0.1773049645390071,0.10638297872340426,0.3262411347517731,0.41134751773049644,0.2624113475177305,0.1773049645390071,0.1773049645390071,0.014184397163120567,0.14893617021276598,0.23404255319148934,0.24822695035460993
553993,"Suárez, Eugenio",75,0.37333333333333335,0.6266666666666667,0.22666666666666666,0.28,0.12,0.4666666666666667,0.28,0.25333333333333335,0.25333333333333335,0.12,0,0.21333333333333332,0.16000000000000003,0.25333333333333335
663993,"Lowe, Nathaniel",89,0.4157303370786517,0.5842696629213483,0.24719101123595505,0.30337078651685395,0.033707865168539325,0.43820224719101125,0.3258426966292135,0.23595505617977527,0.25842696629213485,0.12359550561797752,0.033707865168539325,0.1797752808988764,0.20224719101123598,0.20224719101123595
666160,"Moniak, Mickey",111,0.2972972972972973,0.7027027027027026,0.40540540540540543,0.17117117117117117,0.12612612612612611,0.5405405405405406,0.2882882882882883,0.17117117117117117,0.1891891891891892,0.0990990990990991,0.009009009009009009,0.35135135135135137,0.1891891891891892,0.16216216216216217
678662,"Tovar, Ezequiel",139,0.38848920863309355,0.6115107913669064,0.2805755395683453,0.2733812949640288,0.05755395683453238,0.381294964028777,0.41007194244604317,0.20863309352517986,0.17266187050359713,0.19424460431654678,0.02158273381294964,0.20863309352517986,0.2158273381294964,0.18705035971223022
696100,"Goodman, Hunter",124,0.3225806451612903,0.6774193548387097,0.3467741935483871,0.25806451612903225,0.07258064516129033,0.5483870967741935,0.28225806451612906,0.1693548387096774,0.18548387096774194,0.08870967741935484,0.04838709677419355,0.36290322580645157,0.19354838709677422,0.12096774193548386
671289,"Freeman, Tyler",111,0.5225225225225225,0.47747747747747743,0.1981981981981982,0.25225225225225223,0.02702702702702703,0.35135135135135137,0.36936936936936937,0.27927927927927926,0.21621621621621623,0.1981981981981982,0.10810810810810811,0.13513513513513514,0.17117117117117117,0.17117117117117114
666139,"Lowe, Josh",88,0.36363636363636365,0.6363636363636364,0.3522727272727273,0.19318181818181818,0.09090909090909091,0.32954545454545453,0.45454545454545453,0.2159090909090909,0.18181818181818182,0.14772727272727273,0.03409090909090909,0.1477272727272727,0.30681818181818177,0.18181818181818182
666176,"Adell, Jo",172,0.36627906976744184,0.6337209302325582,0.27325581395348836,0.2558139534883721,0.10465116279069768,0.38372093023255816,0.3546511627906977,0.2616279069767442,0.21511627906976744,0.12790697674418605,0.023255813953488372,0.16860465116279072,0.22674418604651164,0.23837209302325585
687263,"Neto, Zach",149,0.31543624161073824,0.6845637583892618,0.3624161073825503,0.24161073825503357,0.08053691275167785,0.48322147651006714,0.3221476510067114,0.19463087248322147,0.20134228187919462,0.09395973154362416,0.020134228187919462,0.2818791946308725,0.22818791946308722,0.174496644295302
687093,"Grissom, Vaughn",107,0.42990654205607476,0.5700934579439252,0.2803738317757009,0.24299065420560748,0.04672897196261682,0.4485981308411215,0.38317757009345793,0.16822429906542055,0.27102803738317754,0.14018691588785046,0.018691588785046728,0.17757009345794394,0.24299065420560748,0.14953271028037382
694384,"Schanuel, Nolan",160,0.4625,0.5375,0.175,0.3,0.0625,0.40625,0.3625,0.23125,0.21875,0.18125,0.0625,0.1875,0.18125,0.16875
650489,"Castro, Willi",111,0.38738738738738737,0.6126126126126126,0.3333333333333333,0.25225225225225223,0.02702702702702703,0.43243243243243246,0.32432432432432434,0.24324324324324326,0.2072072072072072,0.13513513513513514,0.04504504504504504,0.22522522522522526,0.1891891891891892,0.19819819819819823
668709,"Bleday, JJ",84,0.30952380952380953,0.6904761904761905,0.32142857142857145,0.2619047619047619,0.10714285714285714,0.5238095238095238,0.32142857142857145,0.15476190476190477,0.2261904761904762,0.07142857142857142,0.011904761904761904,0.29761904761904767,0.25,0.14285714285714285