"last_name, first_name","player_id","attempts","avg_hit_angle","anglesweetspotpercent","max_hit_speed","avg_hit_speed","ev50","fbld","gb","max_distance","avg_distance","avg_hr_distance","ev95plus","ev95percent","barrels","brl_percent","brl_pa"
"Alcantara, Sandy","645261","245","11.1",29.4,"111.3","88.6","77.8","93","85.5","418","153","396","91",37.1,"16",6.5,5
"Kirby, George","669923","222","9",28.8,"109.2","89.3","78.6","92.5","87.5","412","138","389","93",41.9,"12",5.4,4
"Lugo, Seth","607625","215","15.9",38.6,"110.9","90","79.8","92.6","88.4","435","181","405","89",41.4,"22",10.2,7.4
"Ober, Bailey","641927","214","23.1",27.6,"115.5","87.9","76.8","93.1","83.6","424","169","402","70",32.7,"21",9.8,7.5
"Martinez, Nick","607259","214","14.1",32.2,"111.9","86.6","74.8","91.5","83","415","166","403","67",31.3,"14",6.5,5.2
"Lorenzen, Michael","547179","213","10.1",39,"114.2","89.9","78.4","94","87.3","454","167","411","99",46.5,"19",8.9,6.8
"Sánchez, Cristopher","650911","211","1.8",29.4,"112.7","89.1","77.2","94","86.7","429","128","403","93",44.1,"18",8.5,5.6
"Valdez, Framber","664285","211","9.5",30.8,"111.9","90.2","79.7","93.4","87.5","449","159","394","92",43.6,"15",7.1,5.1
"Elder, Bryce","693821","208","12.5",33.2,"113","89.8","79.7","93.4","87.3","454","158","411","81",38.9,"7",3.4,2.4
"Keller, Mitch","656605","206","13.2",36.9,"110.8","87.9","76.3","93.2","83.9","406","161","393","80",38.8,"12",5.8,4.3
"Nelson, Ryne","669194","204","20.6",35.8,"112.4","90.6","80.5","94.3","86.8","441","208","403","88",43.1,"24",11.8,8.6
"Gausman, Kevin","592332","201","14.9",32.8,"112.3","87.3","74.9","93.2","82.7","418","168","391","71",35.3,"16",8,5.7
"Abbott, Andrew","671096","201","17.3",31.8,"113","89.5","79.3","93.6","87.1","415","179","386","77",38.3,"14",7,5.2
"Cecconi, Slade","677944","199","13.5",37.7,"112.1","87.8","76.4","93.1","83","441","170","395","69",34.7,"17",8.5,6.3
"Gallen, Zac","668678","199","10.4",32.2,"113.6","90.8","80.2","94.6","87.4","436","169","386","90",45.2,"21",10.6,8
"Houser, Adrian","605288","198","10.2",36.4,"112.5","90.6","79.3","94.9","88.2","446","155","405","89",44.9,"18",9.1,7
"Rodriguez, Eduardo","593958","198","12",35.9,"111.1","88.8","78.3","94.1","83.4","428","167","412","71",35.9,"15",7.6,5.5
"Springs, Jeffrey","605488","198","16.8",34.3,"114.1","87.3","76.2","93.2","79.7","425","179","392","68",34.3,"18",9.1,6.5
"Burrows, Mike","681347","197","15.5",36.5,"111.5","87.6","76.6","91.5","84.3","436","172","394","71",36,"17",8.6,6.2
"Junk, Janson","676083","197","14.4",28.9,"111.9","89.9","79.1","94.4","88.4","442","155","396","82",41.6,"13",6.6,5.1
"Eovaldi, Nathan","543135","195","10.4",28.2,"115.9","89","77.9","94","86.6","437","153","394","79",40.5,"17",8.7,6
"Bello, Brayan","678394","195","8.3",34.4,"113.2","90.3","78.9","95.3","86.4","432","153","401","83",42.6,"19",9.7,7.4
"Woo, Bryan","693433","195","19.6",33.3,"114.3","89.2","78","93.2","86.1","429","176","394","85",43.6,"13",6.7,4.7
"Sugano, Tomoyuki","608372","194","13.2",37.6,"116.7","91.3","80.6","96.6","85.1","452","184","413","92",47.4,"31",16,12.8
"Imanaga, Shota","684007","194","17.6",34,"109.3","89.4","78.8","93.7","86.1","426","177","401","79",40.7,"21",10.8,7.4
"Wrobleski, Justin","680736","194","15.6",37.1,"109.4","89.2","78.8","91.1","87.7","411","180","402","80",41.2,"14",7.2,5.6
"Baz, Shane","669358","193","14.3",36.3,"116.9","90.4","80.2","94","87.3","421","175","394","77",39.9,"18",9.3,6.5
"Wacha, Michael","608379","191","16.8",33.5,"112.5","88.9","78.2","93","84.6","419","175","400","74",38.7,"15",7.9,5.4
"Kochanowicz, Jack","686799","191","5.5",29.8,"111.4","90","79.1","92.5","89","427","136","394","82",42.9,"13",6.8,4.8
"Williams, Gavin","668909","189","9.7",33.9,"116","91.5","80.6","96.6","88","430","162","398","89",48.6,"23",12.2,7.6
"Bibee, Tanner","676440","189","16.9",34.9,"115.6","90.8","80.5","94.7","88.4","422","173","389","87",46,"19",10.1,7.1
"Civale, Aaron","650644","188","20.8",35.6,"111.8","91","81.5","94.3","88.2","432","193","397","90",47.9,"16",8.5,6.5
"Griffin, Foster","656492","188","14.2",36.7,"119","88.4","76.5","93.7","84.7","451","168","404","71",37.8,"24",12.8,8.6
"Gilbert, Logan","669302","188","17.3",40.4,"112.8","90.7","80.2","94.3","87","428","184","396","86",45.7,"20",10.6,7.2
"Peralta, Freddy","642547","187","14.4",37.4,"110.3","88","77","92.7","83.8","431","163","382","74",39.6,"10",5.3,3.5
"Littell, Zack","641793","187","20.3",34.2,"115.2","93","84.3","95.8","91","433","196","393","88",47.1,"23",12.3,9.8
"Rea, Colin","607067","185","11",34.6,"110.1","91.2","82.2","95.3","88.9","442","159","390","82",44.3,"22",11.9,8.6
"Luzardo, Jesús","666200","184","7.3",37,"110.9","85.6","74.5","90.2","82.3","410","141","388","50",27.2,"11",6,3.9
"Singer, Brady","663903","183","15.3",37.2,"112.6","91.8","81.9","95.3","87.4","443","189","398","79",43.2,"23",12.6,9.7
"Ashcraft, Braxton","677952","183","12.8",27.9,"112.2","89.6","79.3","93.3","86.9","415","148","391","68",37.2,"10",5.5,3.6
"Kay, Anthony","641743","182","11.9",31.3,"113.4","89.7","78","93.6","87.7","437","150","403","78",42.9,"18",9.9,7
"Vásquez, Randy","681190","182","17",38.5,"114.1","90.7","80.1","94.5","87.5","434","183","399","83",45.6,"24",13.2,9.6
"Taillon, Jameson","592791","181","18.9",35.9,"112.4","88","75.9","94.9","79","444","204","401","69",38.1,"27",14.9,10.6
"Schlittler, Cam","693645","181","10.8",32.6,"115.1","87.8","75.9","92.9","84.2","399","158","387","71",39.2,"12",6.6,4.4
"Bassitt, Chris","605135","181","9.6",30.4,"114","87.7","76.4","91.8","86","422","146","405","64",35.4,"7",3.9,2.9
"McGreevy, Michael","700241","181","10.1",35.4,"116","89.1","77.2","95","84","442","163","409","75",41.4,"20",11,8.4
"Pallante, Andre","669467","181","6.9",32.6,"117.8","87.9","75.7","93.3","84.9","421","143","406","66",36.5,"13",7.2,5.2
"May, Dustin","669160","181","12.4",33.1,"114.7","90.2","79.2","94","88.8","405","157","371","88",48.6,"12",6.6,4.7
"Soriano, José","667755","179","8.7",33,"109.4","88.4","78","90.8","86.7","429","151","390","65",36.3,"16",8.9,5.5
"Detmers, Reid","672282","179","18.7",29.6,"111.7","89.3","79.3","91.5","90.2","430","174","406","66",36.9,"13",7.3,4.5
"Soroka, Michael","647336","177","14.9",37.3,"110.1","87.9","77.2","92","84","435","168","403","60",33.9,"15",8.5,5.9
"Leahy, Kyle","681517","177","7.6",37.9,"113.5","91.9","81.5","95.3","89.5","435","164","395","88",49.7,"20",11.3,8
"Messick, Parker","800048","176","14.1",35.2,"110.4","87.5","76.2","90.6","84.5","429","158","384","60",34.1,"9",5.1,3.3
"Fedde, Erick","607200","176","18.6",34.7,"114.5","88.7","77.8","92.2","86","412","183","385","70",39.8,"16",9.1,6.8
"Martin, Davis","663436","175","10.6",33.7,"113.7","90","78.9","94.2","88","425","149","389","79",45.1,"12",6.9,4.6
"Woods Richardson, Simeon","680573","174","17.8",31,"112.6","90.6","79.9","93.5","89.1","414","173","392","79",45.4,"15",8.6,6.6
"Meyer, Max","676974","174","14",31.6,"112.1","90","79.8","94.5","86.5","445","164","410","73",42,"16",9.2,5.8
"Mikolas, Miles","571945","174","11.3",32.8,"113.3","89.6","77.5","95","85.8","420","163","396","76",43.7,"19",10.9,8.6
"Burke, Sean","680732","174","17.4",34.5,"113.4","89","78.9","91.8","86.4","418","172","399","64",36.8,"11",6.3,4.4
"Yamamoto, Yoshinobu","808967","174","9.4",32.2,"114.2","89.1","77.5","93.2","85.7","414","153","384","71",40.8,"14",8,5.6
"Liberatore, Matthew","669461","173","12.4",39.9,"112","91.5","81.3","95","88.9","423","176","393","76",43.9,"17",9.8,6.9
"Severino, Luis","622663","173","11.6",34.1,"113.6","88.8","78.4","91.7","85.8","417","160","384","67",38.7,"15",8.7,5.5
"King, Michael","650633","173","12.7",30.6,"114.6","86.9","75.5","93","82.4","423","151","391","58",33.5,"17",9.8,6.2
"Peterson, David","656849","172","7.6",36,"111.7","89.5","78.4","93.7","87.7","406","145","383","75",43.6,"9",5.2,3.6
"Nola, Aaron","605400","171","13.3",38,"111.7","88.2","76.2","95.8","80.1","438","166","392","69",40.4,"15",8.8,6.1
"Early, Connelly","813349","170","13.7",35.9,"113.3","90.9","81.1","94.1","87.8","419","180","397","73",42.9,"21",12.4,8.3
"Leiter, Jack","683004","170","13.5",38.2,"113","87.8","75.9","93.7","82.2","449","174","401","69",40.6,"19",11.2,7.2
"Hancock, Emerson","676106","170","12.1",31.8,"113.1","89.8","78.6","94.4","88","443","163","402","73",42.9,"16",9.4,6.4
"Mlodzinski, Carmen","669387","169","14.8",34.9,"109.4","91.8","82","94.1","91.7","414","159","407","86",50.9,"12",7.1,5
"Fried, Max","608331","169","8.7",26,"111.6","86.1","74.4","90.5","85.4","378","141","375","52",30.8,"3",1.8,1.3
"Cavalli, Cade","676917","169","8.8",36.1,"111.5","89.5","78.6","92","87.7","402","157","384","69",40.8,"13",7.7,4.9
"Rocker, Kumar","677958","169","10.7",26.6,"113.6","90.1","79","93.3","88.3","443","153","414","72",42.6,"13",7.7,5.4
"Ray, Robbie","592662","168","18.5",36.9,"112.9","89.2","78.6","92.1","84.3","432","193","394","63",37.5,"20",11.9,8
"Mahle, Tyler","641816","168","12.6",31.5,"110.5","89.1","78.9","92.2","86.7","442","166","397","60",35.7,"14",8.3,5.6
"Rasmussen, Drew","656876","168","8.7",29.2,"111.3","87.1","75.3","93.7","83.9","425","141","390","56",33.3,"13",7.7,5.5
"Montero, Keider","672456","167","20.9",32.9,"111.8","90.7","81.4","93.6","90","409","186","385","74",44.3,"16",9.6,7.2
"Holmes, Grant","656550","166","13.5",31.9,"111.3","90.3","79.7","95.4","86.4","439","161","389","74",44.6,"16",9.6,6.6
"Ryan, Joe","657746","166","18.5",30.1,"112.2","89.7","79.2","92.9","89","414","162","391","68",41,"16",9.6,6.3
"Weathers, Ryan","677960","165","13.1",32.7,"114.6","89.2","77.1","93.5","85.7","445","172","409","68",41.2,"18",10.9,6.9
"Cameron, Noah","702070","165","16.2",41.2,"115.9","90.1","79.1","94.5","86.5","399","175","385","73",44.2,"17",10.3,7.4
"Lopez, Jacob","682052","164","20.9",32.9,"110.8","85.3","73","90.4","80.3","413","176","385","51",31.1,"8",4.9,3.5
"Rogers, Trevor","669432","163","19.3",36.2,"116.8","89.2","78.3","92.6","86.9","408","174","389","62",38,"13",8,5.9
"Skenes, Paul","694973","163","13.8",30.7,"110.4","87","75.7","91.9","83.5","401","156","389","53",32.5,"7",4.3,2.7
"Gore, MacKenzie","669022","163","16.7",36.2,"113","89.4","77.2","94.9","83.4","422","184","385","72",44.2,"15",9.2,5.8
"Sale, Chris","519242","162","12.1",35.8,"113.2","86.8","75.9","89.8","84.5","413","161","390","48",29.6,"11",6.8,4.2
"Bradish, Kyle","680694","162","9.6",29,"114.2","88.5","77.1","93.5","87.1","439","149","401","63",38.9,"19",11.7,7.5
"Warren, Will","701542","162","14.4",32.1,"115","90.3","79.9","94","87.6","422","167","374","65",40.1,"10",6.2,4.1
"Paddack, Chris","663978","161","15.4",34.2,"116.3","89.1","78.2","91.8","86.5","429","173","384","64",39.8,"13",8.1,6
"Cantillo, Joey","676282","161","12.7",27.3,"111.7","88.2","76.7","91.6","86","425","155","399","62",38.5,"12",7.5,4.9
"Pérez, Eury","691587","160","21.5",37.5,"113.4","89.1","77.3","95.5","83.2","449","188","402","68",42.5,"24",15,9.1
"Ginn, J.T.","669372","160","8.4",28.7,"112.1","87.4","75.8","93.9","82.8","413","148","391","57",35.6,"10",6.3,4.1
"Painter, Andrew","691725","160","16.1",28.7,"113","87.7","76","91.7","86.2","424","169","393","58",36.3,"13",8.1,6
"Webb, Logan","657277","158","2.1",31.6,"114.4","90.4","79","93.8","88.8","418","128","394","75",47.5,"10",6.3,4.4
"Cabrera, Edward","665795","158","12.5",34.2,"115.4","91.5","81.7","96","87.4","425","167","380","62",39.2,"19",12,8.4
"Corbin, Patrick","571578","157","14.2",38.2,"114.6","89.7","78.3","94.5","86.2","419","165","392","70",44.6,"13",8.3,6.2
"Roupp, Landen","694738","156","8.5",34,"111.5","86.8","77","90.6","84.4","406","140","386","41",26.3,"4",2.6,1.6
"Buehler, Walker","621111","156","10.5",37.8,"110.8","90.4","80.9","92.7","89.5","425","156","399","65",41.7,"11",7.1,5
"Kelly, Merrill","518876","156","17",43.6,"113.4","91","80","95","85","440","204","401","71",45.5,"27",17.3,13
"Burns, Chase","695505","156","17.5",26.3,"113.1","88.9","77.8","93.7","86.6","417","161","386","59",37.8,"13",8.3,5.2
"deGrom, Jacob","594798","156","20.8",41,"114.9","91.4","81.4","93.9","87.9","428","208","393","72",46.2,"18",11.5,7.6
"Castillo, Luis","622491","152","17.9",34.9,"112.3","91.9","82.4","95.1","89.4","422","176","395","76",50,"17",11.2,7.4
"McLean, Nolan","690997","152","10.4",37.5,"110.3","87","74.6","93.6","82.4","409","157","388","58",38.2,"11",7.2,4.3
"Flaherty, Jack","656427","150","21.9",39.3,"113.5","91.2","81.5","94.5","90","415","187","376","71",47.3,"14",9.3,5.6
"Holmes, Clay","605280","150","5.1",27.3,"111.1","89.8","79.4","92.6","88.7","419","136","400","66",44,"8",5.3,3.7
"Sasaki, Roki","808963","149","13.5",33.6,"112.8","89.5","78.6","93.5","88.1","448","167","400","66",44.3,"17",11.4,7.7
"Bradley, Taj","671737","148","16.4",43.2,"112.7","92","82.8","95","89.2","450","182","421","66",44.6,"14",9.5,5.9
"Gray, Sonny","543243","148","9.1",38.5,"111.1","88","76.9","93.8","83.5","403","158","394","50",33.8,"13",8.8,6.3
"Suarez, Ranger","624133","148","12.5",37.8,"111.1","87.8","76.6","91.7","85.4","434","153","418","51",34.5,"10",6.8,4.7
"Chandler, Bubba","696149","146","19.1",31.5,"114.8","90","80.1","94.2","86.5","457","182","418","53",36.3,"14",9.6,5.9
"Freeland, Kyle","607536","144","15.1",36.8,"112.2","90.3","79.2","92.5","88.8","425","183","396","62",43.1,"13",9,6.4
"Quintana, Jose","500779","143","18.7",35,"115.8","88.2","78.1","90.7","87.5","429","177","403","47",32.9,"12",8.4,6.6
"Pérez, Martín","527048","143","10.9",36.4,"116.9","89.8","79.2","94.1","86.2","436","158","399","60",42,"11",7.7,5.4
"Irvin, Jake","663623","142","14.5",34.5,"114.9","89.7","78.2","94.3","86.1","451","176","414","65",45.8,"17",12,7.5
"Sheehan, Emmet","686218","141","17",36.9,"110.9","88.3","76.9","92.9","84.3","405","170","394","53",37.6,"13",9.2,6
"Young, Brandon","687064","138","16.7",35.5,"110.8","89.2","78.3","93.3","85.2","424","182","401","56",40.6,"11",8,5.8
"Cease, Dylan","656302","137","12",32.1,"112.6","87.1","74.5","92.6","85","418","149","389","51",37.2,"8",5.8,3.1
"Lauer, Eric","641778","136","22.9",39.7,"114.5","89.7","79.2","91.9","85.9","449","202","395","55",40.4,"18",13.2,9.8
"Sproat, Brandon","687075","133","14.3",33.8,"109.6","89.2","78.5","92.1","87.6","430","174","402","55",41.4,"13",9.8,6
"Brown, Ben","676962","132","6.4",28,"113.1","90.2","79.7","94.1","88","399","137","380","56",42.4,"9",6.8,4.5
"McClanahan, Shane","663556","132","9.6",33.3,"112.2","89.2","78.5","92.7","86.5","416","160","390","54",40.9,"12",9.1,5.9
"Matz, Steven","571927","131","16.4",44.3,"114.9","88.5","77.4","93.1","83","415","190","392","48",36.6,"14",10.7,7.6
"Patrick, Chad","694477","131","19.6",35.9,"116.1","89.5","78.7","91.9","88.7","409","177","405","53",40.5,"9",6.9,4.9
"Ohtani, Shohei","660271","131","13.6",25.2,"111.2","87.9","76.6","90.8","88.2","395","141","366","51",38.9,"4",3.1,1.9
"Bubic, Kris","663460","129","12.5",38.8,"114.2","89.4","79","92.3","87.1","439","170","420","51",39.5,"10",7.8,4.8
"Harrison, Kyle","690986","128","15.3",35.9,"111.5","88.6","78.8","91","87.2","419","167","390","37",28.9,"6",4.7,2.9
"Ureña, Walbert","700712","126","7.3",27,"111.2","86.9","75.3","92.9","83.6","392","131","363","41",32.5,"8",6.3,4.1
"Misiorowski, Jacob","694819","124","11",35.5,"111.7","86.7","76.1","90.3","84.7","417","150","388","40",32.3,"3",2.4,1.2
"Mize, Casey","663554","123","17.5",29.3,"110.4","86.8","75","93.4","79.2","408","171","388","41",33.3,"9",7.3,4.9
"Lambert, Peter","663567","122","14.8",30.3,"114.7","88.9","78.4","93.1","84.9","414","166","385","51",41.8,"6",4.9,3.2
"Lowder, Rhett","695076","121","14.9",35.5,"112.8","90.9","81.5","93.7","89.6","407","171","396","49",40.5,"10",8.3,6
"Dollander, Chase","801403","121","12.9",24,"111.3","90.6","79.8","96.3","87.3","438","157","406","63",52.1,"12",9.9,6.3
"Arrighetti, Spencer","681293","121","17.9",38,"109.3","87.3","77.6","90.4","84.3","424","177","413","36",29.8,"7",5.8,3.5
"Agnos, Zach","688642","120","16.3",38.3,"111","88.4","77.4","92.4","84.1","419","189","393","48",40,"11",9.2,6.9
"Scholtens, Jesse","669947","120","19.1",37.5,"109.4","88.2","77.2","93.3","84.6","427","178","395","45",37.5,"13",10.8,7.9
"Pfaadt, Brandon","694297","115","8.8",34.8,"112.3","89.3","77.9","94.9","86.4","419","151","402","47",40.9,"13",11.3,8
"Skubal, Tarik","669373","114","8.3",36,"111.8","89.9","79.4","90.3","90.5","410","146","405","49",43,"6",5.3,3.6
"Wheeler, Zack","554430","114","14.5",36,"110.2","88.2","77.3","93.6","83.7","406","161","377","43",37.7,"9",7.9,5.5
"Phillips, Tyler","663969","112","8.4",30.4,"111.6","87.5","76.8","92","83.8","381","147","365","39",34.8,"7",6.3,4.2
"Lord, Brad","695418","109","5.9",23.9,"115.9","88.6","76.2","93","86.8","434","134","409","47",43.1,"6",5.5,3.9
"Schultz, Noah","702273","109","17.6",35.8,"110","88.8","78.2","91.4","89.9","401","173","397","42",38.5,"12",11,7.1
"Blubaugh, AJ","805123","107","19.5",37.4,"111.8","90.1","81.1","93.5","88.3","403","192","384","37",34.6,"9",8.4,5.7
"Watson, Ryan","670245","106","15.8",41.5,"114.3","90.6","79.9","96","86.4","449","180","407","44",41.5,"16",15.1,10.6
"McCullers Jr., Lance","621121","105","12.9",38.1,"111.9","91.5","81.8","94.7","90.9","393","164","371","53",50.5,"9",8.6,5.2
"Manaea, Sean","640455","103","17.5",37.9,"114.6","88.2","76.3","90.3","89.4","411","169","400","39",37.9,"9",8.7,5.6
"Teng, Kai-Wei","678906","103","14.2",31.1,"111.4","90.5","81.5","93.3","88.6","431","156","383","37",35.9,"6",5.8,3.6
"Tolle, Payton","801139","103","21",24.3,"111.7","87.9","76.2","91","87.3","421","170","386","38",36.9,"6",5.8,3.7
"López, Reynaldo","625643","101","15.7",37.6,"114.5","87.6","75.8","92.7","81.3","424","189","402","37",36.6,"7",6.9,4.8
"Gordon, Tanner","685299","101","20.6",36.6,"111.5","91.4","82","95","86.7","425","203","403","45",44.6,"14",13.9,9.9
"Myers, Tobias","668964","101","19.8",25.7,"110.3","90.9","81.4","95","88.3","402","173","382","44",43.6,"7",6.9,5.2
"Márquez, Germán","608566","96","21.1",33.3,"112.4","89.1","77.3","91.9","86.8","413","185","381","44",45.8,"10",10.4,7.8
"Kolek, Stephen","663568","95","9.9",30.5,"112.8","88.2","77.4","92.4","85.7","435","148","373","34",35.8,"6",6.3,5
"Kikuchi, Yusei","579328","94","15.5",35.1,"116.2","90.2","78.7","94.9","90.4","456","170","401","40",42.6,"8",8.5,5.6
"Prielipp, Connor","687570","94","16.3",34,"110.5","89.6","79.6","93","87.6","427","172","409","34",36.2,"10",10.6,6.8
"Newcomb, Sean","656794","93","5.3",30.1,"111","85.7","73","89.6","84.1","422","127","392","31",33.3,"4",4.3,2.9
"Yesavage, Trey","702056","92","20.2",35.9,"110.4","87.6","77.8","91.5","87.2","402","168",,"26",28.3,"3",3.3,2
"Marinaccio, Ron","676760","92","14.9",31.5,"113.2","87.9","76.5","93.9","85.1","434","160","406","35",38,"8",8.7,6.3
"Anderson, Drew","623454","92","9.8",26.1,"115.3","90.2","80.4","95.5","88.8","459","140","410","36",39.1,"7",7.6,4.5
"Miles, Spencer","693686","92","5.8",26.1,"109","85.1","73.5","88.8","82.9","423","125","418","28",30.4,"3",3.3,2.3
"Suter, Brent","608718","91","11.6",29.7,"108.7","85.6","73.1","90.8","81.5","410","138","400","26",28.6,"5",5.5,3.8
"Woodruff, Brandon","605540","88","22.9",29.5,"108.9","89.7","81.1","92.4","86.9","408","196","394","29",33,"7",8,5.8
"Senzatela, Antonio","622608","88","13.8",33,"112.2","87","74.9","89.7","88.2","400","160","372","33",37.5,"5",5.7,4
"Assad, Javier","665871","87","13.7",34.5,"111.5","91.6","82.1","94.4","90.2","446","173","416","47",54,"5",5.7,4.6
"Parker, Mitchell","680730","87","13.8",29.9,"110.3","90","79.2","93.3","88.1","422","163","402","37",42.5,"6",6.9,4.9
"Jax, Griffin","643377","86","9.6",25.6,"110.2","87.9","76.2","91","86.3","432","146","397","31",36,"5",5.8,3.9
"Glasnow, Tyler","607192","86","14.3",30.2,"108.8","90.4","81.8","94.2","87.5","409","161","384","33",38.4,"7",8.1,4.7
"Graceffo, Gordon","700669","86","12.8",32.6,"114.6","91.9","82.7","94.3","90.9","444","169","420","40",46.5,"9",10.5,8
"Williamson, Brandon","682227","86","18.7",34.9,"111.1","88.1","76.4","93.1","85.2","444","187","417","36",41.9,"9",10.5,7
"Crochet, Garrett","676979","86","14.3",41.9,"112.8","89.6","78.2","91.5","86.9","438","186","417","39",45.3,"9",10.5,6.5
"Walker, Taijuan","592836","86","13.4",37.2,"108.8","87.5","76.1","91.4","82.9","437","175","402","31",36,"11",12.8,9.6
"Ramírez, Yohan","670990","85","9",31.8,"107.9","84.3","72","87","81.9","403","134","388","26",30.6,"5",5.9,3.4
"McDonald, Trevor","686790","84","2.1",26.2,"114.4","89.5","78.1","95.5","87.9","436","115","416","36",42.9,"3",3.6,2.5
"Bruihl, Justin","677865","84","8.6",38.1,"111.1","87.8","75.7","92.9","84.5","402","149","389","36",42.9,"4",4.8,3.3
"Svanson, Matt","694335","84","14.2",36.9,"110","92.4","81.9","94.4","91.9","423","165","389","44",52.4,"6",7.1,4.8
"Rogers, Tyler","643511","84","-6.3",23.8,"112.9","83.1","70.9","88","81.3","355","90",,"18",21.4,"0",0,0
"Ferrer, José A.","678606","83","11.2",28.9,"109.8","85.1","73.2","87","84.8","366","136","360","28",33.7,"2",2.4,1.8
"Ragans, Cole","666142","83","20.2",32.5,"111.6","89.6","79.2","93.3","85.4","425","190","383","33",39.8,"13",15.7,8.6
"Brubaker, JT","664141","83","15.2",38.6,"109","88.1","77.5","91.5","84.9","401","178","401","28",33.7,"4",4.8,3.4
"Milner, Hoby","571948","82","12.3",32.9,"109.8","88.4","77.9","92.3","85.5","391","156","378","29",35.4,"5",6.1,4.9
"Suarez, José","660761","81","16",37,"114.9","88.2","78.5","89.7","88","366","151","346","27",33.3,"1",1.2,0.8
"Ashby, Aaron","676879","81","7.5",27.2,"116.9","88.2","75.9","92.7","85.8","438","139","438","33",40.7,"4",4.9,2.6
"Sterner, Justin","686993","81","9.3",24.7,"112.1","90","79.3","93","87.1","389","163","368","38",46.9,"5",6.2,4.4
"Feltner, Ryan","663372","81","13.2",35.8,"110.9","89.8","78.5","94.5","85.2","462","177","412","38",46.9,"11",13.6,10.2
"Weiss, Ryan","680802","81","16.8",39.5,"109.6","90.3","79.4","96.6","83.4","426","191","388","40",49.4,"9",11.1,6.9
"Gómez, Yoendrys","672782","80","25.1",36.3,"114.7","88.9","77.8","94.4","85","398","203","383","29",39.7,"9",11.3,7.3
"Orze, Eric","679358","80","13.8",38.8,"113.3","86.8","75.2","93.4","81.5","379","153",,"25",31.3,"4",5,3.4
"Alexander, Tyler","641302","80","9.3",25,"110","85.9","75.1","89","85","448","129","407","22",27.5,"2",2.5,1.8
"Finnegan, Kyle","640448","79","9.8",26.6,"112.7","88.5","77.1","91","88.1","438","146","393","32",40.5,"5",6.3,4.4
"Waldron, Matt","663362","79","17",24.1,"105.8","89.8","80.6","94.5","85.6","395","162","378","31",39.2,"6",7.6,5.5
"Peralta, Wandy","593974","79","5.5",39.2,"106.4","87.6","77.6","91.5","85","427","140","407","26",32.9,"3",3.8,2.7
"Rodriguez, Bradgley","699134","79","8",19,"105.2","85.6","75.5","89.7","84.7","384","118",,"21",26.6,"1",1.3,0.9
"Holton, Tyler","663947","79","9.1",38,"110.7","90.3","80.1","92.9","89","401","151","388","34",43,"5",6.3,4.5
"King, Bryan","687911","78","9.2",28.2,"107.3","87.9","77.5","94","86.1","402","136","402","31",39.7,"2",2.6,1.8
"Headrick, Brent","687396","78","17.4",39.7,"108.7","90.6","81","91.8","92.8","420","174","405","33",42.3,"4",5.1,3.4
"Borucki, Ryan","621366","78","14.2",23.1,"110.6","88.3","77.3","90.7","86.8","419","156","399","31",39.7,"4",5.1,3.8
"Brazobán, Huascar","623211","78","6.8",20.5,"108.9","82.5","70.4","87.1","79.4","377","114","377","17",21.8,"1",1.3,0.9
"Seymour, Ian","693855","78","19.5",38.5,"106.6","88.6","78.4","92.5","85.1","412","183","402","29",37.2,"8",10.3,6.5
"Drohan, Shane","675660","77","14.5",31.2,"113.6","88.9","78.2","91.8","87.8","401","160","380","30",39,"5",6.5,4.4
"Kuhnel, Joel","669270","77","9",28.6,"106.2","87.9","77.2","93.3","86","401","124","391","28",36.4,"4",5.2,4.1
"Morejon, Adrian","670970","77","-0.9",31.2,"113.2","85","72.3","93","81.4","429","110","419","23",29.9,"2",2.6,1.7
"Morris, Andrew","702193","77","15.4",32.5,"109.9","86.2","75.1","87.4","86.6","396","165","396","25",32.5,"2",2.6,1.9
"Blackburn, Paul","621112","76","6.8",28.9,"110.2","86.9","74.7","90.3","84.7","393","142","393","29",38.2,"4",5.3,3.8
"Nunez, Anthony","689296","76","12.8",39.5,"110.7","89.9","79","96.3","84.6","431","166","412","35",46.1,"7",9.2,5.9
"Fisher, Braydon","680755","76","9.5",30.3,"106.5","88.7","78.2","93.9","85.1","409","156","387","30",39.5,"8",10.5,6.5
"Scott, Christian","681035","76","18.7",46.1,"108","86.8","75.9","88","88.1","403","180","403","24",31.6,"3",3.9,2.2
"Mayza, Tim","641835","75","6.9",29.3,"109.8","88.8","77.9","91.9","86.4","441","153","400","33",44,"4",5.3,3.7
"Mejia, Juan","675848","75","16.8",33.3,"110.4","90.6","80.2","90.7","91.7","434","167","410","29",38.7,"3",4,2.5
"Criswell, Cooper","681867","75","5",24,"111.2","87.5","75.1","89.7","86.7","427","121","412","27",36,"4",5.3,4
"Legumina, Casey","668984","75","11.7",40,"110.1","88.4","77.9","91.9","83.1","417","167","417","28",39.4,"6",8,6.1
"Clarke, Taylor","664199","75","8.2",25.3,"109","85.7","73.9","92.7","85.2","418","135","418","22",29.3,"4",5.3,4.4
"Santana, Dennis","642701","75","19.3",40,"109.4","88.5","77.8","92","85.4","408","196","395","29",38.7,"8",10.7,7.3
"Bazardo, Eduard","660825","75","20.7",37.3,"110.4","90.6","81","92.8","88.5","393","190","372","31",41.3,"7",9.3,6.4
"Ritchie, JR","702275","74","10.6",31.1,"107.7","88.5","78.5","93.4","84.1","426","156","405","28",37.8,"4",5.4,3.5
"Harris, Hogan","663687","74","12.5",24.3,"110.3","85.3","74.3","90.1","84.3","425","131","420","19",25.7,"3",4.1,2.3
"Phillips, Connor","683175","74","20.8",37.8,"110","89.8","79.8","92.1","89.1","407","197","389","30",40.5,"7",9.5,5.3
"Romero, JoJo","668941","73","9.2",35.6,"110.1","91.9","81.4","93.3","92.1","416","153","395","33",45.2,"5",6.8,4.6
"Bernardino, Brennan","657514","73","8.2",28.8,"111.1","84","73","90.7","79.4","384","134","384","17",23.3,"4",5.5,4.1
"Junis, Jakob","596001","73","11.5",34.2,"112.2","86.7","76.1","90.9","82.8","410","160",,"22",30.1,"3",4.1,3.2
"Sulser, Cole","642121","73","16.1",35.6,"108.6","87.7","75","94.9","80.4","414","179","397","30",41.1,"8",11,8.1
"Wells, Tyler","669330","73","26.5",34.2,"112.4","88.9","79.1","92","87.6","421","183","409","27",37,"5",6.8,4.7
"Burke, Brock","656271","73","16.9",39.7,"109.1","88","77.6","91.3","86.7","406","178","402","23",31.5,"8",11,6.9
"Hudson, Bryan","663542","73","12.4",26,"107.4","87.5","77.3","89.6","86.8","386","139",,"24",32.9,"1",1.4,0.9
"Banda, Anthony","607455","72","10.8",26.4,"113.9","90.4","81.1","93.1","88.4","412","153","409","29",40.3,"4",5.6,3.6
"Rogers, Taylor","573124","72","15.2",48.6,"110","86.7","75.2","91.6","76.3","422","190","422","23",31.9,"6",8.3,6.3
"Perkins, Jack","678022","72","10.9",30.6,"108.5","89.3","79.2","93","87.8","437","168","437","26",36.1,"4",5.6,3.4
"Bachar, Lake","669199","72","18.3",33.3,"110.9","91.6","82.9","94.4","88.1","406","183","375","31",43.1,"6",8.3,5.1
"Leiter Jr., Mark","643410","72","17.1",41.7,"110.5","87","75.9","89","83.5","414","173","411","24",33.3,"3",4.2,2.9
"Poulin, PJ","676571","72","14.7",27.8,"109.2","92.6","83.2","96.5","90.8","396","163","379","36",50,"8",11.1,7.5
"Morán, Jovani","663558","72","18.2",30.6,"110.7","88.4","78.1","92.6","81.7","397","195","378","22",30.6,"7",9.7,5.8
"Festa, Matt","670036","71","24.3",38,"108.3","86.9","75.4","92.5","80.5","425","195","400","27",38,"7",9.9,6.4
"Okert, Steven","595345","70","28.2",30,"110.5","84.2","73.2","88.4","81.5","426","181","410","16",22.9,"5",7.1,4.9
"Hurter, Brant","676428","70","2.3",28.6,"108.9","87.5","76.4","91.8","85.8","431","116","431","23",32.9,"3",4.3,3
"Hill, Tim","657612","70","-9.6",15.7,"113.8","90.5","79.1","97.6","88.3","398","77","398","32",45.7,"1",1.4,1.1
"Lovelady, Richard","663992","70","9",31.4,"107.1","87.5","76.1","90.7","84.3","413","142","403","22",31.4,"3",4.3,2.8
"Bachman, Sam","696147","70","10",27.1,"114.1","86.2","75.2","90.1","84.5","372","145","361","21",30,"3",4.3,2.6
"Beeks, Jalen","656222","70","13.3",32.9,"116.9","90.1","79","92.9","87.2","457","166","421","29",41.4,"7",10,7.3
"Schreiber, John","670167","69","10.8",36.2,"110.3","90.6","80.6","93.9","88.6","411","166","402","29",42,"4",5.8,4.3
"Kinley, Tyler","641755","69","20.7",31.9,"109.6","84.9","72.6","90.2","78.5","438","182","398","19",27.5,"4",5.8,3.7
"Taylor, Grant","691799","69","13.5",31.9,"105.7","89.5","79.4","90.4","90","391","168","391","28",40.6,"4",5.8,3.3
"De Jesus, Enmanuel","646241","69","14.4",40.6,"105.8","91.1","81.9","94.9","86.4","410","173","410","32",46.4,"5",7.2,5
"Varland, Louis","686973","69","1.2",20.3,"112.7","86.7","75.2","89.5","86.3","355","106",,"24",34.8,"1",1.4,0.8
"Woodford, Jake","663765","69","13.9",49.3,"108.8","90.6","81.5","93.5","87.2","392","175","366","34",49.3,"5",7.2,5.4
"Varland, Gus","681402","69","19.3",43.5,"110.4","93.2","84.5","95.7","92.5","378","198","378","34",49.3,"7",10.1,7.1
"Barlow, Scott","605130","69","20.3",30.4,"107.7","87.1","77.1","92.8","80.1","411","173","389","21",30.4,"5",7.2,4.5
"Weissert, Greg","669711","68","9.5",30.9,"114.6","86.7","75.3","92.9","80.5","431","158","390","22",32.4,"4",5.9,4
"Weaver, Luke","596133","68","17.5",26.5,"111","87.7","77.8","92.1","84.7","420","151","412","20",29.4,"5",7.4,5
"Suarez, Robert","663158","68","10.6",33.8,"107","83.5","70.9","89.6","79.2","405","154","405","19",27.9,"2",2.9,2.1
"De Los Santos, Enyel","660853","68","19.8",35.3,"109.5","88.7","78.8","92.2","83.1","378","177","378","25",36.8,"3",4.4,3.2
"Kelly, Kevin","687330","68","1.1",29.4,"108.7","90.5","80.2","92.8","89.1","401","123","382","30",44.1,"6",8.8,6.5
"Topa, Justin","623437","68","6.1",25,"115.7","91.2","80.3","92.1","91.3","453","145","415","31",45.6,"6",8.8,6.5
"Erceg, Lucas","668674","67","7.7",29.9,"111","87.5","74.3","91.2","88.3","385","130","367","27",40.3,"4",6,4.1
"Bednar, David","670280","67","5.6",19.4,"111.5","87.7","76.1","90.4","88.7","411","108","408","27",40.3,"3",4.5,2.8
"Winn, Keaton","676775","67","10.1",29.9,"108.7","85.6","74.5","90.3","81.1","441","151","441","18",26.9,"2",3,2.1
"Lange, Alex","656638","67","6.8",32.8,"114.1","90.2","79","97.4","82","419","170","396","28",41.8,"10",14.9,9.4
"O'Brien, Riley","676617","66","-0.7",27.3,"109.8","87","74.1","92.8","83","389","117","389","25",37.9,"3",4.5,2.9
"Banks, Tanner","621383","66","15.4",47,"108","86.4","74.4","88.6","86.5","422","186","422","20",30.3,"1",1.5,1
"Suárez, Albert","544150","66","22.9",40.9,"109.8","89.1","79.7","93.8","80.9","422","197","407","24",36.4,"5",7.6,5.8
"Loáisiga, Jonathan","642528","66","10.8",27.3,"112.3","88.6","77.3","93.3","86.8","400","151","399","27",40.9,"3",4.5,3.6
"Doval, Camilo","666808","66","6.7",19.7,"109.2","90.2","79.8","95.6","87.8","445","122","390","32",48.5,"3",4.5,3.4
"Webb, Jacob","657097","66","11.3",39.4,"111.6","91.4","81.1","95.6","87.6","422","162","380","32",48.5,"7",10.6,6.6
"Scherzer, Max","453286","65","24.7",40,"110.9","89.1","78.6","93.7","89.5","435","198","396","25",38.5,"9",13.8,10.7
"Lawrence, Justin","664875","65","12",41.5,"109","89.6","78.9","90.3","89.9","429","163","402","26",40,"7",10.8,6.6
"Hoffman, Jeff","656546","65","8.7",30.8,"107.2","87.7","78.1","90.5","85.1","414","145","398","19",29.2,"4",6.2,3.3
"Gage, Matt","657424","65","10.8",27.7,"110.5","85.2","74.6","89.3","81.8","441","160","403","18",27.7,"4",6.2,4.3
"Keller, Brad","641745","64","13.8",29.7,"107.9","85.5","73.5","90.6","81","409","171","389","21",32.8,"4",6.3,4
"Smith, Cade","671922","64","15.7",34.4,"112.6","92","82.6","94.6","91","407","175","407","27",43.5,"5",7.8,4.5
"Medina, Luis","665622","64","12.2",39.1,"111.1","91.5","82.1","94","88.8","418","179","410","25",39.1,"6",9.4,6.1
"Soriano, George","666277","64","16",26.6,"113.4","90.2","79.5","94.1","89.5","448","164","428","25",39.1,"7",10.9,7.5
"Quantrill, Cal","615698","64","18.7",34.4,"109.5","88.1","76.1","93.2","80.1","400","173","375","24",37.5,"7",10.9,8
"Johnson, Pierce","572955","64","18",43.8,"108.1","90.3","81.2","93","85.6","421","199","406","23",35.9,"9",14.1,9.8
"Lee, Dylan","669276","63","20.4",33.3,"110.4","87","76.5","92.2","81.8","393","181","393","20",31.7,"3",4.8,3
"Kilian, Caleb","668873","63","16.2",31.7,"109.5","87","75.2","91","85.1","447","173","412","22",34.9,"5",7.9,4.8
"Zeferjahn, Ryan","666171","63","14.7",27,"108.2","89.1","79.6","93.6","87.2","410","158","402","24",38.1,"4",6.3,3.4
"Avila, Luinder","679883","63","9.3",34.9,"109.9","88.4","77.2","91.5","86.3","420","159","420","22",34.9,"6",9.5,6.3
"Latz, Jacob","656641","63","19",20.6,"107.6","90.6","80.9","96.5","86.6","454","161","428","30",47.6,"5",7.9,5.5
"Boyd, Matthew","571510","63","11.7",42.9,"112.5","89.2","75.5","94.9","85.2","427","166","413","32",50.8,"6",9.5,6
"Gil, Luis","661563","62","14.6",27.4,"114.3","93.2","84","95.9","91.8","432","162","397","29",46.8,"6",9.7,7.1
"Canning, Griffin","656288","62","10.5",33.9,"108.2","92.6","84.2","97.8","90.5","380","153","365","32",51.6,"7",11.3,7.1
"Povich, Cade","700249","62","17.1",22.6,"110.2","91.3","81.1","93.7","91.4","415","175","395","28",45.2,"6",9.7,7.3
"Schultz, Paxton","687606","61","19",37.7,"108.7","91.6","82.5","92.2","92.8","401","182","388","26",42.6,"6",9.8,6.6
"García, Luis","472610","61","17.6",34.4,"109.2","88.4","76.1","93.8","82.4","403","188","403","27",44.3,"3",4.9,4.1
"Klein, Will","694361","61","5.8",34.4,"113.1","90","79.3","93.6","90.8","381","146",,"22",36.1,"1",1.6,1.1
"Alexander, Jason","669920","61","12.9",31.1,"110","87.1","75.8","90.2","84.5","415","159","377","23",37.7,"6",9.8,7.1
"Mattson, Isaac","676755","61","20.9",47.5,"111.5","91.5","81.8","94.5","87.7","395","213",,"30",49.2,"7",11.5,8
"Thompson, Ryan","657044","61","11.1",32.8,"112.2","89","78.7","91.2","90.8","451","141","451","19",31.1,"3",4.9,3.7
"Santillan, Tony","663574","61","18.1",39.3,"110.3","91.6","82.5","94.9","86.5","435","207","396","31",50.8,"9",14.8,9.6
"Moll, Sam","594580","61","9.7",23,"107.9","87","76","89.8","88.7","402","122","389","18",29.5,"3",4.9,2.9
"Ashcraft, Graham","668933","61","12.9",27.9,"107.1","88.9","79.2","93","85.9","382","161","368","22",36.1,"4",6.6,3.7
"Senga, Kodai","673540","60","19.1",43.3,"107.9","89.1","79","92.9","84.1","406","200","388","24",40,"6",10,6.2
"Nardi, Andrew","677053","60","12.4",31.7,"110.1","89.6","77.2","94.4","85.7","423","175","411","27",45,"8",13.3,8.1
"Anderson, Grant","681982","60","18.1",33.3,"111.3","88.3","77.1","94.6","83.4","430","171","409","25",41.7,"5",8.3,5.8
"Lodolo, Nick","666157","60","9.6",36.7,"115.9","89.2","77.2","94.6","82.4","409","179","393","24",40,"9",15,9.8
"Soto, Gregory","642397","60","15.5",25,"111.2","85.2","72.8","92","84.3","397","146","397","21",35,"3",5,2.9
"Vodnik, Victor","680767","60","11",28.3,"110.4","89","78.6","91.6","87.7","401","151","387","21",35,"5",8.3,5.6
"Farris, Mitch","815083","60","12.8",43.3,"112.6","87.2","75.5","93.8","80.6","408","171","386","22",36.7,"5",8.3,5.8
"Yarbrough, Ryan","642232","60","15.2",36.7,"107.2","82.9","71.1","87.9","79","370","161","356","12",20,"1",1.7,1.2
"Adam, Jason","592094","60","10.8",21.7,"115.6","87.4","76.6","93.1","83.6","388","151","351","23",38.3,"3",5,3.9
"Imai, Tatsuya","837227","59","9.6",30.5,"112.3","90.5","81.3","95.8","89","429","142","390","30",50.8,"6",10.2,5.8
"Lynch IV, Daniel","663738","59","10.3",32.2,"107.3","86.3","73.8","91","84.4","416","163","416","20",33.9,"4",6.8,4.2
"Scott, Tanner","656945","59","19.6",33.9,"110.6","88.4","79.8","89.5","88.7","413","178","389","17",28.8,"5",8.5,5.6
"Ginkel, Kevin","656464","59","12.3",23.7,"106.7","89.7","79.8","94.1","88.1","421","153","416","24",40.7,"5",8.5,5.5
"Winn, Cole","668390","58","15.8",41.4,"112.7","90.7","80","94.3","85","467","205","420","29",50,"3",5.2,3.4
"Hill, Jaden","677955","58","13.3",36.2,"114.4","89.7","79.9","91.4","91.1","401","160","401","22",37.9,"1",1.7,1.1
"Bolton, Cody","675989","58","15.4",36.2,"110.5","90.7","80","92.9","90.1","396","181","362","28",48.3,"6",10.3,6.3
"King, John","667463","58","12.8",34.5,"109.3","87","77.3","92.9","85.1","419","160","410","16",27.6,"3",5.2,3.4
"Alvarado, José","621237","58","19.2",36.2,"109.7","87.1","76.3","90.2","86.7","441","162","441","17",29.3,"1",1.7,1
"Kerkering, Orion","689147","58","18.1",25.9,"111.4","81","68.3","86.8","77.1","398","154","372","12",20.7,"4",6.9,4.4
"Abel, Mick","690953","57","14.6",40.4,"109.2","87.7","76","89.2","86.4","395","160",,"23",40.4,"3",5.3,3.2
"Herrin, Tim","682120","57","17.2",26.3,"110.5","86.8","75","94.4","84.8","390","160","371","19",33.3,"4",7,4.7
"Bigge, Hunter","685801","57","18.8",35.1,"109.8","89.6","80.6","90.6","91.2","411","167","411","21",36.8,"3",5.3,3.5
"Mears, Nick","683232","57","14.5",38.6,"109.8","90.3","78.6","92.6","89","406","163","394","29",50.9,"7",12.3,8.4
"Samaniego, Tyler","701719","57","13.9",31.6,"111.4","90.1","79.7","93.3","87.9","417","152","417","21",36.8,"2",3.5,2.5
"Faucher, Calvin","676534","57","6.7",29.8,"111.4","90","77.7","91.5","88.8","384","139",,"26",45.6,"3",5.3,3.1
"Sisk, Evan","681895","57","15",26.3,"108.2","85.5","73.8","93.7","80.3","437","151","437","18",31.6,"1",1.8,1
"Montgomery, Mason","682254","57","8.4",24.6,"112.9","87.1","73.3","94.8","82.5","410","135","409","24",42.1,"5",8.8,5.2
"Morillo, Juan","666661","57","10.7",28.1,"111","86.7","74.7","94.7","84.3","414","144","414","19",33.3,"3",5.3,3.2
"Stanek, Ryne","592773","57","15.3",38.6,"114.3","91.4","80","96.3","89","409","182","405","23",40.4,"4",7,3.8
"Hall, DL","669084","57","10.2",24.6,"109.8","86.5","74.9","91.7","86.6","401","135","401","20",35.1,"4",7,3.7
"Strider, Spencer","675911","56","22.2",26.8,"107.6","89","80.2","94.1","83","423","194","393","19",33.9,"5",8.9,4.9
"Baker, Bryan","641329","56","17.1",32.1,"109.1","85.7","73.9","93.7","79.6","395","152","366","17",30.4,"4",7.1,4.2
"Pallette, Peyton","688883","56","16.1",35.7,"111.2","89.5","78.6","96.7","84.5","377","168","368","24",42.9,"4",7.1,4.1
"Englert, Mason","669438","56","21",41.1,"112.6","90.5","79.4","94.7","87.3","443","205","415","25",44.6,"8",14.3,11
"Bido, Osvaldo","674370","56","18.7",37.5,"108.9","88.5","76.6","92.2","84","431","192","388","23",41.1,"5",8.9,6.2
"Domínguez, Seranthony","622554","56","16.5",41.1,"111.1","91","81","95.8","87.9","421","176","404","20",35.7,"6",10.7,6.2
"Petersen, Michael","656848","55","21.6",25.5,"110.9","91.5","82.5","96.1","88.2","393","182","353","23",41.8,"8",14.5,9.3
"Uribe, Abner","682842","55","8.9",32.7,"109.8","88.4","78.3","89.5","90.3","389","146","386","20",36.4,"2",3.6,2.3
"Fluharty, Mason","689254","55","19",36.4,"109.1","85.2","74.2","89.1","82.8","373","177","351","17",30.9,"3",5.5,3.3
"Pérez, Cionel","672335","55","3.5",25.5,"109.3","93.5","83.9","97.8","92.9","425","118","401","31",56.4,"8",14.5,10.5
"Bender, Anthony","669622","55","9.4",27.3,"109.8","88.3","78.1","91.2","86.3","376","154",,"17",30.9,"4",7.3,4.4
"Raley, Brooks","548384","55","17.7",40,"110.7","87.2","76.1","93.7","79.1","405","177","405","17",30.9,"4",7.3,4.3
"Pomeranz, Drew","519141","54","26.6",35.2,"109.6","87.2","76.1","92.3","79.5","409","179","399","17",31.5,"5",9.3,6.3
"Cano, Yennier","666974","54","-0.3",25.9,"110.1","88.4","76.5","96","84","406","123","406","24",44.4,"6",11.1,8.1
"Henderson, Logan","701656","54","25.3",46.3,"106.5","87","76.3","90.1","81","387","204","368","16",29.6,"5",9.3,5.6
"Muñoz, Andrés","662253","54","11.7",35.2,"111.9","88.7","75.5","95.6","84.2","438","162","406","25",46.3,"7",13,7.3
"Fuentes, Didier","800311","54","16.1",25.9,"109.3","88.5","78.8","92.4","86.6","407","169","407","18",33.3,"3",5.6,3.4
"Hicks, Jordan","663855","54","12.4",24.1,"110.9","91.1","82.1","87.6","94.2","396","134","396","19",35.2,"1",1.9,1.1
"Seabold, Connor","657756","54","15.1",33.3,"108.2","87.5","76.9","90.4","85.3","412","175","395","18",33.3,"2",3.7,2.7
"Henriquez, Edgardo","683618","53","14.8",17,"106.6","83.8","70.6","92.1","81.2","440","118","440","16",30.2,"2",3.8,2.5
"Dreyer, Jack","676263","53","16.5",26.4,"109.3","89.3","78.3","93.7","88.8","407","166","407","22",41.5,"3",5.7,3.6
"Cruz, Fernando","518585","53","20.9",26.4,"108.6","85.5","74.1","88.7","83.7","403","169","395","13",24.5,"3",5.7,3
"Bummer, Aaron","607481","53","14.2",30.2,"108.1","93.6","85.1","98","90.9","422","174","401","29",54.7,"8",15.1,10.4
"Silseth, Chase","681217","52","10.3",34.6,"107.2","87.1","77.1","90.8","84.5","372","147","372","15",28.8,"3",5.8,3.5
"Megill, Trevor","656730","52","15.9",28.8,"111.1","91.6","82.1","92.7","91.6","393","170",,"24",46.2,"3",5.8,3.6
"Nance, Tommy","667297","52","9.7",30.8,"110.7","88.2","77.3","89.6","87.2","415","135","415","18",34.6,"2",3.8,2.4
"Leasure, Jordan","673929","52","26.9",44.2,"115.3","92.4","83.1","95.2","87.3","425","223","390","23",44.2,"13",25,16.7
"Maton, Phil","664208","52","11.9",36.5,"108.1","89.8","79.5","91.9","87.3","403","173","382","23",44.2,"6",11.5,7
"Franco, Jose","683742","52","20.5",30.8,"108.9","87.3","75.4","92.8","80.3","415","187","393","18",34.6,"6",11.5,7.6
"Bird, Jake","656234","51","8.6",29.4,"113.2","89.3","78.7","96.1","86.7","432","132","427","19",37.3,"4",7.8,5.1
"Funderburk, Kody","681892","51","9",25.5,"108.9","87.6","77.3","90.9","87.3","400","131","400","15",29.4,"2",3.9,2.6
"Gray, Peyton","682608","51","20.7",29.4,"110.3","88.5","77.4","92.4","89","405","161","401","20",39.2,"4",7.8,5.4
"Sewald, Paul","623149","50","35.9",42,"107.3","90.4","81.2","92.3","94.6","426","247","407","20",40,"5",10,6.2
"Whitlock, Garrett","676477","50","14.4",32,"109.6","88","77.2","94.8","85.3","429","146","429","16",32,"4",8,4.9
"Vest, Will","676684","50","3.4",22,"112.6","89.1","78.2","90.8","88.5","419","127","402","17",34,"4",8,5.3
"Garcia, Rico","670329","50","15.2",24,"108.7","85.4","73.1","94.3","80.4","412","135","412","16",32,"2",4,2.3
"Treinen, Blake","595014","50","8.9",36,"110.3","90.1","78.4","97.3","83.7","428","167","418","23",46,"8",16,10.7
"Holderman, Colin","670059","49","12.4",30.6,"110.3","87.4","74.8","93","85.5","391","136","390","22",44.9,"6",12.2,7.8
"Walker, Ryan","676254","49","5.7",30.6,"107.4","84.2","72.5","88.5","79.5","424","155","406","15",30.6,"3",6.1,4.1
"Warren, Austin","681810","48","16.9",50,"107.3","90.3","82","91.1","88.8","387","190","374","19",39.6,"4",8.3,5.1
"Rodón, Carlos","607074","47","12.8",17,"111.7","89.6","80.7","92.4","88","408","140","408","14",29.8,"3",6.4,3.7
"Estrada, Jeremiah","669093","45","19.3",37.8,"104.8","84.9","72.3","91.5","75.2","399","192","369","15",33.3,"4",8.9,5.3
"Williams, Devin","642207","44","16",34.1,"108.7","89.2","79.9","92.7","86.4","416","169","414","13",29.5,"4",9.1,4.7
"Abreu, Bryan","650556","44","12.2",29.5,"106.9","91.6","82.2","95.8","87.3","391","168","362","23",52.3,"5",11.4,5.4
"Vesia, Alex","681911","41","23.4",36.6,"113.4","86.1","77.6","87.5","83.2","377","212",,"12",29.3,"2",4.9,2.6
"Miller, Mason","695243","36","7.1",27.8,"101.6","82.3","71.1","90.7","76.8","364","116",,"5",13.9,"0",0,0
"Sabrowski, Erik","681870","31","24",58.1,"110.3","93.5","87","94.2","94.3","390","238","366","12",38.7,"3",9.7,3.6