"last_name, first_name","player_id","team_name_alt","pitch_type","pitch_name","run_value_per_100","run_value","pitches","pitch_usage","pa","ba","slg","woba","whiff_percent","k_percent","put_away","est_ba","est_slg","est_woba","hard_hit_percent"
"Nelson, Ryne",669194,"AZ","FF","4-Seam Fastball",0.3,2,"592",58,"170","0.224","0.449","0.325",21.2,18.2,15.4,"0.262","0.541","0.368",46.4
"Gausman, Kevin",592332,"TOR","FF","4-Seam Fastball",1.7,10,"590",53.3,"167","0.263","0.395","0.308",18.1,21.6,20.8,"0.271","0.462","0.342",44.2
"Pérez, Eury",691587,"MIA","FF","4-Seam Fastball",0.2,1,"505",47.5,"154","0.218","0.414","0.331",24,30.5,26.9,"0.218","0.432","0.332",47.7
"Abbott, Andrew",671096,"CIN","FF","4-Seam Fastball",-0.1,-1,"515",47.9,"149","0.27","0.429","0.379",10.4,8.7,9,"0.335","0.543","0.424",47.4
"Peralta, Freddy",642547,"NYM","FF","4-Seam Fastball",0.8,5,"614",53.9,"144","0.222","0.317","0.3",22.4,20.1,18.7,"0.248","0.386","0.323",49
"Sánchez, Cristopher",650911,"PHI","SI","Sinker",0.6,3,"499",43.3,"142","0.319","0.437","0.354",13.8,15.5,20.6,"0.301","0.517","0.365",60.2
"Misiorowski, Jacob",694819,"MIL","FF","4-Seam Fastball",1.3,8,"621",62.3,"141","0.187","0.268","0.27",45.2,48.2,35.6,"0.184","0.271","0.261",41.8
"Singer, Brady",663903,"CIN","SI","Sinker",-1.5,-6,"423",46.3,"141","0.317","0.556","0.411",11.1,12.8,14.9,"0.3","0.503","0.378",44.5
"Sánchez, Cristopher",650911,"PHI","CH","Changeup",2.8,12,"436",37.8,"141","0.153","0.176","0.183",49.8,43.3,35.5,"0.138","0.176","0.169",20.8
"Valdez, Framber",664285,"DET","SI","Sinker",0.4,2,"503",47,"138","0.289","0.413","0.351",10.9,7.2,12.8,"0.301","0.507","0.384",52.7
"Burns, Chase",695505,"CIN","FF","4-Seam Fastball",1.4,8,"566",57.2,"133","0.191","0.322","0.289",20.6,15.8,14.4,"0.235","0.382","0.324",37.2
"Flaherty, Jack",656427,"DET","FF","4-Seam Fastball",-0.6,-3,"508",48.6,"131","0.266","0.44","0.362",19.8,26.7,22,"0.26","0.43","0.354",57.1
"Houser, Adrian",605288,"SF","SI","Sinker",-1.3,-5,"422",45.6,"130","0.296","0.519","0.408",8.5,4.6,7.6,"0.337","0.54","0.428",46.7
"Wrobleski, Justin",680736,"LAD","FF","4-Seam Fastball",2,9,"467",51.4,"129","0.2","0.275","0.241",19.9,23.3,20.8,"0.235","0.376","0.292",42.2
"Woo, Bryan",693433,"SEA","FF","4-Seam Fastball",1.8,9,"517",49.9,"123","0.209","0.322","0.253",25.5,24.4,17.6,"0.208","0.359","0.267",40.7
"Bello, Brayan",678394,"BOS","SI","Sinker",0.2,1,"404",43,"122","0.314","0.41","0.364",16.9,11.5,17.9,"0.329","0.477","0.391",51.1
"Ray, Robbie",592662,"SF","FF","4-Seam Fastball",-0.2,-1,"469",44.9,"121","0.238","0.535","0.373",18,19.8,16,"0.232","0.529","0.374",41.3
"Springs, Jeffrey",605488,"ATH","FF","4-Seam Fastball",-0.1,0,"458",43.4,"120","0.219","0.371","0.318",14.9,18.3,14.5,"0.224","0.394","0.315",36.9
"Harrison, Kyle",690986,"MIL","FF","4-Seam Fastball",1.6,8,"519",58.9,"119","0.224","0.318","0.282",30.8,33.6,22.2,"0.233","0.351","0.296",31.3
"Eovaldi, Nathan",543135,"TEX","FS","Split-Finger",2.3,9,"387",38.3,"118","0.165","0.284","0.231",35.6,28.8,27,"0.229","0.376","0.292",49.3
"Gore, MacKenzie",669022,"TEX","FF","4-Seam Fastball",1.2,5,"461",43.4,"116","0.222","0.354","0.307",20.2,21.6,20.7,"0.227","0.373","0.315",40
"Chandler, Bubba",696149,"PIT","FF","4-Seam Fastball",-0.7,-3,"483",51.4,"115","0.209","0.407","0.367",22.3,20,15,"0.237","0.472","0.383",44.1
"Detmers, Reid",672282,"LAA","FF","4-Seam Fastball",0.4,2,"505",44,"114","0.225","0.353","0.305",22.1,23.7,18.9,"0.206","0.317","0.28",50
"Kochanowicz, Jack",686799,"LAA","SI","Sinker",1,4,"392",39.2,"113","0.242","0.343","0.32",16.8,8.8,15.9,"0.288","0.482","0.374",54.4
"Sale, Chris",519242,"ATL","SL","Slider",1.3,6,"422",40.7,"112","0.15","0.21","0.23",39.2,43.8,28.8,"0.172","0.229","0.229",11.8
"Imanaga, Shota",684007,"CHC","FS","Split-Finger",1.1,4,"378",34.7,"111","0.168","0.327","0.243",41.7,31.5,24.6,"0.181","0.301","0.224",23.6
"Bradley, Taj",671737,"MIN","FF","4-Seam Fastball",0.6,3,"446",46.3,"110","0.247","0.43","0.35",13.3,12.7,13.7,"0.274","0.504","0.382",46.9
"Imanaga, Shota",684007,"CHC","FF","4-Seam Fastball",-0.8,-4,"455",41.8,"108","0.276","0.531","0.374",18.1,21.3,19.2,"0.286","0.554","0.386",58.7
"Schlittler, Cam",693645,"NYY","FF","4-Seam Fastball",2.3,11,"482",44.8,"106","0.188","0.257","0.222",34.8,37.7,23.5,"0.185","0.295","0.225",45.2
"Ryan, Joe",657746,"MIN","FF","4-Seam Fastball",1.1,5,"443",43,"106","0.235","0.378","0.304",27.3,24.5,17.3,"0.229","0.367","0.288",44.4
"Baz, Shane",669358,"BAL","CU","Curveball",-0.3,-1,"355",33.3,"106","0.273","0.424","0.313",28.7,30.2,23.2,"0.234","0.364","0.277",44.9
"Burke, Sean",680732,"CWS","FF","4-Seam Fastball",1,4,"361",37.1,"105","0.207","0.348","0.29",19.4,26.7,17.5,"0.216","0.379","0.304",35.4
"Sasaki, Roki",808963,"LAD","FF","4-Seam Fastball",-1.3,-5,"393",43.9,"105","0.319","0.582","0.425",19.8,12.4,14,"0.328","0.597","0.433",60.3
"Castillo, Luis",622491,"SEA","FF","4-Seam Fastball",-1.3,-6,"431",44.3,"105","0.276","0.517","0.388",29.9,29.5,18.5,"0.247","0.45","0.355",51.7
"McLean, Nolan",690997,"NYM","SI","Sinker",2.5,9,"364",36,"105","0.191","0.33","0.266",17.9,24.8,31.7,"0.204","0.326","0.269",39.1
"Bassitt, Chris",605135,"BAL","SI","Sinker",-1.1,-4,"345",37.4,"105","0.344","0.462","0.394",14.6,14.3,20.8,"0.291","0.401","0.342",44.3
"Rocker, Kumar",677958,"TEX","SI","Sinker",-0.9,-3,"332",35.6,"104","0.306","0.459","0.415",10.3,4.8,9.1,"0.313","0.507","0.414",51.2
"Sale, Chris",519242,"ATL","FF","4-Seam Fastball",1.3,5,"408",39.3,"104","0.204","0.366","0.285",23.1,28.8,21.9,"0.247","0.436","0.334",45.3
"Burns, Chase",695505,"CIN","SL","Slider",2.1,7,"360",36.4,"104","0.137","0.275","0.192",53.2,48.1,37.6,"0.142","0.266","0.183",40.4
"Holmes, Clay",605280,"NYM","SI","Sinker",1.4,6,"418",50.5,"104","0.233","0.367","0.317",13,5.8,10.7,"0.299","0.451","0.372",44
"Woods Richardson, Simeon",680573,"MIN","FF","4-Seam Fastball",-0.3,-1,"375",43.6,"104","0.315","0.461","0.391",19,10.6,14.1,"0.244","0.38","0.322",41.3
"Mahle, Tyler",641816,"SF","FF","4-Seam Fastball",0.4,2,"467",48.3,"104","0.247","0.461","0.348",19.3,27.9,26.6,"0.227","0.404","0.322",37.1
"Rea, Colin",607067,"CHC","FF","4-Seam Fastball",-0.4,-2,"412",41.1,"103","0.319","0.473","0.374",16.8,15.5,12.6,"0.29","0.526","0.378",49.4
"deGrom, Jacob",594798,"TEX","FF","4-Seam Fastball",-0.5,-2,"407",42.2,"103","0.26","0.604","0.383",24.1,23.3,24.2,"0.271","0.61","0.391",61.1
"Gausman, Kevin",592332,"TOR","FS","Split-Finger",0.3,1,"429",38.8,"103","0.21","0.28","0.235",36.6,27.2,15.7,"0.209","0.277","0.22",21.9
"Ober, Bailey",641927,"MIN","CH","Changeup",-0.9,-4,"378",36.6,"102","0.234","0.404","0.315",24.1,15.7,13.2,"0.251","0.447","0.329",26.9
"Cease, Dylan",656302,"TOR","FF","4-Seam Fastball",-0.1,0,"381",35.3,"102","0.276","0.46","0.361",28.3,34.3,26.3,"0.232","0.37","0.323",48.1
"Cantillo, Joey",676282,"CLE","FF","4-Seam Fastball",-1.3,-5,"427",42.4,"101","0.289","0.53","0.403",13.5,11.9,12.8,"0.255","0.488","0.377",47.2
"Rodriguez, Eduardo",593958,"AZ","FF","4-Seam Fastball",1,4,"416",40,"100","0.216","0.364","0.311",24.4,31,23.8,"0.227","0.433","0.329",43.9
"Detmers, Reid",672282,"LAA","SL","Slider",1,4,"355",30.9,"100","0.213","0.298","0.26",36.1,37,25.3,"0.201","0.283","0.238",29.8
"Warren, Will",701542,"NYY","FF","4-Seam Fastball",0.8,3,"400",41.1,"100","0.189","0.378","0.278",22.6,30,22.1,"0.164","0.314","0.247",45.9
"Gallen, Zac",668678,"AZ","FF","4-Seam Fastball",-0.1,0,"394",38.7,"98","0.289","0.444","0.35",6.8,15.3,17.2,"0.31","0.532","0.38",51.3
"Ohtani, Shohei",660271,"LAD","FF","4-Seam Fastball",2.5,9,"382",44.7,"98","0.169","0.258","0.241",28.2,27.6,25.5,"0.194","0.292","0.254",50
"Fedde, Erick",607200,"CWS","ST","Sweeper",0.5,2,"355",37.9,"98","0.207","0.368","0.281",20.9,16.3,12.8,"0.193","0.345","0.272",30.1
"Webb, Logan",657277,"SF","SI","Sinker",1.2,4,"308",37.7,"98","0.25","0.369","0.329",12.4,10.2,17.5,"0.296","0.425","0.366",62.2
"Roupp, Landen",694738,"SF","SI","Sinker",1.1,4,"384",36.8,"95","0.232","0.39","0.324",10.4,16.8,25,"0.256","0.382","0.329",32.8
"Rodriguez, Eduardo",593958,"AZ","CH","Changeup",1.3,4,"293",28.2,"95","0.193","0.273","0.239",18.9,10.5,12.5,"0.244","0.349","0.289",24.4
"Cavalli, Cade",676917,"WSH","FF","4-Seam Fastball",-1.1,-4,"342",33.9,"95","0.329","0.488","0.386",19.8,21.1,19.8,"0.284","0.526","0.387",43.8
"Ragans, Cole",666142,"KC","FF","4-Seam Fastball",1.1,4,"358",56.1,"94","0.133","0.333","0.288",30.9,33,26.7,"0.174","0.353","0.312",44.4
"Kirby, George",669923,"SEA","FF","4-Seam Fastball",0.6,2,"353",31.9,"94","0.247","0.427","0.31",21,16,13.4,"0.261","0.413","0.311",40.5
"Ginn, J.T.",669372,"ATH","SI","Sinker",0.8,3,"336",36.3,"94","0.224","0.355","0.324",22.4,22.3,28.8,"0.266","0.436","0.366",38.6
"Skenes, Paul",694973,"PIT","FF","4-Seam Fastball",1.5,6,"371",35.8,"94","0.151","0.326","0.242",29,37.2,27.6,"0.161","0.328","0.249",37.3
"King, Michael",650633,"SD","CH","Changeup",1.2,4,"297",27.3,"93","0.214","0.321","0.269",30.3,16.1,18.5,"0.242","0.374","0.302",28.6
"Martinez, Nick",607259,"TB","SI","Sinker",2.8,8,"292",31.6,"92","0.244","0.314","0.267",9.1,16.3,21.7,"0.277","0.423","0.32",41.7
"Meyer, Max",676974,"MIA","ST","Sweeper",1.3,4,"292",27.1,"92","0.2","0.235","0.231",36.7,42.4,27.3,"0.207","0.303","0.256",39.1
"Alcantara, Sandy",645261,"MIA","SI","Sinker",0.5,1,"263",22.8,"92","0.284","0.395","0.35",8.4,9.8,13,"0.278","0.378","0.33",41.1
"Elder, Bryce",693821,"ATL","SL","Slider",1.2,4,"292",28.3,"92","0.169","0.289","0.254",33.1,30.4,28.9,"0.181","0.302","0.254",40
"Cecconi, Slade",677944,"CLE","FF","4-Seam Fastball",0.5,2,"331",32.3,"91","0.271","0.471","0.334",20,25.3,22.5,"0.278","0.548","0.364",46
"Lauer, Eric",641778,"LAD","FF","4-Seam Fastball",-0.7,-2,"325",46.6,"91","0.225","0.6","0.375",19.6,24.2,20.2,"0.257","0.572","0.383",44.1
"Hancock, Emerson",676106,"SEA","FF","4-Seam Fastball",1.8,7,"377",37.5,"90","0.169","0.386","0.267",27.2,37.8,23.1,"0.226","0.518","0.341",63.3
"Griffin, Foster",656492,"WSH","FC","Cutter",0.2,1,"344",31,"90","0.259","0.531","0.365",20.9,17.8,22.9,"0.249","0.514","0.355",42.4
"Soroka, Michael",647336,"AZ","SV","Slurve",1,3,"326",33,"89","0.21","0.259","0.251",34,36,23.5,"0.241","0.326","0.287",36.7
"Rasmussen, Drew",656876,"TB","FC","Cutter",1,3,"320",34.4,"89","0.205","0.313","0.268",22.8,19.1,17,"0.262","0.404","0.306",28.4
"Rocker, Kumar",677958,"TEX","SL","Slider",0.8,3,"351",37.7,"89","0.188","0.259","0.212",34.7,36,22.9,"0.187","0.318","0.228",35.2
"Kirby, George",669923,"SEA","ST","Sweeper",0.3,1,"308",27.8,"89","0.259","0.329","0.278",27.2,30.3,22.9,"0.211","0.289","0.238",32.8
"deGrom, Jacob",594798,"TEX","SL","Slider",2.7,9,"344",35.7,"88","0.133","0.169","0.167",42.6,37.5,21.9,"0.204","0.297","0.241",29.4
"Holmes, Grant",656550,"ATL","FF","4-Seam Fastball",-0.5,-2,"319",35.1,"88","0.263","0.566","0.388",15.8,10.2,15,"0.272","0.544","0.389",48.5
"Bubic, Kris",663460,"KC","FF","4-Seam Fastball",-0.8,-3,"334",41.2,"88","0.225","0.394","0.348",25.2,25,21.6,"0.241","0.474","0.378",38.8
"Cease, Dylan",656302,"TOR","SL","Slider",2.4,8,"318",29.4,"87","0.13","0.169","0.209",46.8,40.2,25.5,"0.185","0.246","0.243",30.2
"Holmes, Grant",656550,"ATL","SL","Slider",0,0,"335",36.9,"87","0.218","0.397","0.31",44.6,37.9,25.4,"0.219","0.393","0.306",42.2
"Luzardo, Jesús",666200,"PHI","FF","4-Seam Fastball",-1.5,-5,"320",27.8,"87","0.338","0.532","0.387",16.8,20.7,15.3,"0.271","0.42","0.334",29
"Rogers, Trevor",669432,"BAL","FF","4-Seam Fastball",-0.8,-3,"370",42.5,"86","0.28","0.573","0.404",19.6,14,10.6,"0.254","0.518","0.368",42.2
"Sheehan, Emmet",686218,"LAD","SL","Slider",1.4,4,"280",31.9,"86","0.205","0.333","0.258",41.3,36,29,"0.19","0.312","0.252",28.6
"Junk, Janson",676083,"MIA","FF","4-Seam Fastball",0,0,"317",33.2,"86","0.286","0.403","0.351",13.5,22.1,16.8,"0.246","0.369","0.309",43.1
"Luzardo, Jesús",666200,"PHI","ST","Sweeper",0.6,2,"412",35.7,"86","0.179","0.256","0.237",46.5,46.5,26.5,"0.161","0.247","0.224",21.1
"Messick, Parker",800048,"CLE","FF","4-Seam Fastball",2.1,7,"335",30.9,"86","0.177","0.278","0.237",26.2,33.7,24.4,"0.18","0.261","0.231",36
"Rogers, Tyler",643511,"TOR","SI","Sinker",2.7,8,"296",78.5,"86","0.203","0.228","0.24",11.4,12.8,14.7,"0.21","0.241","0.234",23.2
"López, Reynaldo",625643,"ATL","FF","4-Seam Fastball",1.3,4,"313",54.6,"86","0.224","0.434","0.337",11.9,18.6,21.1,"0.254","0.444","0.344",40
"Soriano, José",667755,"LAA","SI","Sinker",1.4,4,"322",27.9,"86","0.24","0.307","0.305",24.7,9.3,17.4,"0.281","0.452","0.37",48.5
"Bradish, Kyle",680694,"BAL","SI","Sinker",-0.5,-1,"310",30.2,"86","0.274","0.411","0.349",10.3,22.1,19.6,"0.223","0.407","0.326",38.2
"Keller, Mitch",656605,"PIT","FF","4-Seam Fastball",1.6,5,"343",32.9,"85","0.231","0.321","0.281",16.6,10.6,11,"0.317","0.498","0.378",49.3
"Soroka, Michael",647336,"AZ","FF","4-Seam Fastball",-0.1,0,"322",32.6,"85","0.303","0.421","0.347",13.7,21.2,16.5,"0.265","0.459","0.35",42.4
"Alcantara, Sandy",645261,"MIA","CH","Changeup",-1.4,-4,"253",21.9,"85","0.272","0.444","0.357",35.1,21.2,21.7,"0.274","0.373","0.3",34.9
"Dollander, Chase",801403,"COL","FF","4-Seam Fastball",1.1,3,"280",37.7,"84","0.197","0.38","0.31",29.7,32.1,23.5,"0.147","0.368","0.285",53.3
"Leiter, Jack",683004,"TEX","FF","4-Seam Fastball",0.7,3,"380",37.1,"84","0.205","0.342","0.295",25.7,22.6,16.8,"0.235","0.403","0.328",42.6
"Wacha, Michael",608379,"KC","FF","4-Seam Fastball",0.8,2,"296",29.2,"84","0.197","0.368","0.283",20.1,17.9,17.2,"0.264","0.522","0.367",41
"Peterson, David",656849,"NYM","SI","Sinker",-1.3,-4,"271",30.4,"84","0.349","0.46","0.445",10.3,4.8,23.5,"0.39","0.558","0.484",59
"Hancock, Emerson",676106,"SEA","SI","Sinker",1.8,4,"235",23.4,"84","0.286","0.403","0.337",8.6,6,12.8,"0.325","0.48","0.377",47.2
"Nola, Aaron",605400,"PHI","CU","Curveball",2.1,7,"324",33.4,"83","0.198","0.272","0.227",37.6,31.3,22.2,"0.196","0.252","0.206",23.6
"Cabrera, Edward",665795,"CHC","CH","Changeup",1.1,3,"279",31.9,"82","0.241","0.304","0.267",32,25.6,21.6,"0.256","0.364","0.283",37.9
"Painter, Andrew",691725,"PHI","FF","4-Seam Fastball",-1.5,-4,"296",35.5,"82","0.373","0.547","0.424",9,6.1,6.9,"0.324","0.538","0.397",38.6
"Liberatore, Matthew",669461,"STL","FF","4-Seam Fastball",-1.2,-4,"304",32.3,"82","0.319","0.507","0.401",10.6,11,11.4,"0.348","0.618","0.449",54.1
"Blubaugh, AJ",805123,"HOU","FF","4-Seam Fastball",0.1,0,"307",48.7,"82","0.185","0.415","0.339",23.7,19.5,15.7,"0.256","0.487","0.391",42
"Ashcraft, Braxton",677952,"PIT","FF","4-Seam Fastball",0.2,1,"310",31.7,"82","0.239","0.451","0.344",17.4,17.1,20.9,"0.201","0.394","0.308",35.6
"Ober, Bailey",641927,"MIN","FF","4-Seam Fastball",-0.9,-3,"325",31.5,"82","0.284","0.622","0.409",15,14.6,16,"0.24","0.497","0.349",40.3
"Wrobleski, Justin",680736,"LAD","SL","Slider",1.2,4,"300",33,"82","0.169","0.26","0.238",18.8,12.2,9.2,"0.25","0.422","0.311",45.6
"Vásquez, Randy",681190,"SD","FF","4-Seam Fastball",1.5,4,"307",31.5,"82","0.176","0.284","0.243",23,22,14.5,"0.25","0.463","0.339",44.8
"Cantillo, Joey",676282,"CLE","CH","Changeup",0.7,2,"297",29.5,"81","0.162","0.294","0.264",41,30.9,25,"0.198","0.304","0.283",26.7
"Elder, Bryce",693821,"ATL","SI","Sinker",1.2,3,"253",24.5,"81","0.257","0.365","0.319",15.9,22.2,28.6,"0.29","0.413","0.337",48.2
"Corbin, Patrick",571578,"TOR","SI","Sinker",-1.1,-3,"244",31.2,"80","0.338","0.479","0.405",6.7,8.8,13,"0.347","0.534","0.414",57.8
"Early, Connelly",813349,"BOS","FF","4-Seam Fastball",-0.1,0,"342",34.6,"79","0.2","0.443","0.317",25.1,26.6,20.8,"0.218","0.516","0.352",46.9
"Baz, Shane",669358,"BAL","FF","4-Seam Fastball",-1.7,-6,"365",34.2,"79","0.288","0.545","0.387",18.1,20.3,17.4,"0.277","0.512","0.374",34
"Mlodzinski, Carmen",669387,"PIT","FF","4-Seam Fastball",-1.3,-3,"271",28.9,"79","0.343","0.507","0.421",15.5,20.3,20,"0.283","0.46","0.372",61.5
"Harris, Hogan",663687,"ATH","FF","4-Seam Fastball",0.5,1,"305",57.3,"79","0.246","0.344","0.349",23.6,21.5,20.2,"0.205","0.272","0.312",31.1
"Tolle, Payton",801139,"BOS","FF","4-Seam Fastball",2.1,6,"276",46.9,"79","0.111","0.181","0.192",29.6,38,28.6,"0.118","0.172","0.169",25.6
"Brown, Ben",676962,"CHC","CU","Curveball",2.9,8,"276",36.4,"79","0.137","0.164","0.167",47.4,43,29.6,"0.188","0.274","0.242",42.5
"McDonald, Trevor",686790,"SF","SI","Sinker",1.9,5,"255",60.1,"79","0.264","0.306","0.311",18.2,17.7,30.4,"0.266","0.324","0.297",44.8
"Matz, Steven",571927,"TB","SI","Sinker",-1.2,-4,"353",48.4,"78","0.281","0.547","0.412",20.6,12.8,12,"0.294","0.523","0.41",42.6
"Messick, Parker",800048,"CLE","CH","Changeup",0.6,2,"265",24.4,"78","0.219","0.274","0.238",44.7,47.4,27.6,"0.21","0.262","0.237",24.3
"Sasaki, Roki",808963,"LAD","FS","Split-Finger",-0.5,-2,"311",34.7,"78","0.203","0.378","0.284",33.1,30.8,18.3,"0.199","0.34","0.255",26
"Kay, Anthony",641743,"CWS","FF","4-Seam Fastball",-0.9,-3,"275",26,"78","0.292","0.538","0.402",16.7,17.9,13.2,"0.314","0.511","0.411",41.5
"Pallante, Andre",669467,"STL","SL","Slider",2.6,7,"286",28.7,"78","0.189","0.27","0.24",33.3,32.1,24,"0.185","0.312","0.238",32.7
"Teng, Kai-Wei",678906,"HOU","ST","Sweeper",3.4,8,"244",36.3,"78","0.101","0.174","0.185",32.8,32.1,27.2,"0.169","0.27","0.247",25
"Valdez, Framber",664285,"DET","CU","Curveball",-1.1,-3,"305",28.5,"77","0.185","0.385","0.329",32.1,27.3,15.8,"0.211","0.325","0.294",35.6
"Civale, Aaron",650644,"ATH","FC","Cutter",2,6,"328",35.5,"77","0.221","0.324","0.284",21.6,20.8,19.3,"0.206","0.321","0.275",45.3
"Paddack, Chris",663978,"CIN","CH","Changeup",-0.1,0,"224",26.9,"77","0.27","0.351","0.316",28,22.1,18.7,"0.26","0.373","0.29",36.8
"Schlittler, Cam",693645,"NYY","FC","Cutter",2.6,8,"298",27.7,"76","0.155","0.211","0.201",24.1,21.1,18.2,"0.233","0.346","0.274",39.3
"Yamamoto, Yoshinobu",808967,"LAD","FS","Split-Finger",0.6,2,"270",28.2,"76","0.173","0.32","0.216",39.5,31.6,22.4,"0.189","0.247","0.196",35.3
"Peralta, Freddy",642547,"NYM","CH","Changeup",0.2,1,"269",23.6,"76","0.232","0.362","0.303",27.1,22.4,19.3,"0.21","0.272","0.249",20.8
"Roupp, Landen",694738,"SF","CU","Curveball",1.5,5,"301",28.9,"76","0.214","0.286","0.257",37,42.1,31.1,"0.18","0.224","0.217",18.4
"Severino, Luis",622663,"ATH","SI","Sinker",-1,-3,"259",23.8,"76","0.323","0.508","0.411",15.2,14.5,18.6,"0.312","0.517","0.397",44.6
"Mattson, Isaac",676755,"PIT","FF","4-Seam Fastball",1,3,"288",80.7,"75","0.222","0.286","0.289",17.8,14.7,11.3,"0.291","0.486","0.381",49.1
"Pérez, Martín",527048,"ATL","CH","Changeup",1,3,"259",32.4,"75","0.106","0.227","0.203",32.6,25.3,17.9,"0.211","0.331","0.28",24.5
"Suarez, Ranger",624133,"BOS","SI","Sinker",1.3,3,"234",28.5,"75","0.212","0.273","0.271",16.2,18.7,29.2,"0.28","0.369","0.331",36.5
"Hudson, Bryan",663542,"CWS","FF","4-Seam Fastball",1.1,3,"289",64.4,"74","0.226","0.242","0.283",26.2,25.7,21.1,"0.2","0.268","0.255",31.9
"Smith, Cade",671922,"CLE","FF","4-Seam Fastball",0.3,1,"287",61.3,"73","0.29","0.435","0.336",31.1,35.6,24.5,"0.249","0.403","0.293",50
"King, Bryan",687911,"HOU","FF","4-Seam Fastball",2,5,"261",59.3,"73","0.185","0.246","0.247",16.5,21.9,17.2,"0.187","0.255","0.247",40.8
"Ferrer, José A.",678606,"SEA","SI","Sinker",2,5,"262",65.8,"73","0.294","0.368","0.314",18.2,17.8,24.1,"0.204","0.273","0.233",35.7
"Lopez, Jacob",682052,"ATH","SL","Slider",-0.6,-2,"280",30.4,"73","0.203","0.359","0.303",21.6,23.3,16.8,"0.181","0.283","0.254",27.1
"Williams, Gavin",668909,"CLE","FF","4-Seam Fastball",-0.5,-2,"297",26.7,"73","0.21","0.403","0.325",30.5,26,20,"0.263","0.52","0.385",48.8
"Burrows, Mike",681347,"HOU","CH","Changeup",0,0,"275",27.1,"73","0.238","0.333","0.31",33.1,23.3,20.5,"0.205","0.286","0.278",30.4
"Young, Brandon",687064,"BAL","FF","4-Seam Fastball",2.2,6,"285",41.2,"73","0.125","0.281","0.226",23.4,17.8,16.5,"0.192","0.405","0.307",35.3
"Sheehan, Emmet",686218,"LAD","FF","4-Seam Fastball",-1.5,-5,"372",42.4,"73","0.273","0.667","0.418",27.8,23.3,19.1,"0.282","0.602","0.403",46.9
"Warren, Will",701542,"NYY","SI","Sinker",-0.9,-2,"257",26.4,"73","0.277","0.4","0.371",22.4,24.7,27.3,"0.265","0.398","0.326",47.9
"Cavalli, Cade",676917,"WSH","CU","Curveball",0.1,0,"303",30,"72","0.219","0.281","0.288",43.1,37.5,31.4,"0.191","0.261","0.244",36.8
"Springs, Jeffrey",605488,"ATH","CH","Changeup",-1.5,-4,"237",22.4,"72","0.246","0.42","0.327",39.7,29.2,23.1,"0.209","0.323","0.248",27.1
"Brown, Ben",676962,"CHC","FF","4-Seam Fastball",0.6,2,"286",37.7,"72","0.238","0.302","0.315",14.1,16.7,14.8,"0.249","0.384","0.32",46.2
"Williams, Gavin",668909,"CLE","ST","Sweeper",-0.4,-1,"292",26.2,"72","0.2","0.354","0.281",43.9,38.9,24.6,"0.204","0.285","0.258",27
"Patrick, Chad",694477,"MIL","FC","Cutter",1.8,5,"302",41.6,"72","0.179","0.254","0.223",32.1,20.8,24.2,"0.239","0.308","0.269",32.7
"Kinley, Tyler",641755,"ATL","SL","Slider",0.3,1,"270",66.8,"72","0.188","0.359","0.283",29.5,29.2,28.8,"0.177","0.316","0.264",30.2
"Mahle, Tyler",641816,"SF","FS","Split-Finger",-2.9,-7,"238",24.6,"72","0.284","0.478","0.342",25.2,25,17.1,"0.218","0.352","0.266",32
"Svanson, Matt",694335,"STL","SI","Sinker",-2.2,-5,"229",47.6,"71","0.367","0.583","0.454",14.8,15.5,20.8,"0.35","0.57","0.442",55.1
"Martinez, Nick",607259,"TB","CH","Changeup",2.8,7,"257",27.8,"71","0.106","0.121","0.135",34.6,26.8,19.4,"0.165","0.217","0.196",14.6
"Lopez, Jacob",682052,"ATH","FF","4-Seam Fastball",-1.2,-4,"308",33.4,"71","0.295","0.557","0.394",14.8,14.1,12.8,"0.212","0.329","0.282",37.7
"Soriano, José",667755,"LAA","FF","4-Seam Fastball",-0.2,-1,"273",23.6,"71","0.228","0.456","0.37",20.2,22.5,18.8,"0.246","0.511","0.394",48.8
"Pallante, Andre",669467,"STL","FF","4-Seam Fastball",-0.4,-1,"302",30.4,"71","0.323","0.548","0.426",16.5,7,10.2,"0.309","0.519","0.4",49.1
"Ureña, Walbert",700712,"LAA","CH","Changeup",3.1,8,"259",34.1,"71","0.143","0.222","0.231",37.1,29.6,26.6,"0.142","0.207","0.211",19
"Littell, Zack",641793,"WSH","FF","4-Seam Fastball",-3.5,-8,"239",28.6,"71","0.333","0.633","0.467",10.6,14.1,16.7,"0.304","0.585","0.427",54
"Severino, Luis",622663,"ATH","ST","Sweeper",-1.1,-3,"267",24.6,"71","0.21","0.419","0.32",28.8,33.8,20.5,"0.185","0.331","0.28",39.5
"Mlodzinski, Carmen",669387,"PIT","FS","Split-Finger",1.3,3,"258",27.5,"71","0.2","0.262","0.244",32.1,23.9,17.2,"0.239","0.323","0.283",31.3
"Yesavage, Trey",702056,"TOR","FF","4-Seam Fastball",1.5,4,"289",46.9,"70","0.203","0.271","0.284",19.9,25.7,23.1,"0.154","0.249","0.255",26.8
"Bachman, Sam",696147,"LAA","SL","Slider",2.7,6,"232",53.8,"70","0.159","0.27","0.238",40.2,28.6,31.3,"0.161","0.249","0.229",25.6
"Arrighetti, Spencer",681293,"HOU","CU","Curveball",1.8,5,"252",33.3,"70","0.071","0.071","0.184",43.9,40,33.3,"0.132","0.16","0.235",13.8
"Okert, Steven",595345,"HOU","SL","Slider",0.8,2,"261",66.9,"70","0.194","0.339","0.272",32.4,22.9,20.3,"0.209","0.424","0.304",18.8
"Liberatore, Matthew",669461,"STL","SL","Slider",-2.3,-5,"223",23.7,"70","0.277","0.554","0.369",36.9,40,28,"0.23","0.458","0.306",41
"Bazardo, Eduard",660825,"SEA","SI","Sinker",0.3,1,"275",63.2,"70","0.271","0.373","0.324",16.1,20,15.4,"0.266","0.414","0.334",49
"Myers, Tobias",668964,"NYM","FF","4-Seam Fastball",2,5,"233",50.7,"70","0.227","0.379","0.284",14,18.6,21.7,"0.272","0.465","0.336",50.9
"Irvin, Jake",663623,"WSH","FF","4-Seam Fastball",0.1,0,"261",27.5,"70","0.182","0.218","0.311",24.2,27.1,17,"0.197","0.321","0.335",55.6
"Mikolas, Miles",571945,"WSH","SI","Sinker",0.3,1,"209",24.8,"70","0.265","0.471","0.319",11.9,15.7,19.6,"0.243","0.444","0.297",36.2
"Mayza, Tim",641835,"PHI","SI","Sinker",2.1,5,"261",63.3,"70","0.203","0.297","0.271",20.9,20,26.4,"0.23","0.329","0.28",46
"Ashcraft, Braxton",677952,"PIT","SL","Slider",-1.1,-3,"234",24,"70","0.27","0.381","0.35",33.6,30,28,"0.212","0.286","0.264",31
"Matz, Steven",571927,"TB","CH","Changeup",0.9,2,"220",30.1,"70","0.167","0.288","0.213",28.6,27.1,19.8,"0.226","0.341","0.26",22.9
"Taylor, Grant",691799,"CWS","FF","4-Seam Fastball",2,5,"277",53.3,"70","0.188","0.313","0.258",29.4,37.1,25.5,"0.198","0.282","0.245",46.2
"Weathers, Ryan",677960,"NYY","FF","4-Seam Fastball",-2.9,-8,"292",28.5,"70","0.286","0.714","0.442",22.1,24.3,18.5,"0.281","0.731","0.446",56.5
"O'Brien, Riley",676617,"STL","SI","Sinker",1.3,3,"227",57.8,"69","0.297","0.359","0.327",19.2,15.9,20,"0.283","0.416","0.325",35.2
"Schlittler, Cam",693645,"NYY","SI","Sinker",1.5,3,"202",18.8,"69","0.185","0.277","0.241",17,26.1,23.7,"0.215","0.339","0.264",34
"Leahy, Kyle",681517,"STL","FF","4-Seam Fastball",-1.1,-3,"286",30.3,"69","0.317","0.567","0.414",15.3,13,18,"0.328","0.633","0.441",65.4
"Bibee, Tanner",676440,"CLE","FC","Cutter",-2,-5,"270",25.7,"69","0.295","0.689","0.443",37,23.2,18.6,"0.284","0.559","0.4",47.8
"Gilbert, Logan",669302,"SEA","SL","Slider",0.5,1,"240",21.8,"69","0.238","0.524","0.341",37.7,26.1,25,"0.294","0.525","0.369",56.5
"Fuentes, Didier",800311,"ATL","FF","4-Seam Fastball",1.1,3,"266",69.5,"69","0.22","0.288","0.282",26.3,27.5,19.2,"0.219","0.34","0.3",34.1
"Bradish, Kyle",680694,"BAL","SL","Slider",-1.6,-5,"283",27.5,"69","0.267","0.583","0.399",30.1,29,20.4,"0.234","0.449","0.342",40
"Hill, Tim",657612,"NYY","SI","Sinker",2.2,5,"219",80.5,"69","0.219","0.234","0.261",10.2,8.7,12.2,"0.276","0.334","0.284",45
"Wacha, Michael",608379,"KC","CH","Changeup",1.4,3,"236",23.3,"68","0.141","0.234","0.206",33.6,30.9,23.3,"0.189","0.287","0.234",27.9
"Gilbert, Logan",669302,"SEA","FF","4-Seam Fastball",0.3,1,"353",32.1,"68","0.29","0.613","0.407",18.8,14.7,14.1,"0.288","0.568","0.391",53.8
"Bibee, Tanner",676440,"CLE","FF","4-Seam Fastball",0.2,1,"287",27.3,"68","0.313","0.406","0.338",14.2,10.3,10.8,"0.288","0.441","0.335",56.1
"Peterson, David",656849,"NYM","SL","Slider",2.2,5,"210",23.6,"68","0.227","0.288","0.219",34.5,38.2,31,"0.202","0.306","0.232",40.5
"Phillips, Connor",683175,"CIN","ST","Sweeper",1.2,3,"263",48.2,"68","0.127","0.218","0.243",36.7,26.5,20.9,"0.194","0.305","0.305",42.1
"Soriano, José",667755,"LAA","CU","Curveball",1.5,4,"287",24.8,"68","0.206","0.27","0.238",43.7,38.2,25.7,"0.216","0.301","0.251",23.7
"Williams, Gavin",668909,"CLE","CU","Curveball",-0.4,-1,"250",22.5,"67","0.212","0.394","0.277",30,31.3,19.6,"0.211","0.398","0.265",51.1
"Weathers, Ryan",677960,"NYY","CH","Changeup",0.3,1,"241",23.6,"67","0.2","0.292","0.225",35.5,31.3,22.8,"0.208","0.289","0.223",31.1
"Scott, Christian",681035,"NYM","FF","4-Seam Fastball",0.1,0,"286",51.2,"67","0.25","0.346","0.357",20.7,23.9,18.4,"0.241","0.315","0.343",36.1
"McClanahan, Shane",663556,"TB","FF","4-Seam Fastball",0.5,1,"291",36.2,"67","0.246","0.421","0.359",23.5,19.4,21,"0.284","0.547","0.403",52.3
"Sproat, Brandon",687075,"MIL","SI","Sinker",-1.4,-3,"245",27.9,"67","0.296","0.426","0.402",15.8,16.4,18.6,"0.259","0.391","0.361",37.2
"King, Michael",650633,"SD","SI","Sinker",-0.3,-1,"289",26.5,"67","0.232","0.429","0.363",20.7,23.9,22.5,"0.289","0.527","0.405",50
"Flaherty, Jack",656427,"DET","SL","Slider",-1.1,-3,"266",25.5,"67","0.286","0.571","0.412",29.4,23.9,17.8,"0.218","0.418","0.334",43.9
"Alcantara, Sandy",645261,"MIA","FF","4-Seam Fastball",-2.2,-5,"231",20,"66","0.361","0.607","0.448",14.8,13.6,14.1,"0.315","0.534","0.389",48.1
"Gallen, Zac",668678,"AZ","SL","Slider",-1.9,-5,"235",23.1,"66","0.305","0.492","0.375",34.2,19.7,16.5,"0.265","0.381","0.317",44.7
"Burrows, Mike",681347,"HOU","FF","4-Seam Fastball",-2.1,-6,"288",28.4,"66","0.3","0.717","0.448",13,16.7,13.9,"0.309","0.581","0.407",42.9
"Orze, Eric",679358,"MIN","FS","Split-Finger",1.4,3,"239",54.8,"66","0.2","0.25","0.222",29.7,24.2,24.2,"0.221","0.288","0.25",26.1
"Ashcraft, Braxton",677952,"PIT","CU","Curveball",2.2,5,"242",24.8,"66","0.111","0.222","0.169",39.1,47,29.5,"0.173","0.282","0.211",39.4
"Cecconi, Slade",677944,"CLE","FC","Cutter",0.4,1,"266",26,"66","0.246","0.333","0.308",21.4,19.7,19.7,"0.207","0.286","0.272",20
"Misiorowski, Jacob",694819,"MIL","SL","Slider",4.2,10,"240",24.1,"66","0.111","0.175","0.139",24.2,19.7,26,"0.178","0.232","0.191",23.5
"Junk, Janson",676083,"MIA","SL","Slider",-0.4,-1,"224",23.5,"66","0.242","0.452","0.359",17.8,15.2,14.7,"0.265","0.439","0.325",40.4
"Hurter, Brant",676428,"DET","SI","Sinker",2.1,4,"211",58.6,"66","0.158","0.263","0.258",9.6,7.6,12.8,"0.262","0.381","0.334",37.7
"Montgomery, Mason",682254,"PIT","FF","4-Seam Fastball",1,3,"246",64.6,"66","0.211","0.298","0.286",32.3,31.8,30.9,"0.225","0.349","0.309",44.4
"Anderson, Drew",623454,"DET","FF","4-Seam Fastball",1.9,5,"243",39.7,"66","0.204","0.296","0.303",23.7,25.8,21.8,"0.213","0.331","0.312",42.1
"Paddack, Chris",663978,"CIN","FF","4-Seam Fastball",-0.7,-2,"290",34.8,"65","0.382","0.455","0.405",18.8,18.5,12.4,"0.277","0.4","0.34",35.6
"Luzardo, Jesús",666200,"PHI","CH","Changeup",1.4,4,"263",22.8,"65","0.237","0.339","0.291",42.8,29.2,21.6,"0.196","0.311","0.262",17.5
"Montero, Keider",672456,"DET","FF","4-Seam Fastball",0.6,2,"264",33,"65","0.22","0.407","0.305",13.3,15.4,13.7,"0.241","0.467","0.338",51
"Fedde, Erick",607200,"CWS","SI","Sinker",-2.5,-6,"251",26.8,"65","0.34","0.547","0.429",5.4,10.8,10,"0.324","0.465","0.397",48.9
"Ashby, Aaron",676879,"MIL","SI","Sinker",-0.8,-2,"313",51.7,"65","0.345","0.491","0.432",13.9,9.2,13.6,"0.301","0.466","0.374",50
"Kochanowicz, Jack",686799,"LAA","CH","Changeup",-1.7,-4,"224",22.4,"65","0.316","0.386","0.385",32,23.1,22.4,"0.272","0.333","0.318",26.2
"McGreevy, Michael",700241,"STL","FF","4-Seam Fastball",0.3,1,"231",24,"65","0.238","0.429","0.296",13.8,15.4,14.9,"0.314","0.647","0.412",49.1
"Meyer, Max",676974,"MIA","FF","4-Seam Fastball",-0.1,0,"256",23.7,"65","0.182","0.4","0.313",14,13.8,15.8,"0.228","0.495","0.365",52.2
"Headrick, Brent",687396,"NYY","FF","4-Seam Fastball",2.2,5,"213",49.8,"64","0.214","0.286","0.283",16.8,20.3,21.7,"0.217","0.344","0.297",41.9
"Martin, Davis",663436,"CWS","FF","4-Seam Fastball",0.2,1,"258",25.7,"64","0.254","0.305","0.296",30,32.8,23.1,"0.237","0.34","0.283",28.9
"Early, Connelly",813349,"BOS","CH","Changeup",1.2,3,"210",21.3,"64","0.238","0.317","0.264",21.6,17.2,15.1,"0.295","0.417","0.312",48.1
"Springs, Jeffrey",605488,"ATH","SL","Slider",1,3,"260",24.6,"64","0.237","0.458","0.314",26.1,18.8,24.5,"0.281","0.502","0.358",39.6
"Kirby, George",669923,"SEA","SI","Sinker",1,2,"216",19.5,"64","0.271","0.356","0.313",13,20.3,22,"0.254","0.368","0.302",54.3
"Lugo, Seth",607625,"KC","FC","Cutter",-0.2,0,"172",15.4,"64","0.264","0.453","0.363",22.9,21.9,20.3,"0.261","0.457","0.367",42.5
"Lambert, Peter",663567,"HOU","FF","4-Seam Fastball",1.7,4,"225",29.5,"64","0.196","0.304","0.277",21.6,18.8,17.6,"0.275","0.492","0.372",45.5
"Parker, Mitchell",680730,"WSH","SL","Slider",-1.3,-3,"256",53.7,"64","0.22","0.508","0.357",38.2,26.6,20.2,"0.22","0.429","0.301",48.8
"Santillan, Tony",663574,"CIN","FF","4-Seam Fastball",-0.9,-2,"224",64,"64","0.246","0.509","0.373",20.7,26.6,25.8,"0.226","0.439","0.326",45
"Baz, Shane",669358,"BAL","FC","Cutter",1.6,3,"199",18.7,"64","0.241","0.407","0.332",17.9,12.5,17.4,"0.255","0.379","0.332",36.2
"Leiter, Jack",683004,"TEX","CH","Changeup",-1.7,-3,"190",18.5,"64","0.259","0.414","0.327",31.6,25,20.5,"0.247","0.461","0.337",38.1
"McClanahan, Shane",663556,"TB","CH","Changeup",2.1,5,"238",29.6,"64","0.136","0.153","0.201",36.2,34.4,24.2,"0.166","0.221","0.209",32.4
"Meyer, Max",676974,"MIA","SL","Slider",1.6,4,"281",26.1,"63","0.182","0.309","0.29",44.6,31.7,24.4,"0.221","0.389","0.316",42.9
"Johnson, Pierce",572955,"CIN","CU","Curveball",0.3,1,"244",66.5,"63","0.241","0.448","0.317",25.2,17.5,14.3,"0.326","0.59","0.401",32.7
"Manaea, Sean",640455,"NYM","FF","4-Seam Fastball",0.2,1,"251",38.8,"63","0.245","0.472","0.348",19.8,27,18.1,"0.262","0.47","0.356",52.6
"Elder, Bryce",693821,"ATL","FF","4-Seam Fastball",1,3,"262",25.4,"63","0.268","0.339","0.291",19.3,14.3,17.6,"0.251","0.344","0.284",34
"Woods Richardson, Simeon",680573,"MIN","FS","Split-Finger",-5.7,-13,"228",26.5,"63","0.352","0.648","0.481",20.4,15.9,10.6,"0.313","0.591","0.426",46.7
"Keller, Mitch",656605,"PIT","ST","Sweeper",-0.5,-1,"190",18.3,"62","0.175","0.298","0.231",23.4,24.2,16.7,"0.202","0.317","0.251",32.6
"Pérez, Martín",527048,"ATL","SI","Sinker",0.5,1,"237",29.6,"62","0.245","0.358","0.325",4.7,12.9,12.7,"0.306","0.506","0.399",51.1
"Rogers, Trevor",669432,"BAL","CH","Changeup",-1.9,-4,"204",23.4,"62","0.317","0.433","0.389",28.1,12.9,12.1,"0.325","0.446","0.346",42.3
"Ray, Robbie",592662,"SF","SL","Slider",-0.8,-2,"302",28.9,"62","0.255","0.491","0.38",36.3,27.4,18.1,"0.252","0.553","0.38",36.8
"May, Dustin",669160,"STL","ST","Sweeper",-1.5,-3,"184",19.2,"62","0.204","0.296","0.29",35.4,40.3,27.2,"0.17","0.266","0.265",34.5
"Cecconi, Slade",677944,"CLE","SI","Sinker",-0.9,-2,"189",18.4,"62","0.368","0.421","0.407",12.9,6.5,8.3,"0.34","0.433","0.366",35.8
"May, Dustin",669160,"STL","FF","4-Seam Fastball",-0.2,-1,"244",25.5,"62","0.278","0.444","0.349",17,17.7,14.9,"0.232","0.406","0.329",59.1
"Quintana, Jose",500779,"COL","FF","4-Seam Fastball",-0.2,0,"204",29.7,"62","0.288","0.481","0.361",18.9,12.9,12.1,"0.265","0.413","0.328",34
"Civale, Aaron",650644,"ATH","CU","Curveball",0.2,0,"213",23,"61","0.228","0.351","0.279",26.3,18,14.5,"0.256","0.422","0.314",34.8
"Weathers, Ryan",677960,"NYY","SI","Sinker",1.3,3,"200",19.6,"61","0.278","0.333","0.334",8,9.8,17.6,"0.324","0.458","0.377",43.8
"Phillips, Connor",683175,"CIN","FF","4-Seam Fastball",-1.9,-5,"267",48.9,"61","0.31","0.476","0.466",14.9,14.8,14.1,"0.286","0.464","0.438",33.3
"Valdez, Framber",664285,"DET","CH","Changeup",1.3,3,"201",18.8,"61","0.237","0.322","0.259",24.4,16.4,15.9,"0.271","0.434","0.314",32.7
"Yamamoto, Yoshinobu",808967,"LAD","FF","4-Seam Fastball",0.6,2,"252",26.3,"61","0.189","0.415","0.311",25.9,24.6,19.7,"0.27","0.568","0.399",57.9
"Muñoz, Andrés",662253,"SEA","SL","Slider",1.3,3,"219",57.5,"61","0.167","0.35","0.236",49.6,45.9,34.1,"0.2","0.411","0.275",46.9
"Mejia, Juan",675848,"COL","FF","4-Seam Fastball",-1.2,-3,"217",42.3,"61","0.314","0.373","0.369",20.4,24.6,17.2,"0.287","0.419","0.368",50
"Singer, Brady",663903,"CIN","SL","Slider",-0.4,-1,"299",32.7,"61","0.232","0.446","0.331",31.2,23,19.2,"0.24","0.443","0.323",42.9
"Kochanowicz, Jack",686799,"LAA","FF","4-Seam Fastball",0.7,1,"207",20.7,"61","0.196","0.392","0.298",19.4,21.3,19.4,"0.229","0.423","0.328",37.5
"Gore, MacKenzie",669022,"TEX","CU","Curveball",0.7,2,"235",22.1,"61","0.175","0.333","0.239",32.4,36.1,21.2,"0.246","0.394","0.295",55.6
"Kuhnel, Joel",669270,"ATH","SI","Sinker",1.6,3,"176",51.8,"61","0.275","0.333","0.316",13.5,8.2,13.2,"0.337","0.468","0.393",39.6
"Woo, Bryan",693433,"SEA","SI","Sinker",-0.3,0,"185",17.9,"61","0.273","0.455","0.353",9.5,13.1,18.6,"0.293","0.478","0.361",56.3
"Kelly, Merrill",518876,"AZ","CH","Changeup",-1.8,-4,"196",25.9,"60","0.236","0.436","0.319",31.5,18.3,16.4,"0.35","0.658","0.45",54.5
"Webb, Logan",657277,"SF","CH","Changeup",-0.4,-1,"180",22,"60","0.263","0.316","0.282",29.9,31.7,20.9,"0.245","0.33","0.271",31.6
"Littell, Zack",641793,"WSH","SL","Slider",1.3,3,"238",28.5,"60","0.22","0.38","0.288",20.4,11.7,22.6,"0.289","0.507","0.38",48.9
"Rasmussen, Drew",656876,"TB","FF","4-Seam Fastball",-1.2,-3,"251",27,"60","0.309","0.6","0.411",23.3,26.7,20,"0.28","0.47","0.351",43.6
"Lugo, Seth",607625,"KC","SI","Sinker",0.3,1,"223",19.9,"60","0.308","0.519","0.388",14.3,11.7,20.6,"0.36","0.616","0.44",50
"Stanek, Ryne",592773,"STL","FF","4-Seam Fastball",-1.1,-3,"236",51.3,"60","0.319","0.468","0.419",30,23.3,17.5,"0.269","0.444","0.389",48.5
"Skubal, Tarik",669373,"DET","FF","4-Seam Fastball",0.6,1,"244",39,"60","0.281","0.456","0.323",21.1,23.3,20.6,"0.298","0.452","0.331",36.4
"Fried, Max",608331,"NYY","SI","Sinker",1.6,3,"203",22.1,"60","0.25","0.321","0.283",16.5,10,15.8,"0.236","0.298","0.264",37.3
"Martin, Davis",663436,"CWS","CH","Changeup",2.5,4,"176",17.5,"59","0.161","0.286","0.223",17.9,16.9,14.9,"0.267","0.409","0.312",54.3
"Fisher, Braydon",680755,"TOR","SL","Slider",1.5,4,"242",49.1,"59","0.167","0.259","0.242",30.9,18.6,16.4,"0.251","0.384","0.31",41.9
"Cameron, Noah",702070,"KC","FF","4-Seam Fastball",-0.6,-2,"263",30.2,"59","0.315","0.481","0.392",18.4,11.9,11.3,"0.321","0.571","0.395",56.3
"Nelson, Ryne",669194,"AZ","SL","Slider",-0.6,-1,"188",18.4,"59","0.204","0.37","0.301",31.6,30.5,26.5,"0.227","0.373","0.282",40.5
"Finnegan, Kyle",640448,"DET","FF","4-Seam Fastball",1.2,3,"236",55.1,"59","0.209","0.302","0.345",15.3,13.6,16.3,"0.252","0.363","0.378",38.9
"McGreevy, Michael",700241,"STL","CH","Changeup",1.5,3,"199",20.7,"59","0.148","0.222","0.206",31.5,22,22.4,"0.216","0.343","0.278",24.4
"Lowder, Rhett",695076,"CIN","SI","Sinker",2.6,5,"193",29.6,"59","0.216","0.275","0.301",7.4,11.9,20.6,"0.327","0.507","0.405",50
"Taillon, Jameson",592791,"CHC","FF","4-Seam Fastball",-1.8,-5,"292",29.3,"59","0.327","0.745","0.464",24.4,20.3,18.5,"0.32","0.743","0.462",44.2
"Kay, Anthony",641743,"CWS","SI","Sinker",0.3,1,"197",18.6,"59","0.275","0.412","0.377",17.8,13.6,19.5,"0.3","0.46","0.377",52.3
"Latz, Jacob",656641,"TEX","FF","4-Seam Fastball",3.8,8,"211",53.7,"59","0.111","0.204","0.185",20,16.9,15.2,"0.194","0.354","0.278",51.1
"Nola, Aaron",605400,"PHI","FF","4-Seam Fastball",-4.9,-13,"259",26.7,"58","0.404","0.904","0.558",17,27.6,25.8,"0.305","0.686","0.44",56.8
"Cabrera, Edward",665795,"CHC","SI","Sinker",-2.2,-4,"176",20.1,"58","0.367","0.612","0.446",4.8,5.2,12.5,"0.348","0.566","0.421",39.6
"Pallante, Andre",669467,"STL","SI","Sinker",-1.3,-2,"187",18.8,"58","0.265","0.367","0.345",12.9,12.1,12.7,"0.247","0.361","0.32",23.3
"Harrison, Kyle",690986,"MIL","SV","Slurve",2.3,6,"255",28.9,"58","0.109","0.127","0.166",27.4,29.3,19.5,"0.19","0.225","0.208",15.8
"Lovelady, Richard",663992,"WSH","ST","Sweeper",-0.1,0,"178",44.7,"57","0.196","0.392","0.309",26.7,22.8,18.8,"0.222","0.38","0.296",28.2
"Imai, Tatsuya",837227,"HOU","SL","Slider",-0.1,0,"196",43,"57","0.213","0.362","0.325",37.7,29.8,19.3,"0.208","0.339","0.315",46.7
"Marinaccio, Ron",676760,"SD","FF","4-Seam Fastball",0.8,2,"238",44.9,"57","0.231","0.462","0.327",31,26.3,19.5,"0.241","0.478","0.338",54.1
"Festa, Matt",670036,"CLE","ST","Sweeper",-3.8,-7,"180",45.7,"57","0.28","0.58","0.433",27.2,15.8,17.3,"0.227","0.476","0.345",41.5
"Lugo, Seth",607625,"KC","CU","Curveball",0.5,1,"195",17.4,"57","0.179","0.25","0.218",16.9,26.3,19.7,"0.193","0.288","0.207",31
"Márquez, Germán",608566,"SD","FF","4-Seam Fastball",-1.5,-3,"189",37.7,"57","0.283","0.5","0.404",14.8,12.3,12.5,"0.296","0.565","0.429",51.3
"Varland, Gus",681402,"WSH","FF","4-Seam Fastball",0.3,1,"195",55.4,"57","0.3","0.38","0.341",24.2,19.3,22.4,"0.278","0.389","0.337",57.5
"Littell, Zack",641793,"WSH","FS","Split-Finger",-1,-2,"166",19.9,"57","0.179","0.375","0.288",16,17.5,16.1,"0.232","0.473","0.305",39.1
"Chandler, Bubba",696149,"PIT","CH","Changeup",1,2,"179",19.1,"57","0.208","0.302","0.254",26.1,22.8,19.7,"0.224","0.326","0.269",20
"Mize, Casey",663554,"DET","FF","4-Seam Fastball",0.8,2,"232",33.3,"56","0.18","0.32","0.28",24.3,23.2,17.8,"0.199","0.356","0.285",32.4
"Lorenzen, Michael",547179,"COL","CH","Changeup",-2.6,-6,"217",20.6,"56","0.28","0.44","0.352",33.7,26.8,16.5,"0.243","0.358","0.306",31.4
"Mize, Casey",663554,"DET","FS","Split-Finger",0,0,"186",26.7,"56","0.226","0.34","0.284",32.4,33.9,24.1,"0.179","0.236","0.207",23.5
"Fried, Max",608331,"NYY","FC","Cutter",3,6,"205",22.4,"56","0.17","0.17","0.241",25.5,19.6,28.2,"0.18","0.227","0.26",33.3
"Ober, Bailey",641927,"MIN","SL","Slider",1.5,2,"166",16.1,"56","0.264","0.34","0.28",12.3,16.1,23.1,"0.244","0.323","0.262",40
"Hicks, Jordan",663855,"CWS","SI","Sinker",-1.5,-3,"193",59.8,"56","0.318","0.432","0.425",6.4,10.7,15.4,"0.272","0.311","0.34",33.3
"Gilbert, Logan",669302,"SEA","FS","Split-Finger",-0.5,-1,"174",15.8,"56","0.154","0.231","0.22",37,42.9,18.3,"0.147","0.184","0.184",25
"Kelly, Kevin",687330,"TB","SI","Sinker",2.9,6,"214",60.1,"55","0.196","0.255","0.251",17,12.7,16.3,"0.291","0.445","0.345",45.5
"Martinez, Nick",607259,"TB","FC","Cutter",2.1,4,"177",19.1,"55","0.283","0.434","0.323",18,7.3,23.5,"0.305","0.438","0.335",20.4
"Ohtani, Shohei",660271,"LAD","ST","Sweeper",3.7,9,"252",29.5,"55","0.078","0.118","0.129",39,34.5,26.4,"0.144","0.213","0.194",15.6
"Brazobán, Huascar",623211,"NYM","CH","Changeup",2.5,5,"188",43.5,"55","0.137","0.196","0.192",32.3,25.5,17.3,"0.155","0.187","0.179",15.8
"Alvarado, José",621237,"PHI","SI","Sinker",0.4,1,"248",63.6,"55","0.375","0.417","0.398",26.4,16.4,17,"0.279","0.35","0.321",30
"Taillon, Jameson",592791,"CHC","ST","Sweeper",2.4,4,"154",15.5,"55","0.13","0.259","0.174",29,32.7,26.5,"0.119","0.204","0.148",25
"Ureña, Walbert",700712,"LAA","SI","Sinker",-2.9,-6,"224",29.5,"55","0.391","0.565","0.465",17.2,9.1,20,"0.308","0.477","0.393",45.2
"Woodruff, Brandon",605540,"MIL","FF","4-Seam Fastball",1.3,2,"176",42.4,"55","0.146","0.313","0.26",24.5,30.9,23.9,"0.173","0.345","0.267",28.1
"Rasmussen, Drew",656876,"TB","SI","Sinker",3.3,6,"197",21.2,"55","0.135","0.192","0.205",15.9,23.6,22.4,"0.185","0.267","0.222",33.3
"Ashcraft, Graham",668933,"CIN","SL","Slider",1.9,4,"219",48.7,"55","0.093","0.204","0.157",45.5,50.9,37.8,"0.142","0.205","0.16",34.6
"Lorenzen, Michael",547179,"COL","FF","4-Seam Fastball",-3.9,-8,"217",20.6,"55","0.375","0.771","0.509",8.9,14.5,10.1,"0.347","0.709","0.477",62.5
"Bassitt, Chris",605135,"BAL","CU","Curveball",0.5,1,"217",23.5,"55","0.196","0.283","0.292",30.5,16.4,14.1,"0.239","0.324","0.305",13.2
"Mikolas, Miles",571945,"WSH","FF","4-Seam Fastball",-1.7,-4,"213",25.3,"55","0.333","0.563","0.455",20.2,18.2,16.4,"0.302","0.561","0.409",63.2
"Webb, Jacob",657097,"CHC","FF","4-Seam Fastball",-1.6,-4,"225",50.1,"55","0.255","0.383","0.375",23.5,23.6,15.9,"0.291","0.536","0.394",60
"Pallette, Peyton",688883,"CLE","FF","4-Seam Fastball",-0.5,-1,"231",52.3,"55","0.275","0.425","0.41",29.1,16.4,16.1,"0.281","0.466","0.423",51.6
"Assad, Javier",665871,"CHC","SI","Sinker",-0.7,-1,"178",42.6,"55","0.333","0.49","0.362",7.2,7.3,10,"0.337","0.495","0.376",61.2
"May, Dustin",669160,"STL","FC","Cutter",2,4,"227",23.7,"54","0.28","0.34","0.292",21.6,9.3,15.6,"0.266","0.377","0.296",37
"Williams, Gavin",668909,"CLE","SI","Sinker",3.9,7,"178",16,"54","0.196","0.235","0.219",14.8,24.1,40.6,"0.287","0.501","0.355",68.4
"Freeland, Kyle",607536,"COL","FF","4-Seam Fastball",-5.1,-10,"202",26.4,"54","0.404","0.851","0.549",13.1,13,10.8,"0.338","0.628","0.447",42.5
"Uribe, Abner",682842,"MIL","SI","Sinker",0.9,2,"219",65,"54","0.229","0.313","0.314",19.1,20.4,24.4,"0.287","0.396","0.332",39.5
"Gordon, Tanner",685299,"COL","FF","4-Seam Fastball",1,2,"180",34.8,"54","0.234","0.426","0.314",29.9,31.5,25.4,"0.219","0.441","0.321",56.3
"Anderson, Drew",623454,"DET","CH","Changeup",-0.6,-1,"201",32.8,"54","0.18","0.36","0.262",37,35.2,20.7,"0.157","0.256","0.215",32.3
"Prielipp, Connor",687570,"MIN","SL","Slider",0.6,1,"202",32.9,"54","0.152","0.283","0.251",30.6,29.6,19,"0.17","0.322","0.26",40.6
"Burrows, Mike",681347,"HOU","SL","Slider",-0.7,-1,"155",15.3,"54","0.283","0.434","0.317",30,20.4,23.9,"0.223","0.337","0.247",28.6
"Cruz, Fernando",518585,"NYY","FS","Split-Finger",-0.1,0,"204",51.9,"54","0.149","0.234","0.234",53.9,48.1,28.9,"0.126","0.192","0.21",19
"Boyd, Matthew",571510,"CHC","FF","4-Seam Fastball",-0.9,-2,"219",50.9,"54","0.347","0.49","0.411",24,25.9,18.9,"0.293","0.52","0.376",71.4
"Bruihl, Justin",677865,"STL","SI","Sinker",0.4,1,"212",45.3,"54","0.295","0.432","0.386",13.3,1.9,3.6,"0.304","0.411","0.382",55.8
"Sabrowski, Erik",681870,"CLE","FF","4-Seam Fastball",1.4,3,"237",66.2,"53","0.103","0.205","0.267",30.3,41.5,31,"0.131","0.288","0.313",44.4
"Ginkel, Kevin",656464,"AZ","SL","Slider",2.5,5,"187",51.4,"53","0.122","0.184","0.175",41.3,32.1,23.9,"0.137","0.212","0.191",34.4
"Ashcraft, Graham",668933,"CIN","FC","Cutter",-0.8,-2,"231",51.3,"53","0.308","0.462","0.463",19.4,7.5,7.3,"0.278","0.458","0.424",37.1
"Bradley, Taj",671737,"MIN","FC","Cutter",0.5,1,"215",22.3,"53","0.184","0.245","0.226",36.8,32.1,25.8,"0.199","0.318","0.257",43.8
"Burke, Brock",656271,"CIN","FF","4-Seam Fastball",1,2,"176",41.1,"53","0.163","0.302","0.295",28.4,28.3,25,"0.193","0.305","0.297",34.5
"Lorenzen, Michael",547179,"COL","SI","Sinker",-1.6,-2,"157",14.9,"53","0.417","0.458","0.453",9.7,5.7,11.5,"0.351","0.457","0.383",51.1
"Miller, Mason",695243,"SD","SL","Slider",2.9,7,"226",54.7,"53","0.1","0.1","0.138",63,64.2,43,"0.041","0.048","0.09",6.3
"Sugano, Tomoyuki",608372,"COL","FF","4-Seam Fastball",-0.4,-1,"192",20.8,"53","0.271","0.5","0.361",13.4,18.9,13.2,"0.299","0.596","0.408",60.5
"Pomeranz, Drew",519141,"LAA","FF","4-Seam Fastball",-2.2,-4,"195",71.2,"53","0.295","0.636","0.424",26.5,15.1,21.6,"0.238","0.492","0.355",31.6
"Soriano, José",667755,"LAA","FS","Split-Finger",2.5,5,"215",18.6,"53","0.098","0.098","0.111",49,45.3,28.6,"0.158","0.195","0.174",11.1
"Sugano, Tomoyuki",608372,"COL","FS","Split-Finger",1.8,3,"184",19.9,"53","0.135","0.269","0.167",28.4,20.8,17.7,"0.25","0.42","0.292",28.6
"Gallen, Zac",668678,"AZ","CU","Curveball",-1.7,-3,"200",19.7,"52","0.298","0.511","0.378",23.1,17.3,11,"0.294","0.538","0.385",47.4
"Morillo, Juan",666661,"AZ","FF","4-Seam Fastball",0.9,2,"191",51.5,"52","0.178","0.289","0.271",30.3,36.5,26,"0.157","0.265","0.237",48.1
"Glasnow, Tyler",607192,"LAD","CU","Curveball",0.6,1,"177",29.5,"52","0.082","0.184","0.144",50,57.7,33,"0.079","0.13","0.125",42.1
"Winn, Keaton",676775,"SF","FS","Split-Finger",2.1,4,"184",50.8,"52","0.128","0.17","0.192",38.4,32.7,20.7,"0.172","0.242","0.218",22.6
"Bibee, Tanner",676440,"CLE","CH","Changeup",0.5,1,"205",19.5,"52","0.116","0.209","0.239",39.1,30.8,23.9,"0.173","0.262","0.263",21.4
"May, Dustin",669160,"STL","SI","Sinker",0.2,0,"164",17.1,"52","0.271","0.417","0.351",13.6,11.5,15.8,"0.297","0.431","0.344",59.5
"Petersen, Michael",656848,"MIA","FF","4-Seam Fastball",2.3,4,"193",56.8,"52","0.156","0.244","0.243",26.4,26.9,21.5,"0.186","0.424","0.316",45.2
"Irvin, Jake",663623,"WSH","SI","Sinker",-0.8,-2,"228",24,"52","0.318","0.659","0.46",9.6,11.5,14.3,"0.333","0.718","0.473",51.3
"Vásquez, Randy",681190,"SD","FC","Cutter",-1.6,-4,"241",24.7,"52","0.372","0.674","0.461",21.8,11.5,13.6,"0.302","0.591","0.422",41
"King, Michael",650633,"SD","FF","4-Seam Fastball",1.5,4,"229",21,"52","0.125","0.15","0.272",33.3,40.4,25.6,"0.144","0.221","0.283",31.6
"Wheeler, Zack",554430,"PHI","FF","4-Seam Fastball",2.4,6,"242",37.2,"52","0.104","0.313","0.211",29.8,30.8,23.5,"0.132","0.294","0.219",43.8
"Eovaldi, Nathan",543135,"TEX","FC","Cutter",-1.6,-3,"214",21.2,"52","0.261","0.543","0.414",30.6,15.4,14.3,"0.316","0.627","0.434",36.8
"Severino, Luis",622663,"ATH","FF","4-Seam Fastball",-0.4,-1,"230",21.2,"52","0.298","0.447","0.357",26.1,30.8,17.8,"0.233","0.369","0.3",48.4
"Arrighetti, Spencer",681293,"HOU","FF","4-Seam Fastball",1.9,4,"227",30,"52","0.146","0.195","0.265",16.7,11.5,12.8,"0.278","0.486","0.404",42.9
"Weiss, Ryan",680802,"HOU","FF","4-Seam Fastball",-5.1,-10,"196",37,"52","0.409","0.886","0.566",15.6,17.3,16.1,"0.356","0.717","0.491",57.1
"Fedde, Erick",607200,"CWS","FC","Cutter",-2.1,-4,"201",21.5,"52","0.319","0.723","0.461",11.6,7.7,11.8,"0.291","0.631","0.417",48.8
"Lee, Dylan",669276,"ATL","SL","Slider",2,5,"223",54.4,"51","0.167","0.354","0.231",45.4,37.3,25.3,"0.153","0.221","0.194",30
"Williams, Devin",642207,"NYM","CH","Changeup",-0.4,-1,"168",49.1,"51","0.283","0.478","0.355",43.8,35.3,29.5,"0.215","0.378","0.29",27.6
"Schultz, Noah",702273,"CWS","SI","Sinker",-0.4,-1,"171",26.2,"51","0.256","0.487","0.393",6,5.9,11.5,"0.29","0.481","0.402",42.1
"Brazobán, Huascar",623211,"NYM","SI","Sinker",0.7,2,"212",49.1,"51","0.19","0.333","0.335",22.5,11.8,25,"0.224","0.314","0.308",27
"Beeks, Jalen",656222,"TEX","FF","4-Seam Fastball",0.3,1,"180",51,"51","0.255","0.447","0.323",13.2,17.6,18.4,"0.27","0.429","0.324",43.6
"Manaea, Sean",640455,"NYM","ST","Sweeper",-0.8,-2,"212",32.8,"51","0.25","0.364","0.322",31,33.3,21.3,"0.197","0.313","0.262",24.1
"Schultz, Noah",702273,"CWS","FF","4-Seam Fastball",0.6,1,"162",24.8,"51","0.163","0.326","0.282",25,29.4,19.5,"0.202","0.322","0.298",35.7
"Varland, Louis",686973,"TOR","FF","4-Seam Fastball",2,4,"222",43.3,"51","0.209","0.256","0.269",25.2,37.3,21.8,"0.154","0.173","0.219",32
"Bradish, Kyle",680694,"BAL","FF","4-Seam Fastball",0.5,1,"202",19.6,"51","0.295","0.432","0.393",16.1,9.8,22.7,"0.305","0.517","0.399",35.9
"Martin, Davis",663436,"CWS","SI","Sinker",2.3,4,"163",16.2,"51","0.25","0.341","0.324",9.2,7.8,16,"0.25","0.352","0.321",50
"Scholtens, Jesse",669947,"TB","SL","Slider",-1.2,-2,"195",32.4,"51","0.245","0.49","0.377",14.7,9.8,11.6,"0.338","0.58","0.402",43.2
"Abbott, Andrew",671096,"CIN","ST","Sweeper",-0.4,-1,"221",20.6,"51","0.245","0.388","0.275",27.3,35.3,17.6,"0.189","0.346","0.233",34.4
"Castillo, Luis",622491,"SEA","SL","Slider",0,0,"254",26.1,"51","0.239","0.37","0.323",31.9,23.5,14.1,"0.232","0.339","0.289",44.1
"McClanahan, Shane",663556,"TB","SL","Slider",2.6,5,"175",21.8,"51","0.17","0.234","0.218",29.6,23.5,25,"0.227","0.389","0.297",40
"Montero, Keider",672456,"DET","SI","Sinker",1.4,2,"161",20.2,"50","0.222","0.356","0.279",10.8,8,16.7,"0.249","0.36","0.308",42.9
"Cameron, Noah",702070,"KC","FC","Cutter",-0.7,-1,"170",19.5,"50","0.326","0.522","0.39",28.1,10,17.9,"0.324","0.511","0.383",39
"Cameron, Noah",702070,"KC","CH","Changeup",0.2,0,"179",20.5,"50","0.227","0.318","0.293",30.1,26,22.8,"0.22","0.299","0.28",29
"Irvin, Jake",663623,"WSH","CU","Curveball",1.9,5,"243",25.6,"50","0.114","0.136","0.181",43.9,40,20.2,"0.165","0.214","0.229",20.8
"Kelly, Merrill",518876,"AZ","FF","4-Seam Fastball",-1.1,-2,"197",26,"50","0.286","0.476","0.38",14,6,7.9,"0.337","0.666","0.462",47.5
"Woods Richardson, Simeon",680573,"MIN","SL","Slider",-2.7,-5,"203",23.6,"50","0.356","0.578","0.448",17.4,10,9.8,"0.331","0.527","0.401",50
"Ray, Robbie",592662,"SF","CH","Changeup",1.4,2,"175",16.8,"50","0.227","0.364","0.27",28,22,20.4,"0.22","0.365","0.283",27.8
"Skenes, Paul",694973,"PIT","CH","Changeup",1,2,"180",17.4,"50","0.191","0.298","0.225",38,34,17.9,"0.19","0.249","0.207",16.1
"Messick, Parker",800048,"CLE","SI","Sinker",2.9,5,"176",16.2,"49","0.227","0.318","0.275",11.5,4.1,10,"0.382","0.529","0.419",48.8
"Nola, Aaron",605400,"PHI","SI","Sinker",-2.2,-4,"185",19.1,"49","0.349","0.581","0.421",11,14.3,12.3,"0.35","0.624","0.437",45.9
"Sugano, Tomoyuki",608372,"COL","SI","Sinker",-0.6,-1,"178",19.3,"49","0.39","0.537","0.408",1.4,2,2.9,"0.423","0.628","0.502",60.5
"Peralta, Freddy",642547,"NYM","CU","Curveball",-2,-3,"157",13.8,"49","0.244","0.556","0.363",32.9,34.7,21.5,"0.213","0.384","0.29",42.9
"Castillo, Luis",622491,"SEA","SI","Sinker",-0.1,0,"169",17.4,"49","0.311","0.4","0.362",9.2,10.2,14.3,"0.375","0.635","0.454",55
"Griffin, Foster",656492,"WSH","FF","4-Seam Fastball",-1.9,-4,"197",17.7,"49","0.211","0.526","0.394",16.7,28.6,17.7,"0.222","0.502","0.392",37.5
"Leiter, Jack",683004,"TEX","SL","Slider",-0.5,-1,"182",17.8,"49","0.256","0.488","0.362",37,30.6,26.8,"0.287","0.519","0.385",53.6
"Severino, Luis",622663,"ATH","FC","Cutter",-1.4,-3,"225",20.7,"49","0.3","0.475","0.438",18.1,8.2,12.1,"0.242","0.388","0.349",22.2
"Morán, Jovani",663558,"BOS","FF","4-Seam Fastball",1.2,2,"183",39.3,"49","0.154","0.359","0.304",23.4,22.4,28.9,"0.173","0.306","0.293",31
"Graceffo, Gordon",700669,"STL","FF","4-Seam Fastball",2.7,5,"165",42.7,"49","0.205","0.364","0.274",11,10.2,17.9,"0.305","0.578","0.394",62.5
"Strider, Spencer",675911,"ATL","FF","4-Seam Fastball",-0.9,-2,"214",47.7,"49","0.25","0.55","0.401",20.6,12.2,11.5,"0.262","0.503","0.393",38.2
"Ramírez, Yohan",670990,"PIT","ST","Sweeper",1,2,"195",36.8,"49","0.171","0.268","0.291",34.8,36.7,25.4,"0.181","0.235","0.266",34.8
"Senzatela, Antonio",622608,"COL","FF","4-Seam Fastball",1,2,"156",35.4,"49","0.214","0.31","0.295",34,32.7,22.9,"0.24","0.342","0.315",42.3
"Corbin, Patrick",571578,"TOR","SL","Slider",2.4,5,"197",25.2,"49","0.13","0.196","0.161",38.7,38.8,23.8,"0.153","0.204","0.187",35.7
"Baker, Bryan",641329,"TB","CH","Changeup",2.7,5,"179",45.1,"49","0.149","0.213","0.164",41.8,36.7,23.7,"0.154","0.183","0.169",13.3
"Raley, Brooks",548384,"NYM","ST","Sweeper",3,5,"158",46.1,"48","0.159","0.227","0.211",25.9,37.5,30,"0.2","0.325","0.264",23.1
"Megill, Trevor",656730,"MIL","FF","4-Seam Fastball",0.8,2,"197",60.8,"48","0.262","0.357","0.315",24.5,25,23.5,"0.276","0.477","0.361",58.1
"Bednar, David",670280,"NYY","FS","Split-Finger",2.2,3,"153",34.2,"48","0.13","0.152","0.205",36.6,35.4,21.8,"0.145","0.16","0.157",41.4
"Rea, Colin",607067,"CHC","FS","Split-Finger",2,4,"185",18.5,"48","0.143","0.19","0.215",32.2,20.8,15.2,"0.196","0.327","0.282",34.4
"Buehler, Walker",621111,"SD","FC","Cutter",0.7,2,"213",24.3,"48","0.293","0.366","0.349",17.6,12.5,18.2,"0.31","0.426","0.374",37.1
"Nardi, Andrew",677053,"MIA","FF","4-Seam Fastball",1,2,"181",47.9,"48","0.25","0.3","0.311",29,29.2,25,"0.252","0.406","0.344",48.1
"Lawrence, Justin",664875,"PIT","SI","Sinker",-2,-3,"165",42.2,"48","0.282","0.462","0.465",11.7,2.1,7.7,"0.391","0.529","0.454",44.7
"Morejon, Adrian",670970,"SD","SI","Sinker",1.1,2,"216",46.9,"48","0.25","0.295","0.298",21.3,4.2,5.1,"0.302","0.356","0.321",23.8
"Thompson, Ryan",657044,"AZ","SI","Sinker",1.1,2,"193",68,"48","0.214","0.357","0.32",16.5,10.4,14.7,"0.245","0.305","0.296",37.8
"Skubal, Tarik",669373,"DET","CH","Changeup",2.3,4,"161",25.7,"48","0.149","0.234","0.194",49.5,39.6,26.8,"0.188","0.234","0.194",25
"Scott, Tanner",656945,"LAD","SL","Slider",4.5,7,"166",48.1,"48","0.109","0.109","0.123",38.5,31.3,25,"0.184","0.238","0.204",22.6
"Cavalli, Cade",676917,"WSH","SI","Sinker",-0.9,-1,"158",15.6,"48","0.39","0.439","0.435",11.1,14.6,29.2,"0.283","0.364","0.342",52.9
"Brubaker, JT",664141,"SF","SI","Sinker",1,2,"217",46.1,"48","0.238","0.31","0.316",14.1,18.8,23.7,"0.304","0.474","0.379",45.5
"Kimbrel, Craig",518886,"TB","FF","4-Seam Fastball",0,0,"193",74.2,"48","0.256","0.558","0.355",26.2,25,19.7,"0.238","0.414","0.299",33.3
"Woo, Bryan",693433,"SEA","ST","Sweeper",0.6,1,"152",14.7,"48","0.188","0.292","0.225",38.1,33.3,24.2,"0.211","0.326","0.231",37.5
"Pérez, Martín",527048,"ATL","FC","Cutter",-0.5,-1,"166",20.8,"48","0.279","0.605","0.396",16.2,25,27.9,"0.27","0.443","0.338",50
"Roupp, Landen",694738,"SF","CH","Changeup",0.6,1,"197",18.9,"48","0.159","0.205","0.223",32.4,25,14.8,"0.252","0.307","0.283",21.9
"Banda, Anthony",607455,"MIN","SL","Slider",-1.2,-2,"188",42.2,"48","0.186","0.349","0.308",37.5,35.4,23.9,"0.179","0.268","0.26",38.5
"Bradish, Kyle",680694,"BAL","CU","Curveball",1.4,3,"233",22.7,"47","0.156","0.244","0.198",44,36.2,23,"0.168","0.244","0.198",42.9
"Suarez, Robert",663158,"ATL","FF","4-Seam Fastball",2.5,4,"176",46.8,"47","0.143","0.238","0.239",20.4,25.5,17.6,"0.201","0.355","0.285",36.7
"Ureña, Walbert",700712,"LAA","FF","4-Seam Fastball",0.7,1,"170",22.4,"47","0.158","0.211","0.302",24.1,23.4,16.9,"0.132","0.167","0.239",29.6
"Burke, Sean",680732,"CWS","CU","Curveball",-1.3,-3,"217",22.3,"47","0.267","0.444","0.335",22.9,34,20,"0.256","0.348","0.295",44.8
"Klein, Will",694361,"LAD","FF","4-Seam Fastball",3.6,7,"184",51,"47","0.133","0.133","0.167",21.1,29.8,25,"0.226","0.272","0.239",35.5
"Luzardo, Jesús",666200,"PHI","SI","Sinker",1.4,2,"158",13.7,"47","0.341","0.432","0.374",9.2,2.1,25,"0.31","0.382","0.32",38.6
"Yesavage, Trey",702056,"TOR","FS","Split-Finger",1.4,3,"200",32.5,"47","0.171","0.22","0.213",42,25.5,14.8,"0.208","0.289","0.258",22.6
"Kilian, Caleb",668873,"SF","FF","4-Seam Fastball",1.9,4,"194",49.5,"47","0.154","0.231","0.262",14.4,17,17,"0.208","0.321","0.293",34.4
"Abreu, Bryan",650556,"HOU","SL","Slider",-1.4,-3,"187",50.3,"47","0.231","0.436","0.353",39.2,29.8,24.6,"0.191","0.404","0.327",48
"Dollander, Chase",801403,"COL","SI","Sinker",0.8,1,"178",24,"47","0.225","0.325","0.331",15.4,6.4,15,"0.283","0.407","0.343",44.7
"Abbott, Andrew",671096,"CIN","CH","Changeup",-0.8,-1,"191",17.8,"47","0.279","0.372","0.32",42.9,17,17.8,"0.239","0.317","0.28",17.1
"Estrada, Jeremiah",669093,"SD","FF","4-Seam Fastball",2.8,5,"166",57.6,"46","0.175","0.2","0.226",27.8,21.7,23.8,"0.256","0.417","0.333",38.7
"Seymour, Ian",693855,"TB","CH","Changeup",2,3,"156",33.7,"46","0.159","0.227","0.19",32.9,32.6,24.6,"0.215","0.332","0.254",48.3
"Sewald, Paul",623149,"AZ","FF","4-Seam Fastball",0.8,1,"191",59.9,"46","0.146","0.439","0.28",21.4,26.1,21.4,"0.199","0.532","0.339",50
"Lambert, Peter",663567,"HOU","CH","Changeup",-1.2,-2,"174",22.8,"46","0.278","0.333","0.367",40.9,26.1,19.4,"0.195","0.244","0.295",28
"Keller, Mitch",656605,"PIT","SI","Sinker",-0.6,-1,"171",16.4,"46","0.333","0.359","0.368",17.6,10.9,18.5,"0.341","0.425","0.388",44.1
"Sterner, Justin",686993,"ATH","FF","4-Seam Fastball",2.1,4,"183",40.8,"46","0.225","0.25","0.266",18.8,17.4,13.6,"0.227","0.351","0.297",51.5
"Bender, Anthony",669622,"MIA","ST","Sweeper",3.5,6,"165",48,"46","0.119","0.143","0.151",23.5,39.1,25.4,"0.156","0.256","0.205",28
"Vesia, Alex",681911,"LAD","FF","4-Seam Fastball",0.3,1,"191",55,"46","0.184","0.237","0.274",23.9,23.9,19,"0.194","0.305","0.3",37
"Phillips, Tyler",663969,"MIA","SI","Sinker",0.6,1,"165",26.3,"46","0.237","0.263","0.325",4.5,2.2,4.3,"0.279","0.386","0.36",37.8
"Bigge, Hunter",685801,"TB","FF","4-Seam Fastball",1.3,2,"164",51.4,"46","0.179","0.256","0.267",18.3,13,24,"0.214","0.312","0.298",36.4
"Early, Connelly",813349,"BOS","SI","Sinker",1.2,2,"186",18.8,"46","0.231","0.308","0.313",11.1,19.6,32.1,"0.26","0.399","0.347",36.7
"Suarez, Ranger",624133,"BOS","FC","Cutter",1.9,3,"166",20.2,"46","0.233","0.395","0.301",12.1,13,18.8,"0.246","0.412","0.304",34.2
"Kikuchi, Yusei",579328,"LAA","FF","4-Seam Fastball",-2,-4,"192",33.9,"46","0.341","0.477","0.354",20.6,21.7,14.7,"0.276","0.405","0.297",48.6
"Civale, Aaron",650644,"ATH","SI","Sinker",-4,-7,"179",19.4,"46","0.39","0.805","0.509",10.8,15.2,14,"0.329","0.622","0.431",62.9
"Scholtens, Jesse",669947,"TB","SI","Sinker",1.8,3,"147",24.5,"45","0.22","0.366","0.29",20.5,15.6,21.2,"0.265","0.419","0.328",29.4
"Zeferjahn, Ryan",666171,"LAA","ST","Sweeper",1.8,3,"171",34.5,"45","0.125","0.325","0.242",40.7,35.6,27.6,"0.154","0.305","0.25",33.3
"Taillon, Jameson",592791,"CHC","FC","Cutter",-1.2,-2,"196",19.7,"45","0.25","0.55","0.376",27.3,15.6,20,"0.267","0.631","0.41",54.5
"Gray, Sonny",543243,"BOS","FC","Cutter",1.6,3,"177",22.5,"45","0.275","0.35","0.321",12.2,0,0,"0.298","0.444","0.36",22.5
"Moll, Sam",594580,"CIN","SI","Sinker",1.3,2,"155",37.7,"45","0.257","0.286","0.377",15.6,8.9,16.7,"0.268","0.362","0.379",35.5
"Abreu, Bryan",650556,"HOU","FF","4-Seam Fastball",-1.2,-2,"185",49.7,"45","0.222","0.481","0.451",25.4,20,23.7,"0.218","0.395","0.431",57.9
"Gray, Sonny",543243,"BOS","FF","4-Seam Fastball",0.9,1,"147",18.7,"45","0.3","0.525","0.408",15.2,6.7,17.6,"0.324","0.483","0.388",32.4
"Ginn, J.T.",669372,"ATH","SL","Slider",-1.1,-2,"155",16.8,"45","0.267","0.467","0.312",29,28.9,22,"0.241","0.348","0.252",37.5
"Suarez, José",660761,"ATH","FF","4-Seam Fastball",-1.1,-2,"209",39.8,"45","0.344","0.5","0.447",23.3,15.6,11.5,"0.266","0.353","0.378",30.8
"Jansen, Kenley",445276,"DET","FC","Cutter",0.9,2,"210",79.5,"45","0.162","0.324","0.293",27.3,24.4,20,"0.241","0.372","0.34",26.9
"Bibee, Tanner",676440,"CLE","SI","Sinker",0.3,1,"166",15.8,"45","0.279","0.395","0.331",21.9,20,23.1,"0.294","0.476","0.346",47.1
"Warren, Will",701542,"NYY","ST","Sweeper",-0.3,-1,"220",22.6,"45","0.326","0.442","0.356",23,17.8,15.4,"0.31","0.461","0.349",30.6
"Freeland, Kyle",607536,"COL","CU","Curveball",-3.3,-6,"173",22.6,"45","0.359","0.615","0.448",31.5,24.4,19,"0.328","0.468","0.392",51.7
"Romero, JoJo",668941,"STL","SI","Sinker",1.7,3,"189",42.8,"45","0.256","0.256","0.312",16.9,11.1,22.7,"0.281","0.401","0.341",57.1
"Lord, Brad",695418,"WSH","FF","4-Seam Fastball",0.1,0,"229",36.9,"45","0.3","0.4","0.374",28.2,31.1,14.9,"0.262","0.392","0.318",63
"Walker, Ryan",676254,"SF","SI","Sinker",-2,-4,"203",68.8,"45","0.378","0.541","0.447",14.7,22.2,16.9,"0.236","0.382","0.333",35.7
"Weaver, Luke",596133,"NYM","FF","4-Seam Fastball",1.3,3,"194",50.1,"45","0.25","0.3","0.305",18.1,24.4,22.4,"0.227","0.298","0.271",33.3
"Gómez, Yoendrys",672782,"MIN","FF","4-Seam Fastball",-1.1,-2,"183",42.1,"45","0.216","0.541","0.381",25,26.7,18.8,"0.258","0.589","0.416",44
"Sulser, Cole",642121,"TB","FF","4-Seam Fastball",0.4,1,"180",45.8,"45","0.238","0.452","0.319",16,17.8,17.4,"0.259","0.525","0.356",47.1
"Bruihl, Justin",677865,"STL","ST","Sweeper",-1.2,-2,"162",34.6,"45","0.265","0.353","0.319",21.4,22.2,16.1,"0.241","0.326","0.327",32.1
"Mejia, Juan",675848,"COL","ST","Sweeper",-0.6,-1,"222",43.3,"45","0.275","0.4","0.338",43.9,26.7,17.9,"0.204","0.333","0.283",32.1
"Miles, Spencer",693686,"TOR","SI","Sinker",4,7,"182",35.5,"45","0.175","0.175","0.218",23.6,15.6,21.2,"0.251","0.302","0.292",30.3
"Rodriguez, Bradgley",699134,"SD","CH","Changeup",3.2,6,"187",42.5,"45","0.095","0.143","0.162",41,33.3,21.1,"0.123","0.185","0.17",25.9
"Wacha, Michael",608379,"KC","FC","Cutter",-0.6,-1,"157",15.5,"44","0.35","0.625","0.433",16,20.5,25.7,"0.244","0.438","0.318",50
"King, Michael",650633,"SD","ST","Sweeper",0,0,"214",19.7,"44","0.268","0.39","0.314",29,18.2,14.8,"0.249","0.396","0.304",30.3
"Ashcraft, Braxton",677952,"PIT","SI","Sinker",1.9,3,"148",15.1,"44","0.256","0.308","0.291",21.8,6.8,21.4,"0.304","0.369","0.332",45.9
"Lopez, Jacob",682052,"ATH","FC","Cutter",-0.6,-1,"182",19.7,"44","0.333","0.485","0.425",22.6,11.4,14.7,"0.27","0.375","0.369",31
"Eovaldi, Nathan",543135,"TEX","CU","Curveball",1.5,3,"202",20,"44","0.143","0.238","0.188",39.4,31.8,19.4,"0.139","0.221","0.18",28.6
"Morán, Jovani",663558,"BOS","CH","Changeup",-0.5,-1,"166",35.6,"44","0.231","0.41","0.306",43.1,36.4,25.8,"0.193","0.324","0.26",29.2
"Faucher, Calvin",676534,"MIA","FC","Cutter",1.1,2,"171",45.4,"44","0.226","0.226","0.342",21.8,9.1,10.8,"0.288","0.384","0.405",53.6
"Patrick, Chad",694477,"MIL","FF","4-Seam Fastball",0.5,1,"180",24.8,"44","0.231","0.41","0.312",25.3,15.9,11.9,"0.258","0.445","0.336",48.5
"Bernardino, Brennan",657514,"COL","SI","Sinker",1,2,"151",41.9,"44","0.341","0.488","0.392",18.3,15.9,20,"0.258","0.387","0.307",32.4
"Flaherty, Jack",656427,"DET","CU","Curveball",-1.7,-3,"207",19.8,"44","0.256","0.385","0.379",37.4,29.5,15.3,"0.261","0.405","0.325",33.3
"Burke, Sean",680732,"CWS","SI","Sinker",0.3,0,"155",15.9,"44","0.231","0.359","0.305",6.5,6.8,10.7,"0.25","0.369","0.315",36.1
"Webb, Jacob",657097,"CHC","CH","Changeup",-0.2,0,"165",36.7,"44","0.262","0.357","0.297",48.5,40.9,25.4,"0.204","0.316","0.244",20.8
"Bassitt, Chris",605135,"BAL","FC","Cutter",-1.8,-4,"204",22.1,"44","0.359","0.564","0.415",22,15.9,10.4,"0.317","0.474","0.371",39.4
"Suárez, Albert",544150,"BAL","FF","4-Seam Fastball",1,2,"165",51.7,"44","0.216","0.297","0.299",14.9,11.4,10.9,"0.275","0.451","0.37",40.6
"Dreyer, Jack",676263,"LAD","FF","4-Seam Fastball",2.7,5,"171",50,"43","0.189","0.189","0.233",20.7,30.2,24.1,"0.189","0.252","0.251",48
"Wacha, Michael",608379,"KC","SI","Sinker",1.7,2,"149",14.7,"43","0.088","0.235","0.272",19.2,20.9,20.5,"0.257","0.431","0.378",48
"Rogers, Taylor",573124,"MIN","ST","Sweeper",0.5,1,"169",45.2,"43","0.317","0.39","0.329",22.1,23.3,20.8,"0.232","0.294","0.252",19.4
"Mikolas, Miles",571945,"WSH","SL","Slider",1.4,2,"172",20.4,"43","0.15","0.325","0.234",20.3,11.6,11.1,"0.253","0.489","0.342",38.9
"Newcomb, Sean",656794,"CWS","SI","Sinker",1.4,2,"147",28.4,"43","0.282","0.41","0.336",11.6,9.3,16,"0.321","0.487","0.381",40
"De Los Santos, Enyel",660853,"HOU","FF","4-Seam Fastball",1.5,2,"155",43.4,"43","0.225","0.3","0.262",21.6,30.2,21.7,"0.225","0.336","0.273",51.9
"Blubaugh, AJ",805123,"HOU","CH","Changeup",1.5,2,"154",24.4,"43","0.139","0.167","0.182",29.9,18.6,15.7,"0.2","0.276","0.245",32.3
"Peterson, David",656849,"NYM","FF","4-Seam Fastball",-1.5,-3,"196",22,"43","0.325","0.475","0.37",16.5,18.6,15.7,"0.24","0.321","0.274",25
"Holderman, Colin",670059,"CLE","SI","Sinker",3.1,5,"158",51.8,"43","0.184","0.184","0.249",19.4,16.3,18.9,"0.255","0.386","0.323",45.2
"Sproat, Brandon",687075,"MIL","FC","Cutter",0,0,"234",26.7,"43","0.306","0.528","0.398",22.9,11.6,15.2,"0.273","0.489","0.369",36.4
"Peralta, Wandy",593974,"SD","SI","Sinker",-1.5,-3,"170",38.3,"43","0.333","0.556","0.433",14.1,11.6,17.2,"0.203","0.357","0.311",35.5
"Morris, Andrew",702193,"MIN","FF","4-Seam Fastball",2,4,"176",41,"43","0.222","0.25","0.263",19.1,25.6,19.3,"0.205","0.244","0.254",22.2
"Sproat, Brandon",687075,"MIL","FF","4-Seam Fastball",-0.2,0,"163",18.6,"43","0.194","0.361","0.31",22.2,37.2,27.1,"0.215","0.426","0.339",60
"Phillips, Tyler",663969,"MIA","FS","Split-Finger",2,3,"162",25.8,"43","0.103","0.128","0.199",35.6,27.9,20.7,"0.165","0.225","0.218",25.9
"Vodnik, Victor",680767,"COL","FF","4-Seam Fastball",-2,-3,"163",48.5,"43","0.4","0.486","0.458",25,16.3,18.9,"0.284","0.475","0.395",42.9
"Fluharty, Mason",689254,"TOR","ST","Sweeper",1.6,2,"153",40.3,"42","0.162","0.27","0.23",41.7,35.7,31.3,"0.123","0.175","0.18",21.7
"Scott, Tanner",656945,"LAD","FF","4-Seam Fastball",0,0,"179",51.9,"42","0.22","0.439","0.288",30.2,31,22.4,"0.285","0.498","0.343",35.7
"Hoffman, Jeff",656546,"TOR","SL","Slider",-1.2,-2,"179",36.2,"42","0.359","0.487","0.396",53.2,47.6,37,"0.227","0.27","0.268",42.1
"Peralta, Wandy",593974,"SD","CH","Changeup",1,2,"159",35.8,"42","0.2","0.325","0.248",33.3,19,13.8,"0.292","0.4","0.319",37.5
"Vest, Will",676684,"DET","FF","4-Seam Fastball",-1.5,-2,"149",46.4,"42","0.361","0.556","0.433",19.4,21.4,20,"0.243","0.459","0.347",42.9
"Patrick, Chad",694477,"MIL","SI","Sinker",-0.8,-1,"149",20.5,"42","0.324","0.5","0.396",14.8,14.3,17.1,"0.29","0.475","0.374",43.3
"Bradley, Taj",671737,"MIN","FS","Split-Finger",0.4,1,"203",21.1,"42","0.225","0.325","0.26",44.4,33.3,23.3,"0.218","0.28","0.239",42.3
"Mahle, Tyler",641816,"SF","FC","Cutter",-0.8,-1,"151",15.6,"42","0.351","0.568","0.407",7.8,11.9,33.3,"0.307","0.453","0.345",35.3
"López, Reynaldo",625643,"ATL","SL","Slider",-2.3,-4,"184",32.1,"42","0.278","0.472","0.358",30.4,23.8,16.9,"0.342","0.558","0.415",37
"Taillon, Jameson",592791,"CHC","CH","Changeup",-3.6,-5,"148",14.9,"42","0.317","0.659","0.438",28.9,16.7,14.9,"0.285","0.495","0.342",20.6
"Topa, Justin",623437,"MIN","SI","Sinker",-2.9,-4,"153",42.6,"42","0.417","0.5","0.493",12.5,11.9,16.7,"0.328","0.465","0.395",48.4
"Mlodzinski, Carmen",669387,"PIT","SI","Sinker",-0.5,-1,"184",19.6,"42","0.333","0.5","0.392",7,4.8,8.3,"0.385","0.578","0.446",60
"Gage, Matt",657424,"SF","SL","Slider",-1.4,-3,"181",48.3,"42","0.278","0.583","0.414",22.9,11.9,15.2,"0.311","0.578","0.417",37.5
"Tolle, Payton",801139,"BOS","SI","Sinker",-1.3,-2,"146",24.8,"42","0.324","0.459","0.405",14.7,7.1,21.4,"0.323","0.472","0.386",50
"Cantillo, Joey",676282,"CLE","CU","Curveball",0.9,2,"182",18.1,"41","0.211","0.211","0.249",29.6,34.1,20.3,"0.209","0.242","0.234",33.3
"Varland, Gus",681402,"WSH","SL","Slider",-1,-2,"151",42.9,"41","0.257","0.429","0.309",27.6,22,20,"0.303","0.515","0.358",37.9
"Glasnow, Tyler",607192,"LAD","FF","4-Seam Fastball",-1.3,-2,"174",29,"41","0.297","0.649","0.407",11.8,14.6,13.6,"0.312","0.57","0.389",46.9
"Márquez, Germán",608566,"SD","CU","Curveball",0.3,1,"190",37.9,"41","0.22","0.39","0.26",27.7,22,15.3,"0.247","0.416","0.283",43.8
"Bello, Brayan",678394,"BOS","CH","Changeup",0.1,0,"146",15.5,"41","0.263","0.368","0.272",30.7,19.5,17,"0.258","0.373","0.275",37.5
"Miller, Mason",695243,"SD","FF","4-Seam Fastball",1.8,3,"175",42.4,"41","0.156","0.156","0.246",41.6,34.1,27.5,"0.183","0.231","0.279",21.1
"Griffin, Foster",656492,"WSH","ST","Sweeper",-0.1,0,"169",15.2,"41","0.256","0.41","0.306",35.8,29.3,21.1,"0.278","0.423","0.319",37
"McCullers Jr., Lance",621121,"HOU","FC","Cutter",0.3,0,"188",27,"41","0.265","0.471","0.378",20,14.6,19.4,"0.264","0.426","0.363",53.6
"Enns, Dietrich",608650,"BAL","FF","4-Seam Fastball",2.6,4,"160",55,"41","0.171","0.286","0.268",22.5,17.1,15.2,"0.207","0.358","0.308",53.6
"Martin, Davis",663436,"CWS","SL","Slider",2.4,4,"149",14.8,"41","0.15","0.275","0.193",51.2,53.7,36.7,"0.146","0.238","0.178",33.3
"Gil, Luis",661563,"NYY","FF","4-Seam Fastball",-1.3,-2,"152",45.1,"41","0.278","0.583","0.402",9.5,4.9,4.9,"0.297","0.554","0.402",50
"Kerkering, Orion",689147,"PHI","ST","Sweeper",1.8,3,"164",44.4,"41","0.158","0.263","0.218",28.9,31.7,25.5,"0.164","0.225","0.207",16
"Skenes, Paul",694973,"PIT","SI","Sinker",2.6,4,"149",14.4,"41","0.162","0.27","0.257",6.6,14.6,22.2,"0.225","0.343","0.287",51.6
"Sánchez, Cristopher",650911,"PHI","SL","Slider",0.6,1,"218",18.9,"40","0.263","0.395","0.328",39.6,30,29.3,"0.243","0.405","0.298",38.5
"Romero, JoJo",668941,"STL","ST","Sweeper",1.3,2,"164",37.1,"40","0.216","0.351","0.278",27.7,37.5,26.3,"0.226","0.425","0.307",31.8
"Fluharty, Mason",689254,"TOR","FC","Cutter",-0.3,-1,"197",51.8,"40","0.353","0.382","0.376",21.4,27.5,20.4,"0.197","0.296","0.273",37.5
"Miller, Erik",669062,"SF","SI","Sinker",1,1,"157",45,"40","0.161","0.29","0.306",17.2,22.5,20,"0.186","0.394","0.346",31.8
"Suter, Brent",608718,"LAA","CH","Changeup",2.1,3,"170",31.5,"40","0.125","0.175","0.13",34.1,22.5,12.2,"0.222","0.311","0.232",16.1
"Lowder, Rhett",695076,"CIN","SL","Slider",-3.1,-5,"163",25,"40","0.333","0.564","0.401",31.5,25,20,"0.243","0.376","0.276",37.9
"Leasure, Jordan",673929,"CWS","FF","4-Seam Fastball",1.2,2,"164",52.4,"40","0.143","0.4","0.265",18.9,20,14.3,"0.198","0.586","0.367",50
"Crochet, Garrett",676979,"BOS","FF","4-Seam Fastball",-0.9,-2,"174",33.6,"40","0.237","0.474","0.327",25.6,25,18.5,"0.239","0.434","0.304",39.3
"Seabold, Connor",657756,"TOR","FF","4-Seam Fastball",0.9,1,"164",53.6,"40","0.286","0.429","0.323",19.3,22.5,17.6,"0.214","0.294","0.248",46.4
"Pallante, Andre",669467,"STL","CU","Curveball",-2,-4,"184",18.5,"40","0.27","0.486","0.35",26.2,22.5,12.7,"0.215","0.405","0.295",35.7
"Legumina, Casey",668984,"TB","FF","4-Seam Fastball",0.6,1,"141",39.9,"40","0.25","0.389","0.299",19.7,20,15.4,"0.251","0.444","0.321",51.7
"McGreevy, Michael",700241,"STL","SI","Sinker",3,5,"162",16.8,"40","0.194","0.25","0.245",13.9,17.5,16.3,"0.28","0.345","0.315",41.4
"Baker, Bryan",641329,"TB","FF","4-Seam Fastball",1.4,3,"197",49.6,"40","0.133","0.167","0.274",30.6,22.5,13.6,"0.181","0.364","0.347",42.9
"Perkins, Jack",678022,"ATH","FF","4-Seam Fastball",0.3,1,"178",40.5,"39","0.258","0.323","0.355",17.8,17.9,13.2,"0.268","0.476","0.397",33.3
"Kay, Anthony",641743,"CWS","CH","Changeup",-0.3,-1,"155",14.6,"39","0.237","0.342","0.263",22.9,15.4,9.4,"0.247","0.34","0.266",37.5
"Lugo, Seth",607625,"KC","FF","4-Seam Fastball",-1.6,-3,"188",16.8,"39","0.4","0.543","0.44",15,23.1,19.1,"0.3","0.45","0.36",46.2
"Weiss, Ryan",680802,"HOU","ST","Sweeper",-1.7,-3,"171",32.3,"39","0.25","0.469","0.376",32.4,35.9,24.1,"0.181","0.37","0.316",55.6
"Bednar, David",670280,"NYY","FF","4-Seam Fastball",-2.4,-4,"176",39.4,"39","0.419","0.613","0.497",20.9,23.1,14.5,"0.23","0.327","0.335",50
"Newcomb, Sean",656794,"CWS","SV","Slurve",-0.6,-1,"171",33.1,"39","0.278","0.472","0.349",27.1,20.5,16,"0.29","0.4","0.33",32.1
"Santana, Dennis",642701,"PIT","SL","Slider",-2.6,-4,"148",35.4,"39","0.294","0.529","0.394",34.8,30.8,19.7,"0.237","0.406","0.329",45.5
"Bello, Brayan",678394,"BOS","FC","Cutter",-3.5,-6,"159",16.9,"39","0.361","0.833","0.536",45.5,17.9,29.2,"0.342","0.763","0.48",31
"Lawrence, Justin",664875,"PIT","ST","Sweeper",-0.2,0,"155",39.6,"39","0.147","0.294","0.251",41.3,46.2,26.9,"0.146","0.272","0.244",31.3
"Sasaki, Roki",808963,"LAD","SL","Slider",0.4,1,"192",21.4,"39","0.182","0.333","0.282",42.2,33.3,27.7,"0.146","0.217","0.227",28.6
"Maton, Phil",664208,"CHC","FC","Cutter",-0.4,-1,"153",44.1,"39","0.29","0.355","0.351",23,23.1,17.3,"0.281","0.46","0.38",43.5
"Hancock, Emerson",676106,"SEA","ST","Sweeper",0.1,0,"203",20.2,"39","0.162","0.216","0.197",35.5,41,18,"0.175","0.197","0.192",4.8
"Fried, Max",608331,"NYY","FF","4-Seam Fastball",-0.6,-1,"154",16.8,"38","0.25","0.438","0.338",20.9,34.2,22.4,"0.158","0.253","0.261",40
"Poulin, PJ",676571,"WSH","ST","Sweeper",0.4,1,"159",34.9,"38","0.133","0.4","0.318",28.2,28.9,21.6,"0.173","0.496","0.366",57.9
"McLean, Nolan",690997,"NYM","FF","4-Seam Fastball",-0.5,-1,"182",18,"38","0.242","0.455","0.349",20.7,18.4,17.1,"0.333","0.589","0.431",61.5
"Festa, Matt",670036,"CLE","FF","4-Seam Fastball",1.2,2,"163",41.4,"38","0.206","0.294","0.274",31.2,36.8,36.8,"0.224","0.341","0.272",33.3
"Hoffman, Jeff",656546,"TOR","FF","4-Seam Fastball",-1.4,-2,"168",33.9,"38","0.294","0.618","0.397",34.5,42.1,27.1,"0.183","0.374","0.299",26.3
"Mize, Casey",663554,"DET","SL","Slider",2.9,5,"175",25.1,"38","0.114","0.229","0.17",34.7,31.6,36.4,"0.171","0.355","0.253",45.8
"Prielipp, Connor",687570,"MIN","FF","4-Seam Fastball",-0.8,-2,"184",30,"38","0.25","0.393","0.371",14.4,7.9,6.4,"0.299","0.599","0.441",29.6
"Painter, Andrew",691725,"PHI","SL","Slider",0.4,1,"163",19.5,"38","0.265","0.294","0.266",37.5,36.8,26.9,"0.236","0.311","0.263",45.5
"Houser, Adrian",605288,"SF","CH","Changeup",-1.2,-2,"171",18.5,"38","0.278","0.361","0.325",30.9,23.7,15.5,"0.23","0.347","0.27",37
"Kay, Anthony",641743,"CWS","FC","Cutter",0.5,1,"185",17.5,"38","0.194","0.387","0.338",19.5,7.9,9.4,"0.296","0.653","0.455",42.9
"Pivetta, Nick",601713,"SD","FF","4-Seam Fastball",1.4,2,"163",57.6,"38","0.182","0.273","0.262",23.8,34.2,21.3,"0.133","0.245","0.231",40
"Newcomb, Sean",656794,"CWS","FF","4-Seam Fastball",2.8,4,"151",29.2,"38","0.088","0.118","0.164",38.4,47.4,33.3,"0.088","0.106","0.133",23.5
"Glasnow, Tyler",607192,"LAD","SI","Sinker",3.5,5,"152",25.4,"37","0.097","0.194","0.241",22.8,18.9,28,"0.195","0.37","0.314",29.2
"Bubic, Kris",663460,"KC","CH","Changeup",2.8,4,"162",20,"37","0.114","0.114","0.139",31.9,24.3,14.1,"0.184","0.25","0.216",34.6
"McCullers Jr., Lance",621121,"HOU","SI","Sinker",-0.2,0,"158",22.7,"37","0.25","0.5","0.368",13.1,13.5,20,"0.28","0.437","0.36",55.6
"Junk, Janson",676083,"MIA","CH","Changeup",0,0,"190",19.9,"37","0.294","0.353","0.305",32.9,13.5,9.3,"0.28","0.365","0.305",45.2
"Burke, Sean",680732,"CWS","SL","Slider",1,2,"158",16.2,"37","0.229","0.4","0.291",31.1,18.9,13.7,"0.252","0.419","0.307",28.6
"Ginn, J.T.",669372,"ATH","CH","Changeup",2.3,4,"150",16.2,"37","0.171","0.2","0.193",33.7,24.3,18.8,"0.166","0.217","0.195",23.1
"Henderson, Logan",701656,"MIL","FF","4-Seam Fastball",0.8,1,"159",44.9,"36","0.156","0.25","0.233",28.4,41.7,23.8,"0.174","0.32","0.264",41.2
"Zerpa, Angel",672582,"MIL","SI","Sinker",-0.7,-1,"147",68.1,"36","0.3","0.467","0.383",19.3,16.7,15,"0.338","0.489","0.407",52
"Cabrera, Edward",665795,"CHC","CU","Curveball",0,0,"169",19.3,"36","0.2","0.433","0.318",32.7,38.9,23.3,"0.199","0.389","0.322",52.9
"Milner, Hoby",571948,"CHC","SI","Sinker",1.6,3,"170",43.9,"36","0.273","0.394","0.293",16.4,8.3,10.7,"0.339","0.576","0.409",46.9
"Marinaccio, Ron",676760,"SD","CH","Changeup",-1.8,-3,"157",29.6,"36","0.303","0.485","0.368",27.9,11.1,7,"0.223","0.351","0.285",13.8
"Bazardo, Eduard",660825,"SEA","ST","Sweeper",-0.4,-1,"153",35.2,"36","0.281","0.469","0.343",35.4,25,17,"0.214","0.373","0.297",29.2
"Yamamoto, Yoshinobu",808967,"LAD","FC","Cutter",-3,-4,"145",15.1,"36","0.406","0.625","0.454",25.7,13.9,17.2,"0.335","0.583","0.407",25
"Teng, Kai-Wei",678906,"HOU","FF","4-Seam Fastball",-2,-3,"171",25.4,"35","0.3","0.6","0.426",15.5,20,11.1,"0.239","0.423","0.342",43.5
"Hall, DL",669084,"MIL","SI","Sinker",2.1,4,"176",37.3,"35","0.12","0.12","0.285",10.2,8.6,9.7,"0.258","0.369","0.397",36.4
"Schultz, Paxton",687606,"WSH","FC","Cutter",-1.6,-2,"148",42.3,"35","0.4","0.6","0.49",15.2,8.6,18.8,"0.362","0.667","0.467",42.9
"Lord, Brad",695418,"WSH","SL","Slider",0.6,1,"148",23.8,"35","0.206","0.294","0.283",26.3,22.9,15.4,"0.242","0.412","0.292",42.3
"Scherzer, Max",453286,"TOR","FF","4-Seam Fastball",0.3,0,"162",47.2,"34","0.3","0.533","0.396",12.6,11.8,10.3,"0.315","0.562","0.411",50
"Svanson, Matt",694335,"STL","ST","Sweeper",-1,-1,"150",31.2,"34","0.258","0.387","0.316",30.8,32.4,20.4,"0.278","0.432","0.339",35
"Pérez, Eury",691587,"MIA","ST","Sweeper",-0.4,-1,"154",14.5,"34","0.212","0.485","0.301",30.1,32.4,19.6,"0.184","0.402","0.261",27.3
"Williams, Devin",642207,"NYM","FF","4-Seam Fastball",0.3,1,"173",50.6,"34","0.2","0.28","0.327",35.6,32.4,26.2,"0.144","0.197","0.282",33.3
"Rodón, Carlos",607074,"NYY","FF","4-Seam Fastball",0.2,0,"159",44.9,"34","0.091","0.273","0.343",20.8,20.6,15.9,"0.157","0.365","0.389",46.7
"Bachar, Lake",669199,"MIA","FF","4-Seam Fastball",-1.4,-2,"150",32.4,"34","0.258","0.613","0.391",20,14.7,17.9,"0.206","0.45","0.313",53.8
"Lowder, Rhett",695076,"CIN","FF","4-Seam Fastball",0.3,0,"155",23.8,"34","0.25","0.357","0.35",10,8.8,7.1,"0.274","0.466","0.386",36
"Ginkel, Kevin",656464,"AZ","FF","4-Seam Fastball",-0.5,-1,"164",45.1,"33","0.323","0.548","0.392",17.9,24.2,17,"0.262","0.464","0.333",56.5
"Anderson, Grant",681982,"MIL","FF","4-Seam Fastball",2.2,3,"141",41.6,"33","0.143","0.214","0.236",25,18.2,11.1,"0.183","0.272","0.272",40.9
"Cecconi, Slade",677944,"CLE","CU","Curveball",-2,-3,"151",14.7,"33","0.25","0.5","0.353",34.5,24.2,12.1,"0.249","0.474","0.345",33.3
"Buehler, Walker",621111,"SD","SI","Sinker",2.1,3,"147",16.7,"33","0.207","0.241","0.259",8.9,21.2,20,"0.267","0.327","0.312",40.9
"Soto, Gregory",642397,"PIT","SI","Sinker",2.1,3,"157",35.6,"33","0.172","0.207","0.259",8.9,3,8.3,"0.301","0.386","0.347",39.3
"Kay, Anthony",641743,"CWS","ST","Sweeper",-0.7,-1,"218",20.6,"33","0.25","0.375","0.371",27.9,21.2,10.6,"0.207","0.324","0.32",31.6
"McLean, Nolan",690997,"NYM","ST","Sweeper",-3,-5,"167",16.5,"33","0.296","0.556","0.423",30.4,21.2,18.4,"0.231","0.367","0.335",25
"Varland, Louis",686973,"TOR","CU","Curveball",-0.1,0,"148",28.8,"33","0.281","0.313","0.277",32.9,39.4,21.7,"0.217","0.263","0.226",52.6
"Sulser, Cole",642121,"TB","CH","Changeup",-1.4,-2,"156",39.7,"33","0.25","0.357","0.308",32.3,24.2,14.5,"0.189","0.348","0.283",38.1
"Phillips, Tyler",663969,"MIA","ST","Sweeper",1.8,3,"150",23.9,"33","0.226","0.355","0.276",41.1,27.3,31,"0.178","0.345","0.25",31.8
"Kochanowicz, Jack",686799,"LAA","SL","Slider",0.7,1,"177",17.7,"32","0.08","0.08","0.194",37.5,21.9,20.6,"0.239","0.387","0.348",36.8
"Cruz, Steven",674444,"KC","FF","4-Seam Fastball",-1.4,-2,"146",55.9,"32","0.24","0.6","0.425",33.3,31.3,24.4,"0.212","0.379","0.35",40
"Leahy, Kyle",681517,"STL","CU","Curveball",-0.9,-1,"146",15.4,"32","0.233","0.333","0.275",31,31.3,20.8,"0.232","0.403","0.297",60
"Fermin, José",820862,"LAA","SL","Slider",2.1,3,"152",58,"32","0.138","0.172","0.189",40.5,34.4,17.7,"0.168","0.287","0.243",44.4
"Imanaga, Shota",684007,"CHC","ST","Sweeper",-0.6,-1,"149",13.7,"32","0.233","0.6","0.366",38.9,34.4,25.6,"0.205","0.457","0.304",31.6
"Ginn, J.T.",669372,"ATH","FC","Cutter",1.3,2,"159",17.2,"31","0.148","0.333","0.265",15.9,6.5,14.3,"0.27","0.459","0.361",36
"Whitlock, Garrett",676477,"BOS","SI","Sinker",0.8,1,"157",49.2,"31","0.214","0.321","0.277",15.7,16.1,11.9,"0.293","0.443","0.355",34.8
"Lorenzen, Michael",547179,"COL","CU","Curveball",-0.5,-1,"148",14.1,"31","0.31","0.483","0.342",24.6,12.9,13.3,"0.301","0.459","0.33",38.5
"Burrows, Mike",681347,"HOU","CU","Curveball",0.2,0,"154",15.2,"31","0.167","0.4","0.257",30,35.5,20,"0.22","0.484","0.307",42.1
"Buehler, Walker",621111,"SD","FF","4-Seam Fastball",0.8,1,"168",19.1,"31","0.321","0.321","0.329",6.6,3.2,2,"0.347","0.497","0.396",51.9
"Holmes, Clay",605280,"NYM","ST","Sweeper",2.1,3,"157",19,"31","0.143","0.143","0.184",35.9,54.8,34,"0.1","0.114","0.152",27.3
"Warren, Austin",681810,"NYM","ST","Sweeper",0.1,0,"153",48.4,"30","0.259","0.37","0.315",22,16.7,17.2,"0.306","0.429","0.354",36.4
"De Jesus, Enmanuel",646241,"DET","FF","4-Seam Fastball",-0.1,0,"149",38,"30","0.25","0.333","0.362",16.1,23.3,15.2,"0.262","0.399","0.356",61.1
"Imai, Tatsuya",837227,"HOU","FF","4-Seam Fastball",-0.5,-1,"181",39.7,"30","0.217","0.348","0.35",22.8,16.7,10.4,"0.241","0.412","0.377",50
"Moll, Sam",594580,"CIN","ST","Sweeper",1.7,3,"152",37,"30","0.143","0.25","0.203",36.5,36.7,35.5,"0.144","0.191","0.182",17.6
"Alcantara, Sandy",645261,"MIA","FC","Cutter",2.7,4,"154",13.3,"30","0.148","0.148","0.197",18.8,13.3,13.8,"0.19","0.264","0.248",21.7
"Weathers, Ryan",677960,"NYY","ST","Sweeper",1.5,3,"198",19.4,"29","0.143","0.25","0.186",45.8,48.3,35,"0.175","0.26","0.206",14.3
"Pérez, Eury",691587,"MIA","SL","Slider",0,0,"160",15.1,"29","0.16","0.44","0.309",40.6,24.1,13.7,"0.264","0.547","0.393",44.4
"Barlow, Scott",605130,"ATH","ST","Sweeper",1.2,2,"151",36,"29","0.125","0.125","0.245",34.4,13.8,11.4,"0.229","0.379","0.336",45
"Leahy, Kyle",681517,"STL","SL","Slider",0.6,1,"146",15.4,"29","0.36","0.44","0.4",15.9,6.9,14.3,"0.341","0.427","0.382",39.1
"Abel, Mick",690953,"MIN","FF","4-Seam Fastball",-0.3,0,"153",42.9,"29","0.391","0.522","0.46",33.8,24.1,15.9,"0.337","0.652","0.478",50
"Rodriguez, Eduardo",593958,"AZ","FC","Cutter",-1,-2,"148",14.2,"28","0.231","0.538","0.346",14.1,14.3,22.2,"0.329","0.673","0.443",45.5
"Gray, Sonny",543243,"BOS","CU","Curveball",-1.6,-2,"154",19.6,"26","0.318","0.545","0.454",31.7,19.2,16.1,"0.286","0.521","0.399",35.3
"Webb, Logan",657277,"SF","ST","Sweeper",-0.8,-1,"165",20.2,"25","0.318","0.545","0.408",21.3,32,24.2,"0.271","0.496","0.37",42.9
"Skenes, Paul",694973,"PIT","ST","Sweeper",0.6,1,"161",15.5,"25","0.125","0.25","0.216",25,28,17.5,"0.176","0.281","0.217",23.5
"Abbott, Andrew",671096,"CIN","CU","Curveball",0.3,0,"146",13.6,"24","0.174","0.304","0.171",25,12.5,23.1,"0.235","0.362","0.277",30
"Suarez, Ranger",624133,"BOS","FF","4-Seam Fastball",2.4,4,"155",18.9,"23","0.056","0.056","0.191",16.4,21.7,13.5,"0.172","0.307","0.312",30.8