"last_name, first_name","pitcher","ff_avg_speed","si_avg_speed","fc_avg_speed","sl_avg_speed","ch_avg_speed","cu_avg_speed","fs_avg_speed","kn_avg_speed","st_avg_speed","sv_avg_speed"
"Alcantara, Sandy","645261","97.3","97.2","89.9","85.1","90.8","83.1",,,"84.3",
"Soriano, José","667755","97.7","96.7",,"90.4",,"85.6","92.6",,,
"Sánchez, Cristopher","650911",,"95",,"85.7","86.5",,,,,
"Luzardo, Jesús","666200","97.1","96",,,"86.4",,,,"86.3",
"Detmers, Reid","672282","94","93.5",,"86.3","83.4","72.5",,,,
"Peralta, Freddy","642547","93.9",,,"83","87.3","79.1",,,,
"Lugo, Seth","607625","91.6","91.4","89.8","84.1","84.6","75.8",,,"78.6","77.5"
"Williams, Gavin","668909","96.6","95.9","92",,,"82.5",,,"87",
"Griffin, Foster","656492","91.4","91","87.8",,"82.5","77.9","81.1",,"79.7",
"Kirby, George","669923","96.7","96.9","93",,"88.7","83.8",,,"87",
"Gausman, Kevin","592332","93.9",,,"84.3",,,"84",,,
"Gilbert, Logan","669302","95.4","93.8","91.2","86.2","85.4","80.3","81",,,
"King, Michael","650633","94.1","92.6",,"84.6","86.3",,,,"82",
"Imanaga, Shota","684007","91.8","90.2",,,,"74.6","83.3",,"81.6",
"Severino, Luis","622663","96.9","96.3","94.3","86.9","86.6",,,,"84.9",
"Messick, Parker","800048","93.8","92.1","90.7","86.9","85.4","79",,,,
"Cease, Dylan","656302","97.8","96.3",,"89.3","84.4","82.7",,,"84.2",
"Meyer, Max","676974","95","93.5",,"90.3","87.5",,,,"88.5",
"Schlittler, Cam","693645","97.8","97.3","94.1","89.4",,"84.5",,,"89.3",
"Abbott, Andrew","671096","92.7",,"86.7",,"86","79.7",,,"82",
"Valdez, Framber","664285","95.2","94",,"85.9","89.1","78.5",,,,
"Baz, Shane","669358","96.3","95.6","89.6",,"88.9","85.4",,,,
"Pérez, Eury","691587","98.2","97.6",,"87.8","89.8","80.9",,,"83.3",
"Gore, MacKenzie","669022","95.3","95.1","90","85.9","86.8","81.8",,,,
"Kay, Anthony","641743","95.8","94.9","91","85","85.9",,,,"82.5",
"Springs, Jeffrey","605488","91.3",,"88.8","83.7","79.4",,,,"76.3",
"Bibee, Tanner","676440","94.1","94","86",,"81","77.9",,,"83.7",
"Lorenzen, Michael","547179","94.2","93.5","90.5","86","84.6","82.8",,,"82.9",
"Flaherty, Jack","656427","92.4","90.5",,"84.7","84.7","78.1",,,,
"Ray, Robbie","592662","93.2","92.8",,"85.2","85.6","78.9",,,,
"Roupp, Landen","694738","92.8","93.3","88.2",,"87.1","76.6",,,,
"Keller, Mitch","656605","93.4","92.2","90.1","87.7","88.9","78.3",,,"82.3",
"Rodriguez, Eduardo","593958","91.9","91.4","88.5",,"85.7","79",,,,
"Sale, Chris","519242","95.6","95",,"78.9","87.6",,,,,
"Skenes, Paul","694973","97.2","96.8",,"86.5","88.9","81.8","93.5",,"84",
"Woo, Bryan","693433","95.6","95.3",,"86.4","89.6",,,,"84.3",
"Elder, Bryce","693821","92.6","91.5","88.8","83.2","85.8",,,,,
"Ober, Bailey","641927","88.5","88.6",,"82.5","83","73",,,"76.6",
"Ryan, Joe","657746","93","92.8",,"85.7",,"78.4","87.2",,"79.5",
"Bradish, Kyle","680694","93.9","94.6",,"86.9",,"84.3",,,,
"Leiter, Jack","683004","96.7","95.7","93","86.6","89.9","81.7",,,,
"Cecconi, Slade","677944","93.2","93.3","87.9",,"81.5","74.9",,,"81.5",
"Weathers, Ryan","677960","95.6","93.8",,"87","85.2",,,,"81",
"Nelson, Ryne","669194","96.3","95.5","92.9","88.4",,"80.6",,,,
"Gallen, Zac","668678","93.5","92.7",,"88.5","86.5","81.7",,,,
"Burrows, Mike","681347","94.9","94.5",,"89.8","86.9","79.5",,,,
"Wacha, Michael","608379","92.9","93.1","88.9","85.3","80.3","76",,,,
"McLean, Nolan","690997","96.1","94.8","91.6",,"87.9","81.3",,,"84.6",
"Cavalli, Cade","676917","96.5","95.9",,,"89","85.2",,,"85.4",
"Eovaldi, Nathan","543135","94.6","93.5","90.7","86.7",,"76.5","88.4",,,
"Cantillo, Joey","676282","91.8",,"87.5","83","80.3","79.3",,,,
"Hancock, Emerson","676106","95.1","94.7","85.5",,"87.3","76.2",,,"77.4",
"Martin, Davis","663436","94.2","92.8","89.5","87.3","90.4","82",,,,
"Rea, Colin","607067","93.8","92.4","87","85.8",,"79.7","87.6",,"82.7",
"Kochanowicz, Jack","686799","96.1","95.6",,"85.6","89.9",,,,,
"Misiorowski, Jacob","694819","99.8",,,"94.5","92.7","87.4",,,,
"Taillon, Jameson","592791","91.7","91.9","86",,"84.3","78.8",,,"80",
"Pallante, Andre","669467","95","95.1",,"87.5",,"77.6","87.6",,,
"Burns, Chase","695505","98",,,"90.9","90","81.9",,,,
"Soroka, Michael","647336","93.6","93.3","89.1",,"85.8",,,,,"80.6"
"Early, Connelly","813349","93.8","92.2",,"86.8","83.5","79.9",,,"82.1",
"Ashcraft, Braxton","677952","97","96.6",,"91.9",,"85","91.5",,,
"Vásquez, Randy","681190","94.9","94.7","90.1","86.2","88.1","84.1",,,"84.4",
"Castillo, Luis","622491","94.9","95.2","92.3","85.1","87.4",,,,,
"Burke, Sean","680732","94.2","94.3","90.1","86.8","85.9","79.5",,,,
"Warren, Will","701542","93.7","93.5",,,"86.8","81.3",,,"84.3",
"Nola, Aaron","605400","92.1","91.2","86",,"85.6","78.3",,,,
"Mahle, Tyler","641816","92.2","91.9","88","84.6",,,"85.3",,,
"Bradley, Taj","671737","96.7",,"89.4",,,"81.5","90.8",,,
"deGrom, Jacob","594798","97.1","96.4",,"91.1","89.9","81.3",,,,
"McGreevy, Michael","700241","91.4","90.3","86.4","83.4","86.6","77.6",,,"81.2",
"May, Dustin","669160","96.9","96.6","93.3",,"90.2","83.2",,,"85.9",
"Yamamoto, Yoshinobu","808967","95.7","95.1","91.1","86.9",,"76.7","91.3",,,
"Junk, Janson","676083","94.3","93.4",,"86.4","87.3","80.7",,,"80.1",
"Irvin, Jake","663623","92.9","91.9","88.4",,"84.3","77.5",,,"81.2",
"Leahy, Kyle","681517","93.8","93.6",,"89.1","87.9","82.5",,,"84.5",
"Liberatore, Matthew","669461","94.5","94.5","90.7","86.6","88.7","79.1","87.5",,,
"Bello, Brayan","678394","94.4","94.7","87.1",,"88.3","83.4",,,"85.5",
"Chandler, Bubba","696149","98.5","98",,"90","92.1","86.8",,,"87.6",
"Mlodzinski, Carmen","669387","94.8","94.2",,"90.2",,"83.6","85.3",,"83.4",
"Fedde, Erick","607200","93.9","93.6","89.9",,"88.7",,,,"81.6",
"Rocker, Kumar","677958","94.3","94.3","90","83.5","88.9",,,,,
"Rasmussen, Drew","656876","96","95.6","90.3",,"89.8","81",,,"84.9",
"Martinez, Nick","607259","92.7","92.5","89.2","86.4","78.7","80",,,,
"Houser, Adrian","605288","95.5","94.7",,"88.2","85.3","82.2",,,,
"Civale, Aaron","650644","91.1","91","87.4","82.1",,"76.7","83.6",,,
"Ginn, J.T.","669372","94.2","94.2","91.4","85.8","88.5",,,,,
"Sugano, Tomoyuki","608372","92.2","92.2","88.8","85",,"79.8","87.1",,"83.8",
"Bassitt, Chris","605135","91.6","91.9","89.6","79.4","85","71.1",,,"73",
"Lopez, Jacob","682052","90.5","89.7","86.4","77.3","83.4",,,,,
"Fried, Max","608331","94.7","93.1","92","85.2","85.5","73.9",,,"79.9",
"Singer, Brady","663903","90.5","91.1","86.7","82.5",,,,,"81.1",
"Holmes, Grant","656550","94.4","93.4","91.9","85.4","89.7","83.1",,,,
"Wrobleski, Justin","680736","93.8","92.8","90.8","85.9","86.2","73.9",,,"81.6",
"Sasaki, Roki","808963","97.1",,,"86.4",,,"90.2",,,
"Peterson, David","656849","92.2","91.9",,"86.2","85.8","81",,,,
"Harrison, Kyle","690986","94.9","94.2",,,"86.3",,,,,"82.1"
"Buehler, Walker","621111","93.9","93.8","90","86.7","88.9","77.5",,,"82.9",
"Sheehan, Emmet","686218","94.2",,,"86.6","85","75.6",,,,
"Sproat, Brandon","687075","96.7","96.2","93.1",,"91.4","83",,,"86.6",
"Cabrera, Edward","665795","95.7","95.9",,"88.5","92.6","84.5",,,,
"Cameron, Noah","702070","92.2","91.8","89.4","85.2","81.5","81.5",,,,
"Rogers, Trevor","669432","93","93","82.1",,"87",,,,"78.1",
"Woods Richardson, Simeon","680573","92.7",,,"86.2",,"76.8","86.7",,,
"Ohtani, Shohei","660271","97.8","95.8","91.9","87.4",,"74.6","88.7",,"84.6",
"Mikolas, Miles","571945","93","92.5",,"87.3","85.7","76.4",,,"81.4",
"Littell, Zack","641793","91.6","91.1",,"87.9",,,"83.9",,"79.2",
"Painter, Andrew","691725","96.5","95.1",,"88.1",,"81.1","87.1",,"83",
"Paddack, Chris","663978","92.9","92.9","85.9",,"84.8","76.9",,,"79.3",
"Holmes, Clay","605280","94.6","93.7","88.7",,"88.8","81.6",,,"82",
"Suarez, Ranger","624133","91.8","90.6","88.2","78.3","81.3","75.4",,,,
"Webb, Logan","657277","92.6","92.3","90.4",,"86.1",,,,"84.3",
"Bubic, Kris","663460","91.8","91.2",,"85.3","85.9",,,,"82.4",
"McClanahan, Shane","663556","95.4",,,"88.1","86.9","82.1",,,,
"Pérez, Martín","527048","90.3","89.9","86.2",,"82.7","77.3",,,,
"Montero, Keider","672456","94.2","94.6",,"85.3","87.2","80.5",,,,
"Gray, Sonny","543243","91.8","92.2","88.6","84.8","86.2","79.8",,,"84.8",
"Corbin, Patrick","571578","91","91.3","86.1","78.5","77.9","65.6",,,,
"Freeland, Kyle","607536","91.3","91.7","87",,"86.3","82.1",,,"82.3",
"Lambert, Peter","663567","94.4","93.8","92.3","85.8","88",,,,,"81.2"
"Ureña, Walbert","700712","97.7","97.7",,,"91",,,,"86.2",
"Brown, Ben","676962","96.6","96.7",,,"90.3","87.2",,,,
"Kelly, Merrill","518876","91.8","92.3","91","86.3","88.2","82",,,,
"Arrighetti, Spencer","681293","92.5","92.3","87.2",,"84.1","76.5",,,"78.7",
"Dollander, Chase","801403","98.9","98.2",,"87.6","90.5","79.8",,,"85.7",
"Matz, Steven","571927",,"93.3",,"82.4","82.8","78",,,,
"Patrick, Chad","694477","94.6","94.5","89.3",,"88.3",,,,,"85.3"
"Lauer, Eric","641778","90.5",,"86.5","82.6","83.4","75.2",,,,
"Mize, Casey","663554","93.3","93.2",,"87.6",,,"87.4",,,"81.7"
"McCullers Jr., Lance","621121","91.6","91.3","89.1",,"85.5","81.6",,,"82.3",
"Young, Brandon","687064","94.1","93.2",,"83.1",,"74.4","86.2",,,
"Quintana, Jose","500779","89.7","89.9",,,"85.1","78.9",,,,"80.3"
"Teng, Kai-Wei","678906","94.2","93.6",,"85.8","87.5","82.6",,,"84.6",
"Schultz, Noah","702273","95.4","95.2","89.4",,"89.5",,,,"82.8",
"Lowder, Rhett","695076","93","92.4",,"84.9","86.1",,,,,
"Wheeler, Zack","554430","95","94.5","91.1",,,"79.9","87",,"81.1",
"Manaea, Sean","640455","90.2","89.7","83.9",,"83",,,,"74.5",
"Ragans, Cole","666142","94.9",,"89.7","85.1","84.2","79.3",,,,
"Blubaugh, AJ","805123","95.6",,"88.5",,"85.9","80.5",,,"83.8",
"Phillips, Tyler","663969","96.6","96.1",,,,"84","87.8",,"84.5",
"Skubal, Tarik","669373","96.6","96.4",,"89.3","86.6","79.9",,,,
"Lord, Brad","695418","94.6","94.4",,"85.4","85.9",,,,"83.4",
"Yesavage, Trey","702056","94.3",,,"88.5",,,"82.7",,,
"Prielipp, Connor","687570","95.1","94.5",,"87","86.4","81.8",,,,
"Anderson, Drew","623454","95.1",,,"86.8","89.6","79.8",,,,
"Ashby, Aaron","676879","97","97.3",,"84.9","91.4","83.2",,,,
"Scholtens, Jesse","669947","93.1","92",,"88.2",,,"84",,"80.2",
"Glasnow, Tyler","607192","95.3","95.7",,"89.3",,"81.2",,,,
"Agnos, Zach","688642","94.5","93.8","92","85.1",,,"86.2",,"83.8",
"Pfaadt, Brandon","694297","93.5","93.3","90.3",,"86.9","81.9",,,"83.9",
"Tolle, Payton","801139","96.3","95.1","88.9",,"88.5","82.4",,,,
"López, Reynaldo","625643","94",,,"83.4","84.1","73.8",,,,
"Kikuchi, Yusei","579328","95.4",,"90.2","86.9",,"78.7","86.7",,,
"Watson, Ryan","670245","94","93.3","90.3","85.8",,"82.5","89",,"84.7",
"Scott, Christian","681035","95.5","92.4","89","82.9",,,"83.8",,"81.1",
"Phillips, Connor","683175","98.3",,,,,"87.5",,,"86.1",
"Suter, Brent","608718","86.9","88.4",,"77.2","75.6",,,,,
"Harris, Hogan","663687","95",,"92.3","85.7","84.2","74.2",,,,
"Weiss, Ryan","680802","95.2","93.1",,,"89.1","80.8",,,"83.8",
"Marinaccio, Ron","676760","93.7",,"86.5",,"81.5",,,,"82.2",
"Ramírez, Yohan","670990","96.2","96",,,,"84.4",,,"84",
"Suarez, José","660761","92.9","91.7","87.6","81.6","83.2",,,,,
"Taylor, Grant","691799","98.3","99","95.3","89.5",,"84.2",,,,
"Crochet, Garrett","676979","95.8","95.2","90.9",,"88.2",,"84.9",,"83.4",
"Williamson, Brandon","682227","92.5","92.8","88.4",,"85","74.6",,,"80.2",
"Newcomb, Sean","656794","94.4","93","90.6",,"86.7","80.5",,,,"82.1"
"Gordon, Tanner","685299","93.1","92.2",,"86.6","84.8","80.2",,,,
"Miles, Spencer","693686","96","96.1",,"87.3","86.2","80.5",,,,
"Mejia, Juan","675848","97.6","96.1",,"88.5","92.9",,,,"84.5",
"Varland, Louis","686973","98.4","96.7",,"91.5","92.7","87.1",,,,
"Márquez, Germán","608566","94.3","93.6",,"87.8","86.7","85",,,,
"Hoffman, Jeff","656546","96.8","96.2",,"87.4",,,"90",,,
"Zeferjahn, Ryan","666171","97","96",,"88.4",,,,,"85.2",
"Fisher, Braydon","680755","94.7",,"92.6","88.7",,"81.4",,,,
"Jax, Griffin","643377","96.4","96","92.9",,"91.9","85.7",,,"88.5",
"Svanson, Matt","694335",,"96.2","92",,,,,,"86.7",
"Parker, Mitchell","680730","93.6",,,"83.2",,"78.9","84.6",,,
"Hall, DL","669084","94.5","94.8","90.7","86.4","85.4","80.7",,,"84.1",
"Brubaker, JT","664141","93.4","93.8",,"87.2","88.7","82.1",,,,
"Bruihl, Justin","677865","91.6","90.3","88",,"80.5",,,,"78.4",
"Smith, Cade","671922","96.6",,,,,,"86.4",,"85",
"Morán, Jovani","663558","92.3","93.1","84.8",,"83.2","79",,,"79.1",
"Bachar, Lake","669199","94.9",,,"90.3",,"85.7","83.6",,"86.3",
"Seymour, Ian","693855","91.7","90.2","86.9","82.3","83.3",,,,"81.6",
"Morejon, Adrian","670970","99.1","99.4",,"88.9","92",,,,,
"Stanek, Ryne","592773","98.2","97.2",,"88.9",,,"89.8",,"83.4",
"Myers, Tobias","668964","92.7",,"86.7","81.7",,,"80",,,
"Kolek, Stephen","663568","94.1","93.5","89.9","85.1","87.2",,,,"79.8",
"Imai, Tatsuya","837227","94.7","94.7",,"86.9","87","77.6","84.6",,,
"Poulin, PJ","676571","90.1","88.9",,,"80.3",,,,"79.1",
"Ashcraft, Graham","668933",,,"98","90.6",,,,,,
"Hudson, Bryan","663542","91.9","89.9","84",,,,,,"81",
"Ritchie, JR","702275","94.2","93.6","89.9","85","88.5","82.6",,,,
"Strider, Spencer","675911","95.2",,,"84.3","85.4","78.3",,,,
"Webb, Jacob","657097","93.9",,,,"85.5","81.7",,,"83.4",
"Sterner, Justin","686993","93.2",,"88.2",,,,,,"81.3",
"Bednar, David","670280","95.8",,,,,"76.6","90.8",,,
"Banda, Anthony","607455","94.3","93.6",,"84","87.1",,,,,
"Peralta, Wandy","593974","96","95.8",,"89.8","89.5",,,,,
"Nunez, Anthony","689296","96.1","95.7","90.3",,"87.1",,,,"86",
"Romero, JoJo","668941","94.2","93.8",,,"87.1",,,,"83",
"Pallette, Peyton","688883","95.4",,,"85.6","87","81.6",,,,
"Lange, Alex","656638","95.6","95.2","91.1","87.4","90.3",,,,,
"Soto, Gregory","642397","96.9","96.1",,"83.1",,,"87.6",,"82.3",
"Senzatela, Antonio","622608","97.2","96.1","91.8","85.8","90.9","83",,,,
"Rodriguez, Bradgley","699134","98.1","97.6","87.8",,"89.2",,,,,
"King, Bryan","687911","91.8","91.1",,,"85.6",,,,"80.8",
"Perkins, Jack","678022","96.2","95","92.6",,"89.9",,,,"86",
"Orze, Eric","679358","92.3",,,"86.8",,"82.1","83.2",,,
"Bazardo, Eduard","660825","94.9","94.8",,,,,"90.4",,"82.9",
"Gómez, Yoendrys","672782","95","93.9","90.3",,"90.7",,,,"83.7",
"Brazobán, Huascar","623211","96.5","95.9","90.1","85.9","90.5",,,,,
"Bachman, Sam","696147",,"98.6",,"88.9","91.7",,,,,
"Holton, Tyler","663947","91.3","90.9","87.3",,"83.8","79.1",,,"79.9",
"Boyd, Matthew","571510","92.5","91.5",,"83.8","79.4","73.5",,,,
"Morris, Andrew","702193","95.9","95.4","88.7",,"86.6","73.8",,,"81.7",
"Drohan, Shane","675660","94.9","94.8","90.4","86.1","85","80.2",,,,
"Headrick, Brent","687396","94","93.1",,"83.5",,,"84.9",,,
"Burke, Brock","656271","96.2","93.3",,"86.3","87.8",,,,,
"Finnegan, Kyle","640448","96.3",,,"86",,,"87.7",,,
"Walker, Taijuan","592836","91.9","91.8","86.6","81.1",,"74.4","86.8",,,
"McDonald, Trevor","686790",,"93.8","93.6","86.4","84.1",,,,,
"Alexander, Tyler","641302","91.3","90.9","87.7",,"84.1",,,,"79.7",
"Avila, Luinder","679883","96.3","96.4",,"87.7","89.5","82.6",,,,
"Sisk, Evan","681895","91.4","90.7",,,"83.5","77.1",,,"80",
"Barlow, Scott","605130","89","89",,"82.3",,"76.1",,,"79.1",
"Santana, Dennis","642701","94.1","93.8","90.6","85.7","87.6",,,,,
"Assad, Javier","665871","93.1","93","88","84.8","86.3","78.3",,,"80.5",
"Wells, Tyler","669330","93.4",,"89.8","86.6","87.2","78",,,,
"Woodruff, Brandon","605540","92.1","92.5","88.1",,"82.7","76",,,"79.2",
"Keller, Brad","641745","97","96.7",,"86.9","92.7",,,,"85.7",
"Miller, Mason","695243","101.2","100.9",,"87.8","96.1",,,,,
"Mayza, Tim","641835","94.5","94.2",,"87.1",,,"90.9",,,
"Moll, Sam","594580","92.1","91",,,"84.6",,,,"80.7",
"Lee, Dylan","669276","93.3",,,"83.4","85.3",,,,,
"Domínguez, Seranthony","622554","97.1","97.5",,,,"83.4","85.6",,"84.9",
"Kinley, Tyler","641755","94.6",,,"87",,"82.9",,,,
"Medina, Luis","665622","96.9","96.7",,"87","89.3","80",,,,
"Waldron, Matt","663362","91.9","91.6","88.2",,,,,"80.5","81.2",
"Erceg, Lucas","668674","97.2","96.7",,"84.3","89.4",,,,,
"Ferrer, José A.","678606","95.7","97",,"87.8","86.7",,,,,
"Lovelady, Richard","663992","91.5","91.4",,"86.7",,,,,"81.7",
"Blackburn, Paul","621112","93.9","94","91.4","85","87.1","80.6",,,"83.4",
"Baker, Bryan","641329","96.9",,,"87.7","85.3",,,,,
"Criswell, Cooper","681867","91","91.1","87.1",,"85.5",,,,"78.8",
"Festa, Matt","670036","91.9","92.1","90.6",,,,,,"82.6",
"Sulser, Cole","642121","92",,"86.9",,"83.4",,,,"81.3",
"O'Brien, Riley","676617",,"98.4",,"91.5","90.6",,,,"83.8",
"Latz, Jacob","656641","94",,,"85.2","84.7","79.7",,,,
"Cruz, Fernando","518585","93.2","92.5",,"82.3",,,"80",,,
"Kilian, Caleb","668873","96.7","95.7",,"88.1",,"80.7",,,,
"De Jesus, Enmanuel","646241","93.9","93.8","85.4","80.2","87.5",,,,,
"Bolton, Cody","675989","94.8","94.5","90.7",,"89.5","79.3",,,"82.1",
"Lawrence, Justin","664875","95.8","95.6",,,,,,,"82.1",
"Okert, Steven","595345","91","91.1",,"80.8",,,,,,
"Alvarado, José","621237","97","98.1","91.8",,,"86",,,,
"Leiter Jr., Mark","643410","92.3","92.2","89.7","82.5",,"74","84.2",,,
"Feltner, Ryan","663372","94.9","94.4",,"89.2","85.3","79.5",,,"83.9",
"Canning, Griffin","656288","94.4","94","89.6","87.4","90","80.7",,,"86.1",
"Weaver, Luke","596133","94.9",,"90.4",,"87.7",,,,,
"Milner, Hoby","571948","87.4","86.9",,,"80.7",,,,"78.3",
"Graceffo, Gordon","700669","95.6","95",,"89.2","88.2","83.2",,,,
"Fuentes, Didier","800311","97.1",,,"86.7",,,"89.7",,,
"Montgomery, Mason","682254","98.3","98.9",,"89.4","91.4","87",,,,
"Muñoz, Andrés","662253","98.4","98.2",,"86.7","91.4",,,,,
"Fluharty, Mason","689254",,,"90.9",,"86.8",,,,"82.3",
"Banks, Tanner","621383","91.9","91.1",,"86.8","83.7",,,,"81.7",
"Borucki, Ryan","621366",,"93.5","90.6","86.1",,,"83",,"80.8",
"Nardi, Andrew","677053","94.6","94.2",,"85.8","89.7",,,,"82.7",
"Faucher, Calvin","676534","96.5","96.1","92.6","88.7",,"85.5",,,"87.4",
"Weissert, Greg","669711","93.7","93.8",,"85.2","85.2","81.5",,,"81.5",
"Rogers, Tyler","643511",,"83",,"73.5",,,,,,
"Suarez, Robert","663158","98.7","98","96.1",,"90.8",,,,,
"Gage, Matt","657424","92.3","92.9",,"84.2","85.1",,,,,
"Rogers, Taylor","573124",,"91.5","87.8",,,,,,"78.1",
"Abreu, Bryan","650556","94.8",,,"86.2",,,,,,
"Morillo, Juan","666661","98.7","98.5",,"84.3","92.6",,,,,
"Kerkering, Orion","689147","97.3","96.4",,,,,"92.6",,"87.2",
"Lynch IV, Daniel","663738","94.6","94.3",,"86.9","86","81.6",,,,
"Johnson, Pierce","572955","95",,,,,"86.1",,,,
"Senga, Kodai","673540","96.1","88.5","89.6","85",,"66.9",,,"80",
"Ginkel, Kevin","656464","94.8","93",,"84.9",,,,,,
"Soriano, George","666277","96.8","96.3",,"87.8","89.9",,,,"85.7",
"Winn, Keaton","676775","96.4","95.6",,"88.7",,,"89.3",,,
"Klein, Will","694361","97.8",,,"90.6",,"85",,,"88.9",
"Schreiber, John","670167","92.8","92.4","88.7",,"86.1",,,,"81.3",
"Lodolo, Nick","666157","94.3","94.2",,,"88.6","82.4",,,,
"Hurter, Brant","676428","92.1","92.2",,,"87.7",,,,"81.8",
"Bernardino, Brennan","657514","90.3","89.9","86.3",,"80.4","77.7",,,,
"Topa, Justin","623437",,"93.4","91.4",,"86.2",,,,"81.6",
"Sabrowski, Erik","681870","94.1",,,"86.2",,"81.4",,,,
"Abel, Mick","690953","94.8","93.7",,"87.1","87.4","80.5",,,"83.5",
"Mattson, Isaac","676755","93.8",,,"86","85.8","83.3",,,,
"Quantrill, Cal","615698","93.7","94.1","87.9",,,"78.6","85.8",,,
"De Los Santos, Enyel","660853","94.9",,,"86","85.7",,,,,
"Kelly, Kevin","687330","92.7","91.4","89.1",,"85.9",,,,"78.1",
"Henderson, Logan","701656","93.1",,"87.4","80.7","83.2",,,,,
"Rodón, Carlos","607074","94.2","93.4",,"86.3","85.3","78.1",,,,
"Beeks, Jalen","656222","93.4",,"81.3",,"87.8",,,,,
"Legumina, Casey","668984","93.4","93.2",,"84.6","87.3",,,,"79.7",
"Varland, Gus","681402","95.2",,,"87.6","92.2",,,,,
"Santillan, Tony","663574","94.3",,,"85.2",,,,,,"84.2"
"Schultz, Paxton","687606","93.7",,"88.7","85","86.5",,,,,
"Hill, Jaden","677955","97","97.6",,"88","85.6",,,,,
"Miller, Erik","669062","96.9","96.9",,"86.2","87.8",,,,,
"Silseth, Chase","681217","96.1","95.5",,,,,"88",,"86.7",
"Maton, Phil","664208",,"89.2","89.4",,,"75.5",,,"83.2",
"Vesia, Alex","681911","91.3",,,"83.6","82.1",,,,,
"Scott, Tanner","656945","96.4",,,"89.5",,,,,,
"Bender, Anthony","669622","96.7","96.4",,"86.3","88",,,,"83.4",
"Raley, Brooks","548384",,"89.8","86.2",,"84.1",,,,"80.7",
"Scherzer, Max","453286","93",,"88.7","86.4","84.2","76.2",,,,
"Williams, Devin","642207","93.6",,,"88.8","84.6",,,,,
"Dreyer, Jack","676263","93.2",,,"88.3",,"80.5",,,,
"Mears, Nick","683232","94.8","93.8",,"84.6","84.5","81.4",,,,
"Farris, Mitch","815083","91.6",,"88.2","81","78.9",,,,,
"Garcia, Rico","670329","95.4",,,"88.4","86.3","85.7",,,,
"Petersen, Michael","656848","97.3",,,"86","88.3",,,,,
"Kuhnel, Joel","669270","94.5","94.2","90.8","88.2","90.3","80",,,,
"Anderson, Grant","681982","93.3","92.4",,,"85.5",,,,"80.4",
"Doval, Camilo","666808",,"97.7","98.2","88.3","95.4",,,,,
"Gil, Luis","661563","95","94.5",,"85.4","89.8",,,,,
"Uribe, Abner","682842",,"98.3",,"86.6",,,,,,
"Loáisiga, Jonathan","642528","97.2","97.4",,,"90.3","88.8",,,,
"Vodnik, Victor","680767","98.7","98.9","92.9","88.3","92.8",,,,,
"Winn, Cole","668390","95","93.7","90.6","85.6",,,"86.9",,,
"Woodford, Jake","663765","93.4","93.8","90.3","86.1","85.5",,,,"82",
"Clarke, Taylor","664199","94.4","95.1","93.9","88.2","89.6",,,,,
"Junis, Jakob","596001","91.8","91.5",,"81.6","86.5",,,,,
"Herrin, Tim","682120","94.3","93.6",,"86.6","87.8","80.3",,,,
"Megill, Trevor","656730","97.5",,,,,"87.5",,,,
"Hicks, Jordan","663855","97.9","98.4",,,,,"88",,"87.4",
"Vest, Will","676684","95.5","95",,"87.5","89",,,,,
"Bigge, Hunter","685801","96.5",,,"88.7",,"80.3","87.7",,,
"Sewald, Paul","623149","91.4",,,,,,,,"83.1",
"Suárez, Albert","544150","93.3",,"85",,"84.6","77.9",,,,"81"
"Whitlock, Garrett","676477",,"94.6",,"85.5","84.4",,,,,
"Bido, Osvaldo","674370","94.4","94.9",,"87.1","89.4",,,,"85.2",
"Yarbrough, Ryan","642232","87.7","87.1","84.8",,"77.8",,,,"71.9",
"Warren, Austin","681810","93.7","93.8","87.8",,"87.9","84.3",,,"84.9",
"Bird, Jake","656234","94.1","94.8",,,,"80.9",,,"84.5",
"Leasure, Jordan","673929","95.8","95.6",,"87.2",,,"87.1",,,
"Henriquez, Edgardo","683618","100.2","100.4","94.9","87.9",,,,,,
"Adam, Jason","592094","93.4",,,"84.3","87.9",,,,"77.3",
"Nance, Tommy","667297",,"94.7",,"88.4",,"84.6",,,,
"Pérez, Cionel","672335","96.2","95.5",,,,"85.4",,,,"85.1"
"Seabold, Connor","657756","93.5",,"87.5","83.3","82.8",,,,,
"Holderman, Colin","670059","96.8","96.8","90.4",,,"82.6",,,"85.6",
"Povich, Cade","700249","91.9","91.4",,"86.5","84.8","76.1",,,,
"King, John","667463","90.5","90.7",,"82.4","82.9","78.9",,,"81.4",
"Franco, Jose","683742","95.1",,,"85","88.2",,,,,
"Alexander, Jason","669920","91.5","91","85.4","81.8","80.4",,,,"78.6",
"Bowlan, Jonathan","680742","97.2","97.5",,"86.7","90.3","82.4",,,"84.8",
"Walker, Ryan","676254","95","95.4",,"82.8",,,,,,